SA2_CODE21,SA2_NAME21,STE_NAME21,bev_count_2025,layer1_optimistic_npv,layer1_base_npv,layer1_conservative_npv,layer2_optimistic_npv,layer2_base_npv,layer2_conservative_npv,n_positive_layer1,n_positive_layer2,classification,total_plugs_2025,total_fleet_2025,capex_per_plug,ac_ratio,bev_per_plug_2025,plugs_needed_base,plugs_needed_optimistic,capex_gap_base,has_gap
101021007,Braidwood,New South Wales,34.0,145746.60817000657,54498.43805524698,31847.53910252031,139666.6810840433,52486.44225036231,31476.52728789051,3,3,Robust — viable even without subsidy,5.0,4430.0,24500.0,0.5,6.8,0.0,0.0,0.0,False
101021012,Queanbeyan West - Jerrabomberra,New South Wales,140.0,149995.37311986406,22295.216325536116,-54653.15620517727,248766.13247175002,-19623.207669929674,-165776.01145821036,2,1,Mixed — sensitive to cost assumptions,0.0,7078.0,18848.0,0.657,,10.0,6.0,188480.0,True
101021611,Queanbeyan Surrounds,New South Wales,109.0,225599.74650406122,208424.57449198043,196070.33057851237,422178.1416821148,330086.98497882666,289430.8647736328,3,3,Robust — viable even without subsidy,10.0,6387.0,6500.0,1.0,10.9,0.0,0.0,0.0,False
101031013,Bombala,New South Wales,4.0,-3394.8676522225633,-17019.807700335637,-23578.039627198836,-2207.4175038507547,-2643.7593220714275,-7452.282856514177,0,0,Not viable under any scenario,0.0,2125.0,18848.0,0.657,,1.0,1.0,18848.0,True
101031014,Cooma,New South Wales,41.0,212540.5795497809,202108.07705074674,189273.21357830742,131918.83118369163,125980.05981563222,118652.50485979125,3,3,Robust — viable even without subsidy,22.0,8519.0,30500.000000000004,0.3333333333333333,1.8636363636363635,0.0,0.0,0.0,False
101031015,Cooma Surrounds,New South Wales,10.0,6281.907821528501,6013.932353871969,5682.693805067958,28440.281086377756,27138.2739826828,25532.5501498832,3,3,Robust — viable even without subsidy,7.0,1585.0,6500.0,1.0,1.4285714285714286,0.0,0.0,0.0,False
101031016,Jindabyne - Berridale,New South Wales,36.0,-57489.80829430354,-55294.57779258028,-52572.12895294036,36559.049610835624,34453.2593503412,31871.1181121497,0,3,Robust — viable even without subsidy,54.0,7105.0,11300.0,0.8666666666666667,0.6666666666666666,0.0,0.0,0.0,False
101041020,Bega-Eden Hinterland,New South Wales,167.0,698004.266013482,665713.8291508892,625901.6146438083,605004.6821590737,578161.0361211614,545026.2594516868,3,3,Robust — viable even without subsidy,60.0,29065.0,9500.000000000002,0.9166666666666666,2.783333333333333,0.0,0.0,0.0,False
101041022,Deua - Wadbilliga,New South Wales,120.0,403128.83561896055,384964.447208418,362548.3723789358,441850.81543950073,422282.87068948324,398127.6416182829,3,3,Robust — viable even without subsidy,40.0,21403.0,8617.64705882353,0.9411764705882353,3.0,0.0,0.0,0.0,False
101041024,Eurobodalla Hinterland,New South Wales,99.0,440652.44491943147,419960.92545933975,394466.81374223065,359955.675355635,343991.3872780378,324285.438888734,3,3,Robust — viable even without subsidy,35.0,16251.0,24500.0,0.5,2.8285714285714287,0.0,0.0,0.0,False
101051540,Goulburn Surrounds,New South Wales,187.0,833069.7966342316,792779.2168316373,743202.1337340344,687027.104932571,656593.4798108494,619025.6197063744,3,3,Robust — viable even without subsidy,63.0,38583.0,20000.0,0.625,2.9682539682539684,0.0,0.0,0.0,False
101061542,Yass Surrounds,New South Wales,237.0,574977.8469487745,551549.5359402635,522551.33802335896,932879.557562565,294968.65963048127,130337.1090541225,3,3,Robust — viable even without subsidy,32.0,16720.0,30500.000000000004,0.3333333333333333,7.40625,0.0,0.0,0.0,False
101061544,Young Surrounds,New South Wales,33.0,140710.9039887726,133513.59796603318,124683.121371491,103223.9847180504,98559.8652764643,92805.63965963059,3,3,Robust — viable even without subsidy,19.0,18361.0,12500.0,0.8333333333333334,1.736842105263158,0.0,0.0,0.0,False
102011029,Box Head - MacMasters Beach,New South Wales,185.0,800781.1327236088,604402.4484722075,496260.3267288,640532.0325029918,483847.2602274619,397399.82572286745,3,3,Robust — viable even without subsidy,4.0,21178.0,6500.0,1.0,46.25,9.0,4.0,58500.0,True
102011030,Calga - Kulnura,New South Wales,736.0,2287701.295302759,1271760.888527033,898817.9420110616,2403078.06492807,1145064.2649029372,652255.4829058805,3,3,Robust — viable even without subsidy,58.0,68200.0,17088.235294117647,0.7058823529411765,12.689655172413794,0.0,0.0,0.0,False
102011034,Kincumber - Picketts Valley,New South Wales,303.0,558389.2847456137,70426.96469494147,-209356.062986259,530052.8123213431,-18005.24438401722,-330400.3868593063,2,1,Mixed — sensitive to cost assumptions,0.0,25279.0,18848.0,0.657,,21.0,13.0,395808.0,True
102011041,Wamberal - Forresters Beach,New South Wales,282.0,887775.7811481692,684606.8556859416,575293.6912530812,978223.0599211972,738326.0473887376,606626.3717960475,3,3,Robust — viable even without subsidy,6.0,19459.0,6500.0,1.0,47.0,13.0,6.0,84500.0,True
102021044,Bateau Bay - Killarney Vale,New South Wales,262.0,1050201.7637220845,645682.7092683781,468561.0857430253,944236.4373974329,633881.0282290155,504008.34881961346,3,3,Robust — viable even without subsidy,21.0,40997.0,10500.000000000002,0.8888888888888888,12.476190476190476,0.0,0.0,0.0,False
102021045,Blue Haven - San Remo,New South Wales,41.0,282373.47771751403,175570.17222287378,118648.167847452,141473.85607680303,105528.13811177004,86150.01186067917,3,3,Robust — viable even without subsidy,1.0,15688.0,6500.0,1.0,41.0,2.0,1.0,13000.0,True
102021048,Gorokan - Kanwal - Charmhaven,New South Wales,82.0,403613.18741612765,87711.20619500837,-38165.24007922958,336977.62047863245,179258.39154842164,137095.9051502225,2,3,Robust — viable even without subsidy,12.0,17940.0,20900.0,0.6,6.833333333333333,0.0,0.0,0.0,False
102021049,Jilliby - Yarramalong,New South Wales,343.0,662270.98998373,-286571.3016433936,-718413.8202184399,730915.8134720656,-64731.52304606864,-420594.36400471145,1,1,Mixed — sensitive to cost assumptions,16.0,53188.0,24500.0,0.5,21.4375,7.0,0.0,171500.0,True
102021051,Ourimbah - Fountaindale,New South Wales,49.0,160706.5195176691,122490.70046241149,103286.07472167199,174739.94992439728,130965.20921512498,108931.92248123456,3,3,Robust — viable even without subsidy,2.0,4516.0,6500.0,1.0,24.5,2.0,0.0,13000.0,True
103011060,Bathurst Surrounds,New South Wales,162.0,684391.7996584715,384199.495042088,305981.73398488667,617069.2140621151,589845.790114339,556236.7106932537,3,3,Robust — viable even without subsidy,45.0,38049.0,17088.235294117647,0.7058823529411765,3.6,0.0,0.0,0.0,False
103021062,Condobolin,New South Wales,0.0,-13713.742145859227,-13175.94312235768,-12509.596339047876,-13713.742145859227,-13175.94312235768,-12509.596339047876,0,0,Not viable under any scenario,6.0,2356.0,6500.0,1.0,0.0,0.0,0.0,0.0,False
103021064,Cowra Surrounds,New South Wales,21.0,67976.99206107597,64794.358646968714,60876.39095690184,77323.89270191263,73899.50237065955,69672.3372831995,3,3,Robust — viable even without subsidy,7.0,13314.0,15500.0,0.75,3.0,0.0,0.0,0.0,False
103021065,Forbes,New South Wales,8.0,32943.20566085551,31219.444317257054,29106.737244723714,26409.222774664668,25224.204018774948,23761.93247698599,3,3,Robust — viable even without subsidy,4.0,8816.0,6500.0,1.0,2.0,0.0,0.0,0.0,False
103021066,Grenfell,New South Wales,4.0,3908.734783384417,3687.903841735122,3417.2187692097523,8633.364005379255,8220.120968601583,7711.100792143703,3,3,Robust — viable even without subsidy,4.0,3095.0,6500.0,1.0,1.0,0.0,0.0,0.0,False
103021068,Parkes Surrounds,New South Wales,19.0,48832.77771857096,46477.23644734751,43579.69127791816,57007.84486238724,54417.50824360814,51222.257824905115,3,3,Robust — viable even without subsidy,12.0,11218.0,24500.0,0.5,1.5833333333333333,0.0,0.0,0.0,False
103021069,West Wyalong,New South Wales,0.0,91.42494763906151,87.83962081571788,83.39730892698586,-4571.247381953076,-4391.981040785893,-4169.865446349292,3,0,Subsidy-dependent — viable only with current incentives,2.0,7909.0,42500.0,0.0,0.0,0.0,0.0,0.0,False
103031071,Lithgow Surrounds,New South Wales,3.0,3721.9242506390465,3470.980350628796,3165.9517792500496,4189.399313057904,3969.1002060582405,3698.392870933132,3,3,Robust — viable even without subsidy,4.0,4372.0,6500.0,1.0,0.75,0.0,0.0,0.0,False
103031072,Mudgee,New South Wales,43.0,133538.32356291203,126001.08904113738,116788.00764975067,99665.53413075666,94954.2719736459,89149.1316850688,3,3,Robust — viable even without subsidy,40.0,17966.0,10100.0,0.9,1.075,0.0,0.0,0.0,False
103031073,Mudgee Surrounds - East,New South Wales,8.0,5576.921805982753,5358.2168697587895,5087.235844546137,28694.8464656412,27420.194539167896,25846.865200160635,3,3,Robust — viable even without subsidy,3.0,3197.0,6500.0,1.0,2.6666666666666665,0.0,0.0,0.0,False
103031074,Mudgee Surrounds - West,New South Wales,8.0,14029.190995695153,13382.119523110712,12584.632197254283,26409.222774664668,25224.204018774948,23761.93247698599,3,3,Robust — viable even without subsidy,4.0,4587.0,6500.0,1.0,2.0,0.0,0.0,0.0,False
103031075,Wollangambe - Wollemi,New South Wales,59.0,257972.82888221857,231555.91447836405,213327.87290982355,202767.70088156976,193714.47145984057,182541.51654888294,3,3,Robust — viable even without subsidy,26.0,13047.0,18500.0,0.6666666666666666,2.269230769230769,0.0,0.0,0.0,False
103041076,Blayney,New South Wales,29.0,159776.30782807132,122332.02028558688,101017.4564578922,103269.1816178403,81564.63133235872,69421.63401126122,3,3,Robust — viable even without subsidy,2.0,6963.0,6500.0,1.0,14.5,0.0,0.0,0.0,False
103041078,Orange - North,New South Wales,233.0,791494.2352175985,733104.7968845291,682634.2605758423,875450.1149425174,836768.5012450924,789015.6550198381,3,3,Robust — viable even without subsidy,70.0,39606.0,8900.0,0.9333333333333333,3.3285714285714287,0.0,0.0,0.0,False
103041079,Orange Surrounds,New South Wales,12.0,48868.844693780986,46385.62016605165,43338.997336247514,39613.834161997,37836.30602816243,35642.89871547899,3,3,Robust — viable even without subsidy,6.0,5022.0,18500.0,0.6666666666666666,2.0,0.0,0.0,0.0,False
104011081,Grafton Surrounds,New South Wales,58.0,167962.50495374185,18303.542604325197,-32155.33191349322,225560.7326911019,130169.95956239755,100447.1543690835,2,3,Robust — viable even without subsidy,8.0,27061.0,18500.0,0.6666666666666666,7.25,0.0,0.0,0.0,False
104011082,Maclean - Yamba - Iluka,New South Wales,56.0,147404.4511504197,140366.2145381526,131701.55317259746,184864.55942265264,176569.42813142468,166333.52733890194,3,3,Robust — viable even without subsidy,28.0,13853.0,15500.0,0.75,2.0,0.0,0.0,0.0,False
104021083,Bellingen,New South Wales,62.0,211379.79779475206,163683.58114314906,141145.0140017758,230447.59136767988,175461.39361080376,149692.43998466822,3,3,Robust — viable even without subsidy,4.0,6573.0,6500.0,1.0,15.5,1.0,0.0,6500.0,True
104021086,Coramba - Nana Glen - Bucca,New South Wales,208.0,994571.4521208942,648958.2960441087,545380.7165432067,800920.9766901082,765628.830507796,722056.880560368,3,3,Robust — viable even without subsidy,54.0,38895.0,20346.153846153844,0.6153846153846154,3.8518518518518516,0.0,0.0,0.0,False
104021087,Dorrigo,New South Wales,10.0,2132.4444603536026,2027.775021470276,1899.015094597363,26154.65739540122,24942.28346228985,23447.617426708555,3,3,Robust — viable even without subsidy,8.0,2555.0,42500.0,0.0,1.25,0.0,0.0,0.0,False
104021089,Sawtell - Boambee,New South Wales,40.0,209250.55781873854,145492.04896582017,111745.20549391184,143133.17776945818,107295.63586774521,89523.66757583222,3,3,Robust — viable even without subsidy,2.0,10781.0,6500.0,1.0,20.0,1.0,0.0,6500.0,True
104021090,Urunga,New South Wales,8.0,30598.87305597113,24283.975382236426,21833.461077546857,30980.47015661774,29616.185059560845,27931.79792333528,3,3,Robust — viable even without subsidy,2.0,2652.0,6500.0,1.0,4.0,0.0,0.0,0.0,False
104021091,Woolgoolga - Arrawarra,New South Wales,69.0,101700.77587730078,-89058.63212438412,-192477.3866663355,119189.53800111698,-15082.63479584601,-88317.31491326979,1,1,Mixed — sensitive to cost assumptions,0.0,13603.0,18848.0,0.657,,5.0,3.0,94240.0,True
105011092,Bourke - Brewarrina,New South Wales,3.0,-15907.940889196705,-15284.094021934909,-14511.131753295536,-7238.719141824787,-7010.852395906493,-6726.2707449401,0,0,Not viable under any scenario,9.0,2847.0,24500.0,0.5,0.3333333333333333,0.0,0.0,0.0,False
105011093,Cobar,New South Wales,3.0,-12068.09308835612,-11594.829947674758,-11008.444778362133,-4953.095450848248,-4814.861875513547,-4641.338021765453,0,0,Not viable under any scenario,8.0,6158.0,18500.0,0.6666666666666666,0.375,0.0,0.0,0.0,False
105011094,Coonamble,New South Wales,0.0,-6034.04654417806,-5797.414973837379,-5504.222389181066,-9142.494763906152,-8783.962081571786,-8339.730892698584,0,0,Not viable under any scenario,4.0,5173.0,42500.0,0.0,0.0,0.0,0.0,0.0,False
105011095,Nyngan - Warren,New South Wales,3.0,1645.6490575031073,1581.1131746829215,1501.1515606857452,8760.646695010979,8361.081246844133,7868.258317282424,3,3,Robust — viable even without subsidy,2.0,4389.0,42500.0,0.0,1.5,0.0,0.0,0.0,False
105011096,Walgett - Lightning Ridge,New South Wales,0.0,-15176.541308084212,-14581.377055409164,-13843.95328187965,-18284.989527812304,-17567.924163143573,-16679.46178539717,0,0,Not viable under any scenario,8.0,4864.0,24500.0,0.5,0.0,0.0,0.0,0.0,False
105021098,Far West,New South Wales,11.0,15622.266767329118,14754.251390018762,13692.795574072807,30598.62208772257,29193.3042248332,27460.325347919126,3,3,Robust — viable even without subsidy,8.0,14216.0,30500.000000000004,0.3333333333333333,1.375,0.0,0.0,0.0,False
105031099,Coonabarabran,New South Wales,6.0,2940.1244060860267,2815.930053069547,2662.3031213714903,17521.293390021958,16722.162493688265,15736.516634564849,3,3,Robust — viable even without subsidy,4.0,7313.0,18500.0,0.6666666666666666,1.5,0.0,0.0,0.0,False
105031100,Dubbo - East,New South Wales,105.0,537292.6267688489,361114.3713923804,307220.36428889545,368334.4739817509,351929.58769015427,331682.2246306003,3,3,Robust — viable even without subsidy,43.0,36898.0,13045.454545454544,0.8181818181818182,2.441860465116279,0.0,0.0,0.0,False
105031103,Dubbo Surrounds,New South Wales,0.0,-16014.269013685065,-15351.012449937823,-18062.70063520251,0.0,0.0,0.0,0,0,Not viable under any scenario,0.0,368.0,18848.0,0.657,,0.0,0.0,0.0,False
105031104,Gilgandra,New South Wales,0.0,-2165.14658006536,-2098.026525644078,-2014.3569428317737,-4571.247381953076,-4391.981040785893,-4169.865446349292,0,0,Not viable under any scenario,2.0,3231.0,42500.0,0.0,0.0,0.0,0.0,0.0,False
105031105,Narromine,New South Wales,9.0,11702.393297799874,11243.471464411889,10674.85554265419,31044.760282625946,22292.406083002108,18291.493755207695,3,3,Robust — viable even without subsidy,1.0,6549.0,6500.0,1.0,9.0,0.0,0.0,0.0,False
105031106,Wellington,New South Wales,10.0,21968.567469546862,20811.68251351827,19393.467659312882,26154.65739540122,24942.28346228985,23447.617426708555,3,3,Robust — viable even without subsidy,8.0,6634.0,6500.0,1.0,1.25,0.0,0.0,0.0,False
106011107,Branxton - Greta - Pokolbin,New South Wales,34.0,239481.3077118835,167821.66769914946,129882.02128518291,123969.36671963011,90691.44368357249,75692.37351051562,3,3,Robust — viable even without subsidy,2.0,11101.0,6500.0,1.0,17.0,1.0,0.0,6500.0,True
106011109,Cessnock Surrounds,New South Wales,197.0,1135078.7175389726,938752.1151471674,852896.6930972175,733752.3755467609,701299.6779566756,661237.6316416545,3,3,Robust — viable even without subsidy,62.0,44551.0,6500.0,1.0,3.1774193548387095,0.0,0.0,0.0,False
106011110,Dungog,New South Wales,30.0,110057.42201202542,104914.87187839462,98579.24322109144,110462.70385987518,105570.71767237081,99531.91040457072,3,3,Robust — viable even without subsidy,10.0,6465.0,6500.0,1.0,3.0,0.0,0.0,0.0,False
106011111,Kurri Kurri - Abermain,New South Wales,41.0,68262.3642696807,-54486.71629135238,-121861.16087450559,68591.73286740179,-8294.695467122052,-51802.89436157339,1,1,Mixed — sensitive to cost assumptions,0.0,12702.0,18848.0,0.657,,3.0,2.0,56544.0,True
106011113,Singleton Surrounds,New South Wales,52.0,401666.30793433613,259043.96502180203,215943.63899408485,153374.95850750798,146389.40195889358,137773.09931501176,3,3,Robust — viable even without subsidy,34.0,21135.0,13045.454545454544,0.8181818181818182,1.5294117647058822,0.0,0.0,0.0,False
106021615,Rutherford (North) - Aberglasslyn,New South Wales,187.0,753630.0415951016,716380.7126354639,670580.4644491496,613887.1468213218,586321.7831582752,552307.7725647857,3,3,Robust — viable even without subsidy,95.0,34368.0,7318.181818181817,0.9772727272727273,1.9684210526315788,0.0,0.0,0.0,False
106031119,Anna Bay,New South Wales,30.0,155547.39175917144,131355.7818062379,119967.94071443204,112748.32755085174,107766.70819276376,101616.84312774536,3,3,Robust — viable even without subsidy,9.0,5708.0,6500.0,1.0,3.3333333333333335,0.0,0.0,0.0,False
106031120,Lemon Tree Passage - Tanilba Bay,New South Wales,27.0,172285.29647809875,152238.93647439484,140667.34512669896,97130.80978291112,92817.65538474078,87493.78664093898,3,3,Robust — viable even without subsidy,10.0,5410.0,6500.0,1.0,2.7,0.0,0.0,0.0,False
106031121,Nelson Bay Peninsula,New South Wales,145.0,581744.4725759211,434595.8679152356,384336.88409261656,596376.7828760887,440533.0630679054,388685.02769767446,3,3,Robust — viable even without subsidy,21.0,17514.0,10100.0,0.9,6.904761904761905,0.0,0.0,0.0,False
106031123,Seaham - Woodville,New South Wales,98.0,484762.79607587075,359019.70475869684,287366.4401338706,339780.67490389955,251470.37433072377,204939.44523815817,3,3,Robust — viable even without subsidy,2.0,17669.0,6500.0,1.0,49.0,5.0,2.0,32500.0,True
106031125,Williamtown - Medowie - Karuah,New South Wales,170.0,1011943.9621283715,343097.0913110564,180670.81087889645,654906.5552916622,626049.9467350785,590423.3067861128,3,3,Robust — viable even without subsidy,44.0,33162.0,27071.42857142857,0.42857142857142855,3.8636363636363638,0.0,0.0,0.0,False
106041127,Muswellbrook Surrounds,New South Wales,33.0,410671.75165184215,312253.3108026973,273633.4599598884,107795.23210000346,102951.84631725021,96975.50510597989,3,3,Robust — viable even without subsidy,17.0,14508.0,6500.0,1.0,1.9411764705882353,0.0,0.0,0.0,False
106041129,Scone Surrounds,New South Wales,24.0,77515.35411114735,73980.5911279514,69623.27436650501,86084.53939692362,82260.5836175037,77540.5956004819,3,3,Robust — viable even without subsidy,9.0,12551.0,15500.0,0.75,2.6666666666666665,0.0,0.0,0.0,False
107011131,Dapto - Avondale,New South Wales,175.0,-72334.80966214399,-885796.8976103895,-1277980.392422276,19597.8731708845,-643723.8869698845,-952533.049479328,0,1,Not viable under any scenario,6.0,26308.0,42500.0,0.0,29.166666666666668,6.0,1.0,255000.0,True
107011133,Port Kembla Industrial,New South Wales,25.0,10673.345064702962,-39826.98650148056,-71355.41673134596,35858.279991142466,-4537.059734230075,-31135.0237783553,1,1,Mixed — sensitive to cost assumptions,0.0,4296.0,18848.0,0.657,,2.0,1.0,37696.0,True
107011545,Berkeley - Lake Heights - Cringila,New South Wales,17.0,2302.8618958210945,-58982.87114133501,-86528.5877144507,18693.26838031778,-16055.471998274172,-36095.08604031626,1,1,Mixed — sensitive to cost assumptions,0.0,5366.0,18848.0,0.657,,2.0,1.0,37696.0,True
107011546,Port Kembla - Warrawong,New South Wales,33.0,255055.01576650015,197319.60195644165,171410.40912505973,128365.8453187923,122715.7610007867,115739.8996145517,3,3,Robust — viable even without subsidy,8.0,8258.0,6500.0,1.0,4.125,0.0,0.0,0.0,False
107021135,Illawarra Catchment Reserve,New South Wales,189.0,729719.5423605765,379374.9965520021,284881.39943247783,762199.5959284956,346757.25321906834,235798.34851176996,3,3,Robust — viable even without subsidy,26.0,20548.0,24500.0,0.5,7.269230769230769,0.0,0.0,0.0,False
107031136,Albion Park - Macquarie Pass,New South Wales,162.0,628894.9218284518,364023.0761966747,258746.3057044042,572859.3388853628,345641.1905932745,256682.6796720245,3,3,Robust — viable even without subsidy,15.0,22269.0,13699.999999999998,0.8,10.8,0.0,0.0,0.0,False
107031140,Kiama Hinterland - Gerringong,New South Wales,250.0,760593.9980792383,614032.1073828131,557449.476811693,967090.728421748,751522.8638460671,657152.9879027201,3,3,Robust — viable even without subsidy,22.0,18400.0,6500.0,1.0,11.363636363636363,0.0,0.0,0.0,False
107031141,Shellharbour - Flinders,New South Wales,214.0,774212.9600599309,412024.0113794032,292157.0826632556,771118.5538506919,392983.40885378583,264300.97709198424,3,3,Robust — viable even without subsidy,23.0,23363.0,18500.0,0.6666666666666666,9.304347826086957,0.0,0.0,0.0,False
107031143,Warilla,New South Wales,52.0,6692.325468069508,-148496.4751391865,-228969.6005613128,82012.12043253629,-15576.019825497355,-71662.15225126223,1,1,Mixed — sensitive to cost assumptions,0.0,17175.0,18848.0,0.657,,4.0,3.0,75392.0,True
107041144,Balgownie - Fairy Meadow,New South Wales,163.0,346037.0163999306,-20786.278240565676,-154280.493694544,280556.6108996689,-201088.41647179308,-403888.2303290381,1,1,Mixed — sensitive to cost assumptions,10.0,12516.0,33500.0,0.25,16.3,1.0,0.0,33500.0,True
107041145,Corrimal - Tarrawanna - Bellambi,New South Wales,116.0,-82235.6931838585,-522390.49315742304,-759542.2034014069,-79594.57170924143,-509859.17800852645,-733198.0377856048,0,0,Not viable under any scenario,2.0,13725.0,42500.0,0.0,58.0,6.0,3.0,255000.0,True
107041146,Figtree - Keiraville,New South Wales,142.0,385760.457716761,241945.5024971588,198704.9969264394,453864.2178128285,203160.02876777295,104923.74325823199,3,3,Robust — viable even without subsidy,12.0,8795.0,18500.0,0.6666666666666666,11.833333333333334,0.0,0.0,0.0,False
107041147,Helensburgh,New South Wales,86.0,255646.4070957519,203156.3284889922,179769.2493682125,319885.85959986656,245562.42310686817,210370.15829783128,3,3,Robust — viable even without subsidy,6.0,6921.0,6500.0,1.0,14.333333333333334,0.0,0.0,0.0,False
107041148,Thirroul - Austinmer - Coalcliff,New South Wales,231.0,332570.50200676924,255671.48846598555,214948.7523827855,785915.8528864719,586821.7596114888,474896.30619966454,3,3,Robust — viable even without subsidy,2.0,8223.0,6500.0,1.0,115.5,14.0,8.0,91000.0,True
107041150,Woonona - Bulli - Russell Vale,New South Wales,222.0,521212.85335491935,402013.0345746891,334232.39259613404,754309.0807315327,563217.6921245903,455584.86845156003,3,3,Robust — viable even without subsidy,2.0,14472.0,6500.0,1.0,111.0,13.0,7.0,84500.0,True
107041549,Wollongong - West,New South Wales,395.0,1212555.7752556766,797635.0065846075,670819.7178676794,1402462.5079141618,731372.4065795289,494179.53820933413,3,3,Robust — viable even without subsidy,40.0,31082.0,17576.923076923078,0.6923076923076923,9.875,0.0,0.0,0.0,False
108011151,Bulahdelah - Stroud,New South Wales,17.0,49275.64736827971,46672.41480831953,43482.01762174714,48119.91547774454,45915.466718521464,43196.84198248397,3,3,Robust — viable even without subsidy,12.0,5492.0,6500.0,1.0,1.4166666666666667,0.0,0.0,0.0,False
108011153,Forster-Tuncurry Surrounds,New South Wales,93.0,558631.1898816698,360928.85219560115,294621.8866428291,365290.61887537845,331594.4415437664,309362.6706941043,3,3,Robust — viable even without subsidy,21.0,21908.0,11642.857142857145,0.8571428571428571,4.428571428571429,0.0,0.0,0.0,False
108021155,Kempsey,New South Wales,16.0,3865.00971183172,-45908.170225091,-75938.92605447963,14249.303687996424,-5302.5508786936825,-22690.27342455407,1,1,Mixed — sensitive to cost assumptions,0.0,4515.0,18848.0,0.657,,2.0,1.0,37696.0,True
108021156,Kempsey Surrounds,New South Wales,24.0,177938.12440341193,113907.34234670276,85352.42674680689,92941.41046985322,88848.55517868252,83795.39377000584,3,3,Robust — viable even without subsidy,6.0,18636.0,6500.0,1.0,4.0,0.0,0.0,0.0,False
108021159,Nambucca Heads Surrounds,New South Wales,44.0,85379.45600758445,81503.51374498419,76723.99153063312,147536.34895163222,140929.1126236552,132775.56134659762,3,3,Robust — viable even without subsidy,21.0,16241.0,16785.714285714283,0.7142857142857143,2.0952380952380953,0.0,0.0,0.0,False
108021160,South West Rocks,New South Wales,17.0,108045.27818462803,102428.5898291765,95535.4989413291,52691.1628596976,50307.44775930735,47366.707428833266,3,3,Robust — viable even without subsidy,10.0,4786.0,6500.0,1.0,1.7,0.0,0.0,0.0,False
108041162,Laurieton - Bonny Hills,New South Wales,43.0,231541.85540304973,220352.8278042362,206584.8944744211,149949.2553322405,143266.06342229072,135017.651594911,3,3,Robust — viable even without subsidy,18.0,9924.0,15500.0,0.75,2.388888888888889,0.0,0.0,0.0,False
108041165,Port Macquarie Surrounds,New South Wales,340.0,1509425.3995065533,1151837.2338809315,1022690.0889257372,1325812.47642016,1267471.8271129075,1195441.1426344481,3,3,Robust — viable even without subsidy,81.0,54329.0,15973.684210526317,0.7368421052631579,4.197530864197531,0.0,0.0,0.0,False
108051167,Gloucester,New South Wales,21.0,2719.4043107930393,-1300.6666709875535,-10986.03783894543,34970.000064729924,-3695.2894382217637,-26129.848359857664,1,1,Mixed — sensitive to cost assumptions,0.0,5034.0,18848.0,0.657,,2.0,1.0,37696.0,True
108051169,Taree,New South Wales,112.0,714191.0340494358,451974.92255681904,375311.4599723068,410870.34528288303,392666.68562992243,370195.8436949475,3,3,Robust — viable even without subsidy,38.0,30621.0,14500.0,0.7777777777777778,2.9473684210526314,0.0,0.0,0.0,False
108051170,Taree Surrounds,New South Wales,56.0,224629.8883695912,167945.22552832766,144728.14499754732,230577.03324218345,182865.7696402239,165309.78330750816,3,3,Robust — viable even without subsidy,8.0,20537.0,6500.0,1.0,7.0,0.0,0.0,0.0,False
109011175,Albury Surrounds,New South Wales,219.0,816924.1302791915,778145.1996936072,730390.8107369714,813234.6092500183,777254.2105694856,732837.74412289,3,3,Robust — viable even without subsidy,70.0,39386.0,13699.999999999998,0.8,3.1285714285714286,0.0,0.0,0.0,False
109011176,Lavington,New South Wales,35.0,118303.71608362178,88941.04158247035,74982.6114709005,139730.9712100515,105337.00268516081,92532.66399873914,3,3,Robust — viable even without subsidy,4.0,11739.0,6500.0,1.0,8.75,0.0,0.0,0.0,False
109021177,Hay,New South Wales,0.0,-48729.49709161979,-46818.51789477762,-44450.76565808345,-50283.72120148384,-48311.79144864483,-45868.519909842216,0,0,Not viable under any scenario,22.0,2924.0,24500.0,0.5,0.0,0.0,0.0,0.0,False
109021178,Wentworth - Buronga,New South Wales,0.0,9476.475681963006,4101.70132470717,2810.5732966575797,-2285.623690976538,-2195.9905203929466,-2084.932723174646,3,0,Subsidy-dependent — viable only with current incentives,1.0,766.0,6500.0,1.0,0.0,0.0,0.0,0.0,False
109021179,Wentworth-Balranald Region,New South Wales,0.0,-55586.36816454941,-53406.489455956464,-50705.56382760739,-57140.592274413444,-54899.76300982367,-52123.31807936615,0,0,Not viable under any scenario,25.0,5184.0,14500.0,0.7777777777777778,0.0,0.0,0.0,0.0,False
109031181,Corowa Surrounds,New South Wales,21.0,146221.12816020683,138417.9629640083,128838.20640666617,24754.547809452255,23391.72040162179,21718.884650182627,3,3,Robust — viable even without subsidy,30.0,9785.0,10500.000000000002,0.8888888888888888,0.7,0.0,0.0,0.0,False
109031183,Deniliquin Surrounds,New South Wales,22.0,-49955.81162574121,-48204.61760606573,-46023.74837784303,-2800.2191718979157,-3101.1261213361126,-3457.4655530518367,0,0,Not viable under any scenario,44.0,14724.0,6500.0,1.0,0.5,0.0,0.0,0.0,False
109031185,Tocumwal - Finley - Jerilderie,New South Wales,25.0,89361.07657926806,84642.31655066129,78860.43849463832,79100.38563436228,75531.6517780823,71128.63990581926,3,3,Robust — viable even without subsidy,14.0,16187.0,20900.0,0.6,1.7857142857142858,0.0,0.0,0.0,False
110011187,Armidale Surrounds - North,New South Wales,85.0,567243.7400778928,360669.8235133867,300166.4883794574,322882.030263878,308632.9923267534,291041.7879467071,3,3,Robust — viable even without subsidy,24.0,22902.0,15500.0,0.75,3.5416666666666665,0.0,0.0,0.0,False
110011188,Armidale Surrounds - South,New South Wales,6.0,9117.357978694228,8676.800734717981,8134.930674134279,17521.293390021958,16722.162493688265,15736.516634564849,3,3,Robust — viable even without subsidy,4.0,3381.0,6500.0,1.0,1.5,0.0,0.0,0.0,False
110011189,Walcha,New South Wales,4.0,7707.024435639127,7327.76487784052,6860.897479680348,10918.987696355793,10416.111488994527,9796.033515318348,3,3,Robust — viable even without subsidy,3.0,3291.0,24500.0,0.5,1.3333333333333333,0.0,0.0,0.0,False
110021190,Glen Innes,New South Wales,10.0,18896.759377294253,17867.490548234782,16606.72631650843,26154.65739540122,24942.28346228985,23447.617426708555,3,3,Robust — viable even without subsidy,8.0,7478.0,15500.0,0.75,1.25,0.0,0.0,0.0,False
110021192,Inverell Surrounds - East,New South Wales,8.0,-1409.7376713755575,-1420.8370992996192,-1431.3817362202033,12695.480628805435,12048.260896417269,11252.336137938113,0,3,Robust — viable even without subsidy,10.0,14131.0,15500.0,0.75,0.8,0.0,0.0,0.0,False
110021193,Inverell Surrounds - West,New South Wales,0.0,-13242.091326027863,-12731.682831312515,-12099.020558705002,-15999.365836835765,-15371.933642750628,-14594.529062222522,0,0,Not viable under any scenario,7.0,4006.0,6500.0,1.0,0.0,0.0,0.0,0.0,False
110021194,Tenterfield,New South Wales,14.0,16560.822338305188,15512.015936126698,14232.669899597018,25645.52663687432,24378.44234931965,22818.98732615367,3,3,Robust — viable even without subsidy,16.0,6049.0,18500.0,0.6666666666666666,0.875,0.0,0.0,0.0,False
110031196,Moree Surrounds,New South Wales,6.0,-15816.515941557644,-15196.254401119191,-14427.73444436855,1521.9275531861942,1350.2288509376408,1141.9875723423243,0,3,Robust — viable even without subsidy,11.0,9928.0,6500.0,1.0,0.5454545454545454,0.0,0.0,0.0,False
110031198,Narrabri Surrounds,New South Wales,9.0,3240.343635907091,2936.262277677316,2568.4338501468465,14853.82163015025,14103.291138567667,13180.11133597404,3,3,Robust — viable even without subsidy,11.0,10285.0,24500.0,0.5,0.8181818181818182,0.0,0.0,0.0,False
110041200,Gunnedah Surrounds,New South Wales,12.0,-7585.694463628939,-7341.867645389296,-7037.088996653232,23614.46832516123,22464.3723854118,21048.36965325646,0,3,Robust — viable even without subsidy,13.0,11992.0,20900.0,0.6,0.9230769230769231,0.0,0.0,0.0,False
110041201,Quirindi,New South Wales,5.0,2183.565410058084,1936.9111284922249,1639.2773717642228,-636.413448158618,-704.8013912127533,-785.7876256935995,3,0,Subsidy-dependent — viable only with current incentives,10.0,6870.0,6500.0,1.0,0.5,0.0,0.0,0.0,False
110041205,Tamworth Surrounds,New South Wales,141.0,658889.7065109808,348912.4532264695,270766.4905192478,537459.6976692256,513750.2972232863,484479.44068687945,3,3,Robust — viable even without subsidy,39.0,53336.0,14807.692307692307,0.7692307692307693,3.6153846153846154,0.0,0.0,0.0,False
111011206,Belmont - Bennetts Green,New South Wales,146.0,635989.3978486268,474254.429222379,386941.9789383486,511695.07498918055,385443.99637640076,318158.4685544147,3,3,Robust — viable even without subsidy,4.0,20726.0,6500.0,1.0,36.5,6.0,2.0,39000.0,True
111011208,Charlestown - Dudley,New South Wales,240.0,881702.7272512605,670868.4323621304,565689.0645199346,867306.5426087271,663773.670509039,559716.8451020618,3,3,Robust — viable even without subsidy,11.0,27050.0,6500.0,1.0,21.818181818181817,5.0,0.0,32500.0,True
111011210,Mount Hutton - Windale,New South Wales,0.0,8352.98537443105,7867.876542791724,7275.624615804929,-4571.247381953076,-4391.981040785893,-4169.865446349292,3,0,Subsidy-dependent — viable only with current incentives,2.0,1763.0,6500.0,1.0,0.0,0.0,0.0,0.0,False
111011212,Swansea - Caves Beach,New South Wales,107.0,444974.7825427284,347513.5157088968,310902.6815108257,427506.1245678773,335222.84911442903,300843.0634135806,3,3,Robust — viable even without subsidy,21.0,11946.0,18500.0,0.6666666666666666,5.095238095238095,0.0,0.0,0.0,False
111011214,Warners Bay - Boolaroo,New South Wales,125.0,30331.479670989604,-446298.0469592562,-668520.1308281227,-1470.217700286783,-469397.1949675024,-691917.1307389552,1,0,Mixed — sensitive to cost assumptions,4.0,13107.0,42500.0,0.0,31.25,5.0,1.0,212500.0,True
111021215,Bolton Point - Teralba,New South Wales,98.0,367441.1543400411,283523.89879243064,241744.63722671694,364193.82044380566,275544.4484047979,234484.89978361272,3,3,Robust — viable even without subsidy,6.0,10542.0,6500.0,1.0,16.333333333333332,1.0,0.0,6500.0,True
111021217,Edgeworth - Cameron Park,New South Wales,202.0,1014335.7349530656,591703.8008191145,436597.9969078117,829112.157119617,563048.4193684096,481414.77501297434,3,3,Robust — viable even without subsidy,30.0,28766.0,14500.0,0.7777777777777778,6.733333333333333,0.0,0.0,0.0,False
111021218,Morisset - Cooranbong,New South Wales,115.0,511747.47751217714,383964.83501147496,323291.4753090635,441341.952731943,341822.3192945919,297769.1674883836,3,3,Robust — viable even without subsidy,10.0,20046.0,6500.0,1.0,11.5,0.0,0.0,0.0,False
111021219,Toronto - Awaba,New South Wales,116.0,393050.70032913284,81424.19186701807,-55550.263829470176,342926.20108713233,131441.51304759356,43530.99525361862,2,3,Robust — viable even without subsidy,8.0,19275.0,18500.0,0.6666666666666666,14.5,0.0,0.0,0.0,False
111021220,Wangi Wangi - Rathmines,New South Wales,21.0,36335.9498253764,-4196.204296257554,-31317.5561778567,34970.000064729924,-3695.2894382217637,-26129.848359857664,1,1,Mixed — sensitive to cost assumptions,0.0,2361.0,18848.0,0.657,,2.0,1.0,37696.0,True
111021221,West Wallsend - Barnsley - Killingworth,New South Wales,24.0,163643.2034269177,127199.33775792117,110227.9338842975,97512.65785180629,79605.99814977433,72430.63043416812,3,3,Robust — viable even without subsidy,4.0,6006.0,6500.0,1.0,6.0,0.0,0.0,0.0,False
111031222,Adamstown - Kotara,New South Wales,152.0,431809.1041329748,173830.5542366397,62555.82113740365,429687.9273947757,144443.11801408528,23478.16536171999,3,3,Robust — viable even without subsidy,9.0,14646.0,18500.0,0.6666666666666666,16.88888888888889,2.0,0.0,37000.0,True
111031223,Beresfield - Hexham,New South Wales,163.0,821261.806717855,560252.5744399903,462641.7498804725,663366.776294103,481567.2726514272,420455.75697933,3,3,Robust — viable even without subsidy,23.0,23852.0,11000.0,0.875,7.086956521739131,0.0,0.0,0.0,False
111031224,Hamilton - Broadmeadow,New South Wales,157.0,43175.61389049259,-383178.83157581266,-605137.5664230586,-53727.76405251211,-640055.3340886415,-930383.7472181804,1,0,Mixed — sensitive to cost assumptions,4.0,11190.0,42500.0,0.0,39.25,7.0,3.0,297500.0,True
111031225,Lambton - New Lambton,New South Wales,136.0,350411.3580381012,265832.38536217425,218697.6101359196,458070.38134041283,340352.17582741857,273643.4035489889,3,3,Robust — viable even without subsidy,1.0,10027.0,6500.0,1.0,136.0,9.0,5.0,58500.0,True
111031228,Merewether - The Junction,New South Wales,148.0,225004.86184241102,23430.181588047068,-89103.8752941615,250176.34527035116,-20009.751943690222,-174170.27857017447,2,1,Mixed — sensitive to cost assumptions,0.0,10137.0,18848.0,0.657,,10.0,6.0,188480.0,True
111031229,Newcastle - Cooks Hill,New South Wales,177.0,421231.9082172646,403941.62949484575,382546.1389249367,692871.1792108413,657596.952094973,619380.5679265726,3,3,Robust — viable even without subsidy,41.0,11414.0,6500.0,1.0,4.317073170731708,0.0,0.0,0.0,False
111031230,Newcastle Port - Kooragang,New South Wales,85.0,415096.8316697135,316683.14509599924,267911.69275571086,322379.86013933195,248214.24997933971,214808.80274326223,3,3,Robust — viable even without subsidy,7.0,13211.0,6500.0,1.0,12.142857142857142,0.0,0.0,0.0,False
111031231,Shortland - Jesmond,New South Wales,27.0,137313.8429769216,130917.32616637627,123030.1509459736,92559.56240095805,88425.67434395489,83323.9211945897,3,3,Robust — viable even without subsidy,12.0,3507.0,6500.0,1.0,2.25,0.0,0.0,0.0,False
111031232,Stockton - Fullerton Cove,New South Wales,51.0,196732.69041584746,152238.63823565096,131136.8283338818,189952.88982809806,145751.10079234457,125172.08551553903,3,3,Robust — viable even without subsidy,4.0,5806.0,6500.0,1.0,12.75,0.0,0.0,0.0,False
111031233,Wallsend - Elermore Vale,New South Wales,261.0,888939.0028430285,497973.69006573106,315127.2871947395,807984.3191194707,440610.89637668687,270386.203515214,3,3,Robust — viable even without subsidy,14.0,30121.0,13699.999999999998,0.8,18.642857142857142,4.0,0.0,54799.99999999999,True
111031234,Waratah - North Lambton,New South Wales,88.0,413247.51482240926,141280.27748733747,31253.837852605706,334118.1056229789,185739.88118110385,138164.19557073095,3,3,Robust — viable even without subsidy,11.0,15688.0,18500.0,0.6666666666666666,8.0,0.0,0.0,0.0,False
111031235,Wickham - Carrington - Tighes Hill,New South Wales,94.0,343514.7141374957,266221.1433804679,225810.9876374564,336565.70611119457,253762.76191068284,211961.14958227574,3,3,Robust — viable even without subsidy,4.0,8257.0,6500.0,1.0,23.5,3.0,0.0,19500.0,True
112011236,Ballina,New South Wales,266.0,857772.846958198,548698.7338059965,439663.59482399974,939695.1058187294,551453.1805927611,401935.48055847606,3,3,Robust — viable even without subsidy,23.0,25197.0,13699.999999999998,0.8,11.565217391304348,0.0,0.0,0.0,False
112011237,Ballina Surrounds,New South Wales,70.0,275069.7171807211,203364.93419324548,163524.4566627962,240189.47264722112,176758.88477960345,142832.0789024711,3,3,Robust — viable even without subsidy,1.0,10190.0,6500.0,1.0,70.0,4.0,2.0,26000.0,True
112011238,Bangalow,New South Wales,343.0,551939.205664697,529927.5720687297,502670.5580219929,1382571.2206256785,1067433.787872735,953715.8902004779,3,3,Robust — viable even without subsidy,62.0,16559.0,15500.0,0.75,5.532258064516129,0.0,0.0,0.0,False
112011241,Evans Head,New South Wales,14.0,38181.556879582626,35930.91410725568,33180.36882726589,18788.655563944707,17790.470788140807,16564.189156629734,3,3,Robust — viable even without subsidy,19.0,4249.0,15500.0,0.75,0.7368421052631579,0.0,0.0,0.0,False
112011243,Mullumbimby,New South Wales,209.0,548999.353977509,431626.60366047383,374770.86084532214,755149.4316062438,572888.1743955782,481301.6236753993,3,3,Robust — viable even without subsidy,9.0,15650.0,6500.0,1.0,23.22222222222222,5.0,0.0,32500.0,True
112021245,Casino Surrounds,New South Wales,32.0,202859.2227416861,170914.70928761328,156150.5541722808,117065.00955354134,111876.76867706454,105472.39352381718,3,3,Robust — viable even without subsidy,11.0,17686.0,6500.0,1.0,2.909090909090909,0.0,0.0,0.0,False
112021247,Kyogle,New South Wales,8.0,17048.767828493827,16160.507281146914,15070.583976504333,17266.72801075851,16440.241937203165,15422.201584287406,3,3,Robust — viable even without subsidy,8.0,5389.0,6500.0,1.0,1.0,0.0,0.0,0.0,False
112021249,Lismore Surrounds,New South Wales,213.0,695596.7280038632,294042.3533339508,112465.36109679547,677981.0460102771,373609.3017997223,238094.1660605788,3,3,Robust — viable even without subsidy,13.0,37524.0,13699.999999999998,0.8,16.384615384615383,2.0,0.0,27399.999999999996,True
112031250,Kingscliff - Fingal Head,New South Wales,161.0,358866.4537939096,173689.5571244555,101054.79612048352,431350.99249122385,126921.43494730043,-7645.510611916092,3,2,Mixed — sensitive to cost assumptions,8.0,10050.0,18500.0,0.6666666666666666,20.125,3.0,0.0,55500.0,True
112031252,Murwillumbah Surrounds,New South Wales,100.0,328584.2671058638,232266.95957747856,179541.75081185458,342634.01141921664,259153.59259979532,211996.6895075994,3,3,Robust — viable even without subsidy,2.0,15591.0,6500.0,1.0,50.0,5.0,2.0,32500.0,True
112031253,Pottsville,New South Wales,82.0,188498.49897750892,40112.79841384431,-18086.248269181815,194570.59350043308,1912.5275045610324,-78895.95612353546,2,2,Mixed — sensitive to cost assumptions,5.0,7262.0,24500.0,0.5,16.4,1.0,0.0,24500.0,True
112031254,Tweed Heads,New South Wales,195.0,751602.2875148905,429605.2486680692,343255.5081309646,793433.1568914144,539701.1937025366,461746.856999847,3,3,Robust — viable even without subsidy,32.0,31164.0,17300.0,0.7,6.09375,0.0,0.0,0.0,False
112031551,Terranora - North Tumbulgum,New South Wales,5.0,1105.8231094806624,-14096.448419381348,-21247.181203469707,2236.5471884705994,-14570.083548243949,-22270.938913173963,1,1,Mixed — sensitive to cost assumptions,0.0,492.0,18848.0,0.657,,1.0,1.0,18848.0,True
113011257,Griffith Surrounds,New South Wales,49.0,166792.28615208282,158575.34572842374,148482.16242059966,160613.67764933276,153400.2543548001,144499.37005995185,3,3,Robust — viable even without subsidy,25.0,36066.0,16318.181818181816,0.7272727272727273,1.96,0.0,0.0,0.0,False
113011258,Leeton,New South Wales,0.0,-12969.372998815626,-13002.99429426924,-17310.590806638887,0.0,0.0,0.0,0,0,Not viable under any scenario,0.0,635.0,18848.0,0.657,,0.0,0.0,0.0,False
113011259,Narrandera,New South Wales,9.0,-17816.47459587108,-17539.235319456733,-17173.743596748856,-24001.781116450893,-23228.547708112426,-22263.744957994946,0,0,Not viable under any scenario,28.0,9178.0,24500.0,0.5,0.32142857142857145,0.0,0.0,0.0,False
113021260,Tumbarumba,New South Wales,10.0,4599.000135166845,4393.124667962514,4139.076565808346,26154.65739540122,24942.28346228985,23447.617426708555,3,3,Robust — viable even without subsidy,8.0,2268.0,18500.0,0.6666666666666666,1.25,0.0,0.0,0.0,False
113021262,Tumut Surrounds,New South Wales,1130.0,1663209.8129721559,1323658.9360151263,1174293.0583479763,4001751.4903739854,3026428.3950713435,2513747.648032852,3,3,Robust — viable even without subsidy,34.0,38362.0,6500.0,1.0,33.23529411764706,42.0,12.0,273000.0,True
113031263,Cootamundra,New South Wales,13.0,36199.84396711987,34359.93764890942,32102.509391435,44057.798854318346,42087.32679070577,39655.606636689554,3,3,Robust — viable even without subsidy,6.0,6841.0,6500.0,1.0,2.1666666666666665,0.0,0.0,0.0,False
113031264,Gundagai,New South Wales,6.0,-34204.00706538205,-33344.505919510106,-32255.314527696195,-55618.66472122725,-53549.53415888602,-50981.33050702382,0,0,Not viable under any scenario,36.0,3213.0,18500.0,0.6666666666666666,0.16666666666666666,0.0,0.0,0.0,False
113031265,Junee,New South Wales,9.0,30659.32792889666,24355.370513586848,21918.01404524032,35424.43484893909,28310.924601520623,25677.857391571328,3,3,Robust — viable even without subsidy,2.0,3648.0,6500.0,1.0,4.5,0.0,0.0,0.0,False
113031266,Temora,New South Wales,9.0,18862.740699639,17912.2375104947,16744.940919336106,26281.94008503294,25083.2437405324,23604.77495184727,3,3,Robust — viable even without subsidy,6.0,4904.0,24500.0,0.5,1.5,0.0,0.0,0.0,False
113031268,Wagga Wagga - North,New South Wales,0.0,-3017.02327208903,-2898.7074869186895,-2752.111194590533,-4571.247381953076,-4391.981040785893,-4169.865446349292,0,0,Not viable under any scenario,2.0,34.0,42500.0,0.0,0.0,0.0,0.0,0.0,False
113031270,Wagga Wagga - West,New South Wales,0.0,0.0,0.0,0.0,0.0,0.0,0.0,0,0,Not viable under any scenario,0.0,107.0,18848.0,0.657,,0.0,0.0,0.0,False
113031271,Wagga Wagga Surrounds,New South Wales,207.0,861539.6946108622,633785.6897741408,557686.3055802197,803333.8830707164,767965.7813064315,724298.9708086813,3,3,Robust — viable even without subsidy,51.0,58322.0,11000.0,0.875,4.0588235294117645,0.0,0.0,0.0,False
114011272,Berry - Kangaroo Valley,New South Wales,96.0,229384.2504860181,219961.78285914037,208301.69523939618,376336.8892613659,346821.09185202303,324651.12820294726,3,3,Robust — viable even without subsidy,22.0,6872.0,18500.0,0.6666666666666666,4.363636363636363,0.0,0.0,0.0,False
114011275,Ettrema - Sassafras - Budawang,New South Wales,127.0,509770.13555373956,486604.4753199668,458018.59572433564,447816.70768500824,427884.1203029642,403282.3371118357,3,3,Robust — viable even without subsidy,51.0,17647.0,9928.571428571428,0.9047619047619048,2.4901960784313726,0.0,0.0,0.0,False
114011277,North Nowra - Bomaderry,New South Wales,103.0,335425.9737888939,-59818.351268845814,-215883.72378935863,367294.3373108924,133858.38176808594,61950.44713876374,1,3,Robust — viable even without subsidy,12.0,23921.0,24500.0,0.5,8.583333333333334,0.0,0.0,0.0,False
114011281,Tomerong - Wandandian - Woollamia,New South Wales,206.0,1100179.7632222038,854054.2507209781,753098.7011567763,833174.2737430431,717746.2169990733,662163.6185077402,3,3,Robust — viable even without subsidy,36.0,40088.0,6500.0,1.0,5.722222222222222,0.0,0.0,0.0,False
114011283,Ulladulla Surrounds,New South Wales,21.0,67426.57504762773,49672.2695603226,40834.441636500225,75148.74766771875,57011.889345500225,47704.71212098379,3,3,Robust — viable even without subsidy,1.0,2407.0,6500.0,1.0,21.0,1.0,0.0,6500.0,True
114021288,Robertson - Fitzroy Falls,New South Wales,204.0,492557.01187202823,418987.81983533653,386484.53520934354,780761.769287138,607040.6523241049,528628.801916488,3,3,Robust — viable even without subsidy,17.0,11804.0,6500.0,1.0,12.0,0.0,0.0,0.0,False
114021289,Southern Highlands,New South Wales,318.0,1192378.96983562,817360.9345171188,686938.2601497946,1225710.4136688504,826844.4943885094,683802.7431891693,3,3,Robust — viable even without subsidy,36.0,36304.0,12038.461538461539,0.8461538461538461,8.833333333333334,0.0,0.0,0.0,False
115011291,Baulkham Hills (West) - Bella Vista,New South Wales,1176.0,1462541.2274504292,728732.1736621272,384164.7087391127,2757045.758164785,788346.1191901895,-237498.33062263858,3,2,Mixed — sensitive to cost assumptions,22.0,45174.0,16785.714285714283,0.7142857142857143,53.45454545454545,57.0,26.0,956785.7142857141,True
115011296,West Pennant Hills,New South Wales,391.0,296386.02490916546,49502.28214595017,-90139.54908693528,695307.6972756837,-22423.944267659157,-425122.8054666928,2,1,Mixed — sensitive to cost assumptions,0.0,11644.0,18848.0,0.657,,27.0,16.0,508896.0,True
115011555,Castle Hill - North,New South Wales,859.0,990731.3741805973,500119.0277140968,248123.4394073926,2041683.3430447704,693974.5163672897,-32368.98860099388,3,2,Mixed — sensitive to cost assumptions,10.0,29975.0,15500.0,0.75,85.9,48.0,25.0,744000.0,True
115011558,Cherrybrook,New South Wales,405.0,520541.52224189637,401666.1610079429,335537.66844043176,1369928.948385929,1018724.0575087301,820466.7992415322,3,3,Robust — viable even without subsidy,2.0,12000.0,6500.0,1.0,202.5,25.0,15.0,162500.0,True
115021297,Dural - Kenthurst - Wisemans Ferry,New South Wales,407.0,393104.4442519188,-201038.45860175983,-490951.72249784257,357486.9397415818,-782707.9394960868,-1357111.5641536799,1,1,Mixed — sensitive to cost assumptions,8.0,22727.0,30500.000000000004,0.3333333333333333,50.875,20.0,9.0,610000.0000000001,True
115021298,Galston - Laughtondale,New South Wales,62.0,87340.15207408491,4773.271319550666,-45338.103830463646,106468.49108261368,-10321.476547877995,-75708.09959596148,2,1,Mixed — sensitive to cost assumptions,0.0,4473.0,18848.0,0.657,,5.0,3.0,94240.0,True
115031299,Bilpin - Colo - St Albans,New South Wales,223.0,505099.6692609788,-297227.6464054022,-669709.0719088984,509593.43416003865,-4090.374331147148,-227716.2558915429,1,1,Mixed — sensitive to cost assumptions,12.0,40448.0,24500.0,0.5,18.583333333333332,3.0,0.0,73500.0,True
115031300,Kurrajong Heights - Ebenezer,New South Wales,3.0,-11297.928877128848,-11372.219005949377,-15731.417252919884,-6651.382196172109,-6894.780084614769,-11464.990777724748,0,0,Not viable under any scenario,0.0,812.0,18848.0,0.657,,1.0,1.0,18848.0,True
115041625,Rouse Hill - Beaumont Hills,New South Wales,1586.0,1047376.9095891878,-321772.1691450089,-1008031.2447609766,1295081.535370263,-2912941.965488356,-5127489.244137881,1,1,Mixed — sensitive to cost assumptions,18.0,50960.0,29000.0,0.375,88.11111111111111,88.0,46.0,2552000.0,True
116011306,Doonside - Woodcroft,New South Wales,132.0,262419.730323274,4541.674846732145,-142690.85022756766,231601.12086092524,-17806.18640931585,-155543.1963086682,2,1,Mixed — sensitive to cost assumptions,0.0,13909.0,18848.0,0.657,,9.0,6.0,169632.0,True
116011307,Lalor Park - Kings Langley,New South Wales,251.0,504548.3189164598,-196204.66577349775,-525915.4492055313,439044.2149367437,-214064.61580818103,-508994.8356226296,1,1,Mixed — sensitive to cost assumptions,11.0,27752.0,28100.0,0.4,22.818181818181817,6.0,0.0,168600.0,True
116011561,Blacktown - West,New South Wales,347.0,1446433.635462272,1077824.903855046,877366.9007333077,1216004.455946323,915723.8732295649,755584.0794304457,3,3,Robust — viable even without subsidy,9.0,47247.0,6500.0,1.0,38.55555555555556,15.0,5.0,97500.0,True
116021309,Glenwood,New South Wales,437.0,478267.929496113,-31634.75016598846,-253728.351205519,432878.01654536085,-766060.4946904231,-1365702.8352257847,1,1,Mixed — sensitive to cost assumptions,11.0,17122.0,30500.000000000004,0.3333333333333333,39.72727272727273,19.0,7.0,579500.0000000001,True
116021563,Quakers Hill,New South Wales,318.0,478713.12852851814,79800.35122187348,-154497.6354074177,558342.300505281,-22914.915535133332,-351017.7742006873,2,1,Mixed — sensitive to cost assumptions,0.0,20855.0,18848.0,0.657,,22.0,13.0,414656.0,True
116021628,Kellyville Ridge - The Ponds,New South Wales,374.0,473615.35621071234,368906.8753982446,306964.58233727195,1257005.8520522863,936815.7868905633,752587.9575951878,3,3,Robust — viable even without subsidy,1.0,9821.0,6500.0,1.0,374.0,24.0,14.0,156000.0,True
116021630,Riverstone,New South Wales,1159.0,970747.3756453688,-5917.636967052764,-512631.0594159615,1525461.8160799018,-1127126.0648971186,-2538010.390854533,1,1,Mixed — sensitive to cost assumptions,12.0,43273.0,24500.0,0.5,96.58333333333333,66.0,35.0,1617000.0,True
116021632,Schofields - East,New South Wales,400.0,682505.8249080107,655437.9458519034,621914.79543747,1306373.97946895,396978.10446268873,88392.1963698059,3,3,Robust — viable even without subsidy,39.0,14645.0,24500.0,0.5,10.256410256410257,0.0,0.0,0.0,False
116031314,Glendenning - Dean Park,New South Wales,209.0,378128.6281818176,-357254.29475917586,-676293.7851363852,357327.4914016535,-279590.722603336,-544035.9634864313,1,1,Mixed — sensitive to cost assumptions,12.0,23953.0,33500.0,0.25,17.416666666666668,2.0,0.0,67000.0,True
116031317,Mount Druitt - Whalan,New South Wales,114.0,-752842.5279606683,-1677090.6373844359,-2109605.092548323,-85710.65537225481,-515190.6535629785,-736777.5482936909,0,0,Not viable under any scenario,2.0,36547.0,42500.0,0.0,57.0,6.0,3.0,255000.0,True
116031318,Prospect Reservoir,New South Wales,111.0,401958.7811603854,384132.48580536473,362115.2995014001,360713.90677103086,344495.85445952,324484.48131024395,3,3,Robust — viable even without subsidy,58.0,11607.0,17300.0,0.7,1.9137931034482758,0.0,0.0,0.0,False
117011321,Botany,New South Wales,153.0,372073.4845671544,144405.69360091322,33697.6231131753,379233.6054864336,94115.59962378575,-39800.00352006979,3,2,Mixed — sensitive to cost assumptions,6.0,11582.0,18500.0,0.6666666666666666,25.5,5.0,1.0,92500.0,True
117011323,Pagewood - Hillsdale - Daceyville,New South Wales,115.0,288115.35653915483,276470.8960480404,262055.70247933877,472200.3368703544,184091.86175869737,112578.20934469,3,3,Robust — viable even without subsidy,17.0,6509.0,29000.0,0.375,6.764705882352941,0.0,0.0,0.0,False
117011325,Sydney Airport,New South Wales,1145.0,1385746.6628158912,815509.5391725653,556380.2387442484,2997727.670309468,1278557.646703684,386678.5804783708,3,3,Robust — viable even without subsidy,23.0,31584.0,14500.0,0.7777777777777778,49.78260869565217,54.0,23.0,783000.0,True
117011634,Eastlakes,New South Wales,206.0,430725.6094725865,340328.7596086586,295097.01318215963,723507.6783743503,547696.4913474957,453459.0730531948,3,3,Robust — viable even without subsidy,6.0,9787.0,6500.0,1.0,34.333333333333336,8.0,3.0,52000.0,True
117021327,Petersham - Stanmore,New South Wales,208.0,470831.28418821754,373531.3357595808,329084.3093802583,750705.4669139226,568637.1536330348,477288.91575418867,3,3,Robust — viable even without subsidy,9.0,10464.0,6500.0,1.0,23.11111111111111,5.0,0.0,32500.0,True
117021328,Sydenham - Tempe - St Peters,New South Wales,125.0,361759.18388454535,181083.4572243028,130746.5876026848,377364.27376404766,90913.59995924705,-12636.227484706702,3,2,Mixed — sensitive to cost assumptions,11.0,5915.0,24500.0,0.5,11.363636363636363,0.0,0.0,0.0,False
117021637,Marrickville - South,New South Wales,220.0,681561.5898716382,646401.592940145,610950.0375657398,899961.0268174952,705588.8075235815,634340.9084833653,3,3,Robust — viable even without subsidy,34.0,15026.0,8900.0,0.9333333333333333,6.470588235294118,0.0,0.0,0.0,False
117031330,Erskineville - Alexandria,New South Wales,642.0,923612.6792282435,415230.7214479819,248285.97084153452,1254755.142058934,-222107.17697467434,-911402.9656138519,3,1,Mixed — sensitive to cost assumptions,25.0,15129.0,24500.0,0.5,25.68,18.0,1.0,441000.0,True
117031331,Glebe - Forest Lodge,New South Wales,190.0,302536.6324502146,290527.35846360977,275654.61512191786,766985.507941316,408903.23890820856,309772.19917658356,3,3,Robust — viable even without subsidy,27.0,7803.0,20900.0,0.6,7.037037037037037,0.0,0.0,0.0,False
117031333,Potts Point - Woolloomooloo,New South Wales,287.0,414079.1746700677,331568.3741521218,295181.8653097465,1016398.4253311063,765579.1616248266,635162.7010774206,3,3,Robust — viable even without subsidy,9.0,8369.0,6500.0,1.0,31.88888888888889,11.0,3.0,71500.0,True
117031336,Surry Hills,New South Wales,323.0,487780.67863900244,407099.713939884,373981.96049698535,1181495.7651789251,899663.3509651662,761198.8010897137,3,3,Robust — viable even without subsidy,16.0,10267.0,6500.0,1.0,20.1875,6.0,0.0,39000.0,True
117031638,Camperdown - Darlington,New South Wales,105.0,179807.73522082207,172673.37279766324,163837.70644081684,432331.9373290939,283168.65593416756,238617.81646175942,3,3,Robust — viable even without subsidy,15.0,4049.0,14500.0,0.7777777777777778,7.0,0.0,0.0,0.0,False
117031639,Chippendale,New South Wales,88.0,129001.25939768755,116624.77214466577,109247.01591421348,327254.15062469227,253306.2949504592,217515.41816481604,3,3,Robust — viable even without subsidy,6.0,2680.0,6500.0,1.0,14.666666666666666,0.0,0.0,0.0,False
117031640,Newtown (NSW),New South Wales,183.0,343602.87793323066,329978.73051236576,313105.2619356601,713534.3806206082,561181.4708991454,494631.82833795354,3,3,Robust — viable even without subsidy,18.0,7690.0,6500.0,1.0,10.166666666666666,0.0,0.0,0.0,False
117031641,Pyrmont,New South Wales,194.0,265557.80611374095,211517.6992191809,183943.83443753837,673027.7376297838,507516.8335748416,416808.08062826976,3,3,Robust — viable even without subsidy,4.0,6020.0,6500.0,1.0,48.5,9.0,4.0,58500.0,True
117031642,Redfern,New South Wales,120.0,239391.00601730653,229895.1434558743,218134.72986817834,467325.1847625071,366899.9511054341,323134.13800762536,3,3,Robust — viable even without subsidy,12.0,5292.0,6500.0,1.0,10.0,0.0,0.0,0.0,False
117031644,Sydney (North) - Millers Point,New South Wales,1571.0,2329423.5341247646,2091781.172453961,1954797.7603811387,5721625.716125118,4197761.9796118885,3490440.698676165,3,3,Robust — viable even without subsidy,96.0,22168.0,7785.714285714285,0.9642857142857143,16.364583333333332,9.0,0.0,70071.42857142857,True
117031646,Ultimo,New South Wales,49.0,90845.03502116242,87196.4737314138,82679.0738337545,201754.90408691048,160102.72636190138,144692.25305974696,3,3,Robust — viable even without subsidy,7.0,2357.0,6500.0,1.0,7.0,0.0,0.0,0.0,False
117031647,Waterloo,New South Wales,456.0,682856.3801155477,465021.4976165083,394176.7447578716,1063144.1538365344,2253.3411619715043,-450318.3710190494,3,2,Mixed — sensitive to cost assumptions,25.0,12254.0,24500.0,0.5,18.24,6.0,0.0,147000.0,True
118011339,Bondi - Tamarama - Bronte,New South Wales,210.0,285807.1664423247,274461.68860108993,260410.87494023622,827168.7147517568,603102.746336619,519517.3557939139,3,3,Robust — viable even without subsidy,24.0,6045.0,9500.000000000002,0.9166666666666666,8.75,0.0,0.0,0.0,False
118011340,Bondi Beach - North Bondi,New South Wales,509.0,718210.7403776227,689722.1931747135,654439.8661293627,1983890.8034098912,1551080.4552111868,1363011.32448859,3,3,Robust — viable even without subsidy,47.0,16303.0,6500.0,1.0,10.829787234042554,0.0,0.0,0.0,False
118011341,Bondi Junction - Waverly,New South Wales,213.0,265327.9781711749,254785.61353836913,241729.87774059142,866567.6502802691,686744.3611336093,618894.3382775428,3,3,Robust — viable even without subsidy,35.0,6920.0,9928.571428571428,0.9047619047619048,6.085714285714285,0.0,0.0,0.0,False
118011345,Paddington - Moore Park,New South Wales,243.0,321202.4663516022,308449.04266575846,292654.95389659173,986258.8963036123,760999.0253098077,677328.0726327151,3,3,Robust — viable even without subsidy,32.0,7689.0,8065.217391304346,0.9565217391304348,7.59375,0.0,0.0,0.0,False
118011346,Rose Bay - Vaucluse - Watsons Bay,New South Wales,704.0,1052929.6353054622,849009.6625297597,768380.4458948914,2251206.202927299,1278329.2235620609,837725.698977251,3,3,Robust — viable even without subsidy,39.0,15494.0,13045.454545454544,0.8181818181818182,18.05128205128205,8.0,0.0,104363.63636363635,True
118011347,Woollahra,New South Wales,169.0,253728.2788035617,193482.7771167518,172311.0153305474,534506.1665590731,308662.02850710455,203744.7864824892,3,3,Robust — viable even without subsidy,9.0,4051.0,12500.0,0.8333333333333334,18.77777777777778,3.0,0.0,37500.0,True
118011649,Bellevue Hill,New South Wales,323.0,375920.0011383264,199739.89726534567,120199.07495141283,802354.8749112635,288403.3051651622,21676.693186006276,3,3,Robust — viable even without subsidy,6.0,6334.0,15500.0,0.75,53.833333333333336,16.0,7.0,248000.0,True
118011650,Double Bay - Darling Point,New South Wales,282.0,409659.5766089527,393416.75119923765,373300.2718393551,1069772.355695845,828603.8251665153,717421.8263415021,3,3,Robust — viable even without subsidy,21.0,7832.0,6500.0,1.0,13.428571428571429,0.0,0.0,0.0,False
118021564,Kensington (NSW),New South Wales,117.0,202210.10449148057,194154.5421578103,184179.20360631103,451375.15827230207,431489.71360578266,406938.84508639754,3,3,Robust — viable even without subsidy,30.0,5217.0,9500.000000000002,0.9166666666666666,3.9,0.0,0.0,0.0,False
118021568,Maroubra - West,New South Wales,364.0,931388.0848952743,729868.385174277,653708.1642095834,1280707.7956822165,603042.1296549345,370824.0301541508,3,3,Robust — viable even without subsidy,37.0,19992.0,19205.882352941175,0.6470588235294118,9.837837837837839,0.0,0.0,0.0,False
118021570,Randwick - South,New South Wales,426.0,843373.451384528,809926.1155849709,768501.971176832,1626777.5259645937,1141688.059443712,954856.412418703,3,3,Robust — viable even without subsidy,43.0,17352.0,10100.0,0.9,9.906976744186046,0.0,0.0,0.0,False
118021651,Coogee - Clovelly,New South Wales,275.0,482386.6067282978,375972.9377674764,337044.0469024861,914581.3248937422,554162.6099093904,394070.3705527157,3,3,Robust — viable even without subsidy,17.0,10883.0,12038.461538461539,0.8461538461538461,16.176470588235293,2.0,0.0,24076.923076923078,True
118021653,Matraville - Chifley,New South Wales,333.0,1125113.4906214825,553689.3464951719,396642.9582865054,1107690.9162298422,306911.20585530106,47111.02056794663,3,3,Robust — viable even without subsidy,35.0,20962.0,26750.0,0.4375,9.514285714285714,0.0,0.0,0.0,False
119011354,Bass Hill - Georges Hall,New South Wales,118.0,-145526.65172693567,-804717.6695374777,-1110366.0662150497,4059.0686982013867,-428307.391300758,-636297.7469036,0,1,Not viable under any scenario,4.0,19522.0,42500.0,0.0,29.5,4.0,1.0,170000.0,True
119011356,Condell Park,New South Wales,234.0,1140334.1684990178,680470.4471392836,547123.5633432886,946177.1666731583,691891.5783252356,607606.1022906956,3,3,Robust — viable even without subsidy,41.0,30908.0,17300.0,0.7,5.7073170731707314,0.0,0.0,0.0,False
119011358,Padstow,New South Wales,155.0,251223.55027166376,23900.038839195156,-110534.49354552293,261300.8218434644,-12999.434322450936,-173647.6288261048,2,1,Mixed — sensitive to cost assumptions,0.0,12524.0,18848.0,0.657,,11.0,7.0,207328.0,True
119011360,Revesby,New South Wales,137.0,265186.3002200309,6953.888261314874,-140992.07555370667,236755.95770521657,-16075.331757179796,-158780.5309598382,2,1,Mixed — sensitive to cost assumptions,0.0,14154.0,18848.0,0.657,,10.0,6.0,188480.0,True
119011361,Yagoona - Birrong,New South Wales,78.0,177147.8636989261,-31224.79988197013,-148360.86730290405,125043.71549203951,-12648.635293916588,-94537.42214160145,1,1,Mixed — sensitive to cost assumptions,0.0,12259.0,18848.0,0.657,,6.0,4.0,113088.0,True
119011655,Greenacre - North,New South Wales,140.0,-118047.30853385094,-932917.572923847,-1339211.0863639466,-13470.33985502497,-558868.5553190572,-814979.4318033183,0,0,Not viable under any scenario,4.0,20483.0,42500.0,0.0,35.0,6.0,2.0,255000.0,True
119011657,Panania (North) - Milperra,New South Wales,38.0,75856.79435464444,-2912.1756277324894,-47674.776313093374,58166.596940919706,-17948.77241043282,-59777.82696215737,1,1,Mixed — sensitive to cost assumptions,0.0,3822.0,18848.0,0.657,,3.0,2.0,56544.0,True
119011658,Panania (South) - Picnic Point,New South Wales,204.0,328407.6287061125,40385.089334678894,-127746.97754127577,349964.3244721728,-20012.165705867606,-231620.14717417263,2,1,Mixed — sensitive to cost assumptions,0.0,15355.0,18848.0,0.657,,14.0,9.0,263872.0,True
119021362,Belmore - Belfield,New South Wales,72.0,96220.63058667505,-107124.74441781525,-214691.48766539787,115359.00220024883,-18506.917496931805,-95110.55512750839,1,1,Mixed — sensitive to cost assumptions,0.0,12678.0,18848.0,0.657,,5.0,3.0,94240.0,True
119021366,Punchbowl,New South Wales,114.0,261773.97186698913,-253684.41021675037,-517702.99234404,198051.7163744705,-67071.21666092056,-194841.68636175638,1,1,Mixed — sensitive to cost assumptions,4.0,21771.0,24500.0,0.5,28.5,4.0,1.0,98000.0,True
119021573,Lakemba,New South Wales,57.0,-71662.16343610437,-598575.0263905118,-845889.7841677478,58374.953300602094,-142366.75048644468,-227360.42753614447,0,1,Not viable under any scenario,4.0,13680.0,42500.0,0.0,14.25,0.0,0.0,0.0,False
119021660,Campsie - South,New South Wales,98.0,421860.06387822254,313876.4385085218,253255.79605218215,339780.67490389955,251470.37433072377,204939.44523815817,3,3,Robust — viable even without subsidy,2.0,13645.0,6500.0,1.0,49.0,5.0,2.0,32500.0,True
119021662,Earlwood,New South Wales,159.0,273497.9826015894,31277.57018356862,-108343.56123215631,277669.04954714107,-12172.696260993354,-176428.1611191327,2,1,Mixed — sensitive to cost assumptions,0.0,12676.0,18848.0,0.657,,11.0,7.0,207328.0,True
119021663,Kingsgrove - North,New South Wales,115.0,-29925.774514678153,-392468.31746487727,-583668.0039242228,-84038.53640156261,-514110.19877106976,-737210.7457068154,0,0,Not viable under any scenario,2.0,9565.0,42500.0,0.0,57.5,6.0,3.0,255000.0,True
119031370,Narwee - Beverly Hills,New South Wales,134.0,198773.5855785303,-82955.55532905755,-218782.66306946258,159342.39835743402,-193493.23148504144,-368051.19627862953,1,1,Mixed — sensitive to cost assumptions,5.0,10047.0,30500.000000000004,0.3333333333333333,26.8,4.0,1.0,122000.00000000001,True
119031372,Peakhurst - Lugarno,New South Wales,238.0,73476.8971541264,-745263.8506925997,-1145363.2074311865,27776.423746180022,-875182.1004359958,-1295072.491796422,1,1,Mixed — sensitive to cost assumptions,8.0,22634.0,42500.0,0.0,29.75,8.0,2.0,340000.0,True
119031374,South Hurstville - Blakehurst,New South Wales,228.0,287444.4021225127,54556.170170313315,-81668.18386722222,398357.7146331314,-23784.833673310466,-260073.7254689164,2,1,Mixed — sensitive to cost assumptions,0.0,11682.0,18848.0,0.657,,16.0,10.0,301568.0,True
119031664,Hurstville - Central,New South Wales,326.0,418198.9091064626,3763.6303657134995,-204586.4627354069,475571.49099856743,-272610.0255205539,-658838.5046689797,2,1,Mixed — sensitive to cost assumptions,6.0,17360.0,24500.0,0.5,54.333333333333336,16.0,8.0,392000.0,True
119031666,Mortdale - Oatley,New South Wales,275.0,-2953.332284058706,-552495.9419870796,-853895.5963017924,-238428.854821101,-1259468.026127637,-1800442.7327977277,0,0,Not viable under any scenario,3.0,13623.0,42500.0,0.0,91.66666666666667,16.0,8.0,680000.0,True
119031667,Penshurst,New South Wales,104.0,149019.31902088292,23044.69504889814,-49732.01420667989,181003.31572721002,-12934.674265603346,-121659.73799874622,2,1,Mixed — sensitive to cost assumptions,0.0,6599.0,18848.0,0.657,,7.0,5.0,131936.0,True
119041378,Kogarah,New South Wales,214.0,417236.75960182294,-115874.88474906146,-331461.5107015789,345806.29211125086,-293778.3572166193,-567101.3038624959,1,1,Mixed — sensitive to cost assumptions,12.0,17212.0,33500.0,0.25,17.833333333333332,3.0,0.0,100500.0,True
119041379,Kogarah Bay - Carlton - Allawah,New South Wales,85.0,167825.8622212188,4904.372629218342,-93444.3958745988,137667.31915002607,-18716.677317073823,-108782.94521235424,2,1,Mixed — sensitive to cost assumptions,0.0,9121.0,18848.0,0.657,,6.0,4.0,113088.0,True
119041381,Rockdale - Banksia,New South Wales,141.0,552292.2421755712,413899.6655111082,336434.99077931826,479622.99596424814,360366.3645655585,292793.4980351729,3,3,Robust — viable even without subsidy,2.0,16386.0,6500.0,1.0,70.5,8.0,4.0,52000.0,True
119041382,Sans Souci - Ramsgate,New South Wales,131.0,201991.1228539408,30323.94518620819,-74528.46117068507,227157.15616860398,-20388.698814393312,-157331.2611044092,2,1,Mixed — sensitive to cost assumptions,0.0,9419.0,18848.0,0.657,,9.0,6.0,169632.0,True
119041668,Arncliffe - Bardwell Valley,New South Wales,218.0,623865.9255167602,478797.7917133338,397643.40916852414,738887.5391688745,553543.7889968317,447940.344395978,3,3,Robust — viable even without subsidy,2.0,13693.0,6500.0,1.0,109.0,13.0,7.0,84500.0,True
119041669,Bexley - North,New South Wales,201.0,675116.8275426913,517329.5598264034,424493.97377228324,677436.7212451507,504563.30398109806,405935.0116248621,3,3,Robust — viable even without subsidy,1.0,17643.0,6500.0,1.0,201.0,13.0,8.0,84500.0,True
120011383,Concord - Mortlake - Cabarita,New South Wales,394.0,255994.12134586446,-471265.1756471765,-809342.6118434534,-107255.49587788852,-1559362.5659075927,-2279353.770687296,1,0,Mixed — sensitive to cost assumptions,10.0,18858.0,42500.0,0.0,39.4,17.0,6.0,722500.0,True
120011385,Drummoyne - Rodd Point,New South Wales,195.0,301619.23693696817,239531.83263366326,207435.27422990225,677471.7023221052,505130.3382359844,413197.8197383584,3,3,Robust — viable even without subsidy,4.0,7483.0,6500.0,1.0,48.75,9.0,4.0,58500.0,True
120011386,Five Dock - Abbotsford,New South Wales,390.0,123615.84138778568,-629997.1965808963,-1002715.4426237652,-245416.05650888733,-1698820.9912118483,-2447542.4344874304,1,0,Mixed — sensitive to cost assumptions,6.0,18524.0,42500.0,0.0,65.0,20.0,10.0,850000.0,True
120011672,Concord West - North Strathfield,New South Wales,321.0,475138.61287383805,374580.66083360906,324071.95683354954,1112358.707950912,831931.1997007108,680481.2364869622,3,3,Robust — viable even without subsidy,6.0,10689.0,6500.0,1.0,53.5,16.0,7.0,104000.0,True
120021387,Balmain,New South Wales,277.0,398978.6832268769,383153.5584975218,363554.3432825626,1057912.5455448348,821581.7489112287,714215.9467313512,3,3,Robust — viable even without subsidy,22.0,8890.0,6500.0,1.0,12.590909090909092,0.0,0.0,0.0,False
120021389,Lilyfield - Rozelle,New South Wales,150.0,292887.8270577352,251835.764417457,233097.39591806315,566264.5425494344,437318.2754631085,377614.03693756997,3,3,Robust — viable even without subsidy,11.0,5848.0,6500.0,1.0,13.636363636363637,0.0,0.0,0.0,False
120021674,Annandale (NSW),New South Wales,156.0,226026.51966892605,217059.1765142808,205953.46765931282,607069.503258151,477865.1418175159,420796.2710777697,3,3,Robust — viable even without subsidy,15.0,5143.0,6500.0,1.0,10.4,0.0,0.0,0.0,False
120021675,Leichhardt,New South Wales,378.0,733554.9869979658,547354.4974122419,484357.83484734636,1294047.8159611868,855793.483854326,653909.6196381153,3,3,Robust — viable even without subsidy,21.0,13671.0,10100.0,0.9,18.0,5.0,0.0,50500.0,True
120031392,Canterbury (North) - Ashbury,New South Wales,191.0,440475.834745132,339636.29970561515,282515.96680554596,641385.9843978902,478285.2086691669,384459.19350396347,3,3,Robust — viable even without subsidy,1.0,10320.0,6500.0,1.0,191.0,12.0,7.0,78000.0,True
120031393,Croydon Park - Enfield,New South Wales,63.0,115452.80114046604,-17005.762142719344,-89495.46739852597,109504.82470932632,-7738.964142800505,-73920.03480022053,1,1,Mixed — sensitive to cost assumptions,0.0,6851.0,18848.0,0.657,,5.0,3.0,94240.0,True
120031394,Dulwich Hill - Lewisham,New South Wales,134.0,335640.70102304587,316750.8321435214,299527.7603988798,534563.4710524895,428639.26874650933,383851.5783083025,3,3,Robust — viable even without subsidy,16.0,7367.0,6500.0,1.0,8.375,0.0,0.0,0.0,False
120031395,Haberfield - Summer Hill,New South Wales,957.0,1414885.7771715547,1110205.2969226157,948670.9919839054,3289756.6185567225,2466831.9478271734,2010809.5780955842,3,3,Robust — viable even without subsidy,13.0,9782.0,6500.0,1.0,73.61538461538461,51.0,26.0,331500.0,True
120031396,Homebush,New South Wales,313.0,527670.0236086724,274332.18383811385,172786.87092908449,775574.5078093954,201852.37469930627,-70396.01660274898,3,2,Mixed — sensitive to cost assumptions,12.0,13837.0,18500.0,0.6666666666666666,26.083333333333332,9.0,1.0,166500.0,True
120031576,Strathfield South,New South Wales,84.0,126071.22797272675,7438.571139948137,-61742.90268300105,148978.15326992824,-6418.841051691648,-93355.72975525609,2,1,Mixed — sensitive to cost assumptions,0.0,6132.0,18848.0,0.657,,6.0,4.0,113088.0,True
120031677,Ashfield - South,New South Wales,132.0,477114.4177413456,420616.86788408336,390069.08283711364,534033.9944939581,406588.1000997541,361783.4617064946,3,3,Robust — viable even without subsidy,23.0,10797.0,13699.999999999998,0.8,5.739130434782608,0.0,0.0,0.0,False
120031678,Burwood (NSW),New South Wales,192.0,373771.19274267956,181348.75069926924,127120.32579741812,385474.75603181263,-140995.9192190547,-359507.9698578356,3,1,Mixed — sensitive to cost assumptions,12.0,8213.0,30500.000000000004,0.3333333333333333,16.0,1.0,0.0,30500.000000000004,True
120031679,Croydon,New South Wales,118.0,281755.072649122,89809.9948832339,31335.02492999105,256401.17744615753,-66946.20539300918,-197681.87367089745,3,1,Mixed — sensitive to cost assumptions,8.0,6312.0,30500.000000000004,0.3333333333333333,14.75,0.0,0.0,0.0,False
120031681,Strathfield - West,New South Wales,356.0,545144.4476461218,332649.3414724898,240706.59393608232,994385.5678733072,480314.26139928645,221001.94464562595,3,3,Robust — viable even without subsidy,10.0,13698.0,13699.999999999998,0.8,35.6,14.0,5.0,191799.99999999997,True
121011399,Chatswood (West) - Lane Cove North,New South Wales,638.0,925354.5349425242,888659.6125962762,843213.3679393481,2050915.798332659,952611.4752698626,516682.4102855313,3,3,Robust — viable even without subsidy,48.0,15868.0,17088.235294117647,0.7058823529411765,13.291666666666666,0.0,0.0,0.0,False
121011682,Artarmon,New South Wales,320.0,443600.33835269604,203272.61285476302,125184.68683833067,612226.1903853812,-118197.987949387,-464081.2817427841,3,1,Mixed — sensitive to cost assumptions,12.0,7907.0,24500.0,0.5,26.666666666666668,10.0,1.0,245000.0,True
121011683,Castle Cove - Northbridge,New South Wales,207.0,115588.7174851214,-139997.26975720172,-251718.4891742367,-109519.86406057575,-890150.0205626583,-1283548.84292734,1,0,Mixed — sensitive to cost assumptions,4.0,4054.0,42500.0,0.0,51.75,10.0,5.0,425000.0,True
121011684,Chatswood - East,New South Wales,439.0,-46412.58146861999,-593070.3682447729,-896403.4703913666,-508303.82701727335,-2143548.6404318647,-3037228.53983589,0,0,Not viable under any scenario,1.0,9333.0,42500.0,0.0,439.0,29.0,17.0,1232500.0,True
121011685,Greenwich - Riverview,New South Wales,745.0,1067367.8075696134,1025024.508232578,972583.4874667029,2460188.4355855007,1148635.9872022737,649021.6566309339,3,3,Robust — viable even without subsidy,62.0,19642.0,17750.0,0.6875,12.016129032258064,0.0,0.0,0.0,False
121011686,Lane Cove,New South Wales,774.0,1173363.9816920278,855151.9522335494,748637.5070191501,2402481.4179686364,1343946.3265137258,845431.3288211857,3,3,Robust — viable even without subsidy,36.0,21172.0,12852.941176470591,0.8235294117647058,21.5,16.0,0.0,205647.05882352946,True
121011687,Willoughby,New South Wales,481.0,630588.9655699149,489874.4821504522,413819.914623318,1635331.2643429118,1218929.3285330015,985493.5089784176,3,3,Robust — viable even without subsidy,4.0,10676.0,6500.0,1.0,120.25,29.0,16.0,188500.0,True
121021403,Asquith - Mount Colah,New South Wales,551.0,193429.30203226392,-1023505.3721408886,-1627023.4229529777,-283970.6338312029,-2324590.4915392697,-3365549.6519499714,1,0,Mixed — sensitive to cost assumptions,10.0,31700.0,42500.0,0.0,55.1,27.0,13.0,1147500.0,True
121021404,Berowra - Brooklyn - Cowan,New South Wales,128.0,147850.4547045802,-71760.23278288732,-177802.0763609044,132699.91244150797,-219404.5315207041,-393693.3375289993,1,1,Mixed — sensitive to cost assumptions,4.0,8750.0,30500.000000000004,0.3333333333333333,32.0,5.0,2.0,152500.00000000003,True
121021406,Normanhurst - Thornleigh - Westleigh,New South Wales,410.0,472006.4221452647,182874.48562109983,38936.918057012896,845395.3622406562,104135.1296993871,-288900.6286720203,3,2,Mixed — sensitive to cost assumptions,6.0,14704.0,18500.0,0.6666666666666666,68.33333333333333,22.0,11.0,407000.0,True
121031407,Gordon - Killara,New South Wales,625.0,477435.16362008126,98045.76235667281,-122319.45495526268,1120329.200062743,-38548.5067118915,-682176.2905116859,2,1,Mixed — sensitive to cost assumptions,0.0,14084.0,18848.0,0.657,,42.0,25.0,791616.0,True
121031408,Lindfield - Roseville,New South Wales,439.0,662088.3909198447,557310.4595423191,512999.49047196214,1604541.206041531,1223502.02151054,1035671.698287437,3,3,Robust — viable even without subsidy,22.0,9263.0,6500.0,1.0,19.954545454545453,8.0,0.0,52000.0,True
121031409,Pymble,New South Wales,556.0,390701.2288405921,-30026.750424265832,-252406.09521207583,674333.5724183235,-583322.6656774096,-1269872.983583464,1,1,Mixed — sensitive to cost assumptions,4.0,12110.0,24500.0,0.5,139.0,34.0,19.0,833000.0,True
121031410,St Ives,New South Wales,604.0,400013.6533070003,-48518.54553799817,-292806.2851519085,741876.7888399549,-652984.6515564343,-1402383.1857920415,1,1,Mixed — sensitive to cost assumptions,4.0,14398.0,24500.0,0.5,151.0,37.0,21.0,906500.0,True
121031412,Wahroonga (East) - Warrawee,New South Wales,1101.0,560449.0284708288,-533095.7378635183,-1077366.4958926055,301197.39265780384,-3015130.6230285927,-4759566.847556418,1,1,Mixed — sensitive to cost assumptions,12.0,31276.0,33500.0,0.25,91.75,62.0,33.0,2077000.0,True
121041413,Cremorne - Cammeray,New South Wales,379.0,569211.9131011058,233102.56582609387,142034.82375148238,337998.8748745563,-1079543.2530081535,-1677782.8295027222,3,1,Mixed — sensitive to cost assumptions,20.0,12038.0,42500.0,0.0,18.95,6.0,0.0,255000.0,True
121041416,Neutral Bay - Kirribilli,New South Wales,256.0,406584.6935408455,318957.74311590416,276945.15563392953,892103.4350743209,672518.1830861191,553576.1208886269,3,3,Robust — viable even without subsidy,6.0,9798.0,6500.0,1.0,42.666666666666664,12.0,5.0,78000.0,True
121041417,North Sydney - Lavender Bay,New South Wales,379.0,552939.5718314113,520091.9597743577,491490.47444598284,1231629.0118424122,629449.6314324522,382369.19532171206,3,3,Robust — viable even without subsidy,27.0,10511.0,15500.0,0.75,14.037037037037036,0.0,0.0,0.0,False
121041688,Mosman - North,New South Wales,766.0,741975.8908385311,42524.66419219226,-244059.28693395297,758229.0098032843,-1370203.9905142968,-2427814.7866895273,2,1,Mixed — sensitive to cost assumptions,18.0,18489.0,30500.000000000004,0.3333333333333333,42.55555555555556,34.0,13.0,1037000.0000000001,True
122011418,Balgowlah - Clontarf - Seaforth,New South Wales,641.0,778636.6820688567,317749.9261476848,123947.0712383033,1283699.6388969547,11423.740549092065,-633245.6233646197,3,2,Mixed — sensitive to cost assumptions,16.0,19915.0,20900.0,0.6,40.0625,27.0,10.0,564300.0,True
122011419,Manly - Fairlight,New South Wales,391.0,593539.4112768391,471224.28776979307,412877.20032784634,1371593.942106485,1034005.0736289653,853772.215054757,3,3,Robust — viable even without subsidy,10.0,12997.0,6500.0,1.0,39.1,17.0,6.0,110500.0,True
122021420,Avalon - Palm Beach,New South Wales,355.0,-6843.080680333776,-550816.2482410681,-842823.3170858918,-366623.0095618199,-1695605.072496794,-2410621.458024453,0,0,Not viable under any scenario,2.0,13300.0,42500.0,0.0,177.5,22.0,13.0,935000.0,True
122021421,Bayview - Elanora Heights,New South Wales,360.0,494922.7743083872,-35796.937369515465,-258663.01066121928,439800.2300852127,-557200.2800353185,-1034116.3564287202,1,1,Mixed — sensitive to cost assumptions,12.0,18770.0,30500.000000000004,0.3333333333333333,30.0,12.0,3.0,366000.00000000006,True
122021422,Newport - Bilgola,New South Wales,146.0,339485.0305288228,268526.4600606861,233446.53234068706,517798.36137415713,391462.5148949193,325544.83219077834,3,3,Robust — viable even without subsidy,5.0,7434.0,6500.0,1.0,29.2,5.0,1.0,32500.0,True
122021690,Mona Vale - Warriewood (North),New South Wales,257.0,544236.4315443157,129270.82906732892,-44546.72159750645,543377.3183222478,-40148.68230113268,-305518.4322441142,2,1,Mixed — sensitive to cost assumptions,12.0,14946.0,24500.0,0.5,21.416666666666668,6.0,0.0,147000.0,True
122031425,Cromer,New South Wales,402.0,659880.7629259925,-178835.56343699255,-557103.8644280387,535736.5998480503,-575841.1268624845,-1097817.443763831,1,1,Mixed — sensitive to cost assumptions,15.0,27784.0,30500.000000000004,0.3333333333333333,26.8,12.0,2.0,366000.00000000006,True
122031427,Forestville - Killarney Heights,New South Wales,213.0,-1827.8702953635584,-340114.4121290911,-523819.0967457513,-204860.00945677896,-987831.1512954157,-1410485.6238817375,0,0,Not viable under any scenario,2.0,8701.0,42500.0,0.0,106.5,13.0,7.0,552500.0,True
122031429,Freshwater - Brookvale,New South Wales,217.0,378337.14088350977,194247.19280360514,125411.4402891009,552294.3501516415,151432.09450840828,-34672.08504201894,3,2,Mixed — sensitive to cost assumptions,9.0,9497.0,18500.0,0.6666666666666666,24.11111111111111,6.0,0.0,111000.0,True
122031430,Manly Vale - Allambie Heights,New South Wales,358.0,725502.8339537489,480109.1704794755,369250.688832375,1098252.111370369,641971.3611682814,414298.1553649135,3,3,Robust — viable even without subsidy,12.0,17927.0,11642.857142857145,0.8571428571428571,29.833333333333332,12.0,3.0,139714.28571428574,True
122031432,Terrey Hills - Duffys Forest,New South Wales,82.0,136735.9679273125,108921.39397795245,95816.15078453405,290669.4133917876,218717.29354005068,181631.53206343632,3,3,Robust — viable even without subsidy,3.0,3473.0,6500.0,1.0,27.333333333333332,3.0,1.0,19500.0,True
122031692,Belrose,New South Wales,168.0,258829.61891012255,45055.046339069566,-57441.20142066803,291893.5715917478,-94334.9973518548,-283222.85496909363,2,1,Mixed — sensitive to cost assumptions,5.0,8785.0,24500.0,0.5,33.6,7.0,2.0,171500.0,True
122031693,Collaroy - Collaroy Plateau,New South Wales,175.0,346720.74178035086,138906.53070300052,38849.52189058118,403717.4179202869,80861.09622779037,-78656.0244996635,3,2,Mixed — sensitive to cost assumptions,5.0,10678.0,18500.0,0.6666666666666666,35.0,7.0,2.0,129500.0,True
122031696,Frenchs Forest - Oxford Falls,New South Wales,207.0,484985.81504927704,465679.00512213225,441769.6291236936,785228.3749124755,465833.804546808,359369.93745899724,3,3,Robust — viable even without subsidy,24.0,10170.0,15500.0,0.75,8.625,0.0,0.0,0.0,False
123011701,Mount Annan,New South Wales,301.0,-8952.460179043817,-1172838.2660052083,-1755254.3627794923,-52024.91717734048,-1181919.8063575255,-1729312.3473366564,0,0,Not viable under any scenario,8.0,32201.0,42500.0,0.0,37.625,13.0,5.0,552500.0,True
123021438,Claymore - Eagle Vale - Raby,New South Wales,35.0,55747.9134731675,-77772.37519206166,-148100.30300960562,60314.650641219836,-15954.966696200423,-54823.13478549689,1,1,Mixed — sensitive to cost assumptions,0.0,8699.0,18848.0,0.657,,3.0,2.0,56544.0,True
123021439,Holsworthy Military Area,New South Wales,107.0,172502.06747306604,12210.48486828991,-75974.97028891472,178677.85425246737,-14814.041820887433,-126430.57537164888,2,1,Mixed — sensitive to cost assumptions,0.0,8823.0,18848.0,0.657,,8.0,5.0,150784.0,True
123021443,Minto - St Andrews,New South Wales,150.0,-94742.4922377922,-802761.8337445493,-1162748.3071821965,-45246.46196048871,-596029.8211898281,-870722.6312607025,0,0,Not viable under any scenario,4.0,19144.0,42500.0,0.0,37.5,6.0,2.0,255000.0,True
123021444,Rosemeadow - Glen Alpine,New South Wales,6.0,3786.2074699696295,-13090.970817498503,-20879.041049108662,6680.511880791946,-11987.571143166442,-20482.874117432966,1,1,Mixed — sensitive to cost assumptions,0.0,602.0,18848.0,0.657,,1.0,1.0,18848.0,True
123021703,Denham Court - Bardia,New South Wales,336.0,99839.80710560299,-901162.8277679966,-1403744.528751762,-93214.22299157717,-1345478.8417120567,-1963456.8741035757,1,0,Mixed — sensitive to cost assumptions,8.0,23372.0,42500.0,0.0,42.0,15.0,6.0,637500.0,True
123021704,Glenfield,New South Wales,100.0,137214.3252620932,16650.74060344803,-53955.29540331945,165956.8073339641,-10290.91494353184,-114207.45514223195,2,1,Mixed — sensitive to cost assumptions,0.0,5968.0,18848.0,0.657,,7.0,4.0,131936.0,True
123021706,Macquarie Fields,New South Wales,45.0,90847.01679879281,-40014.979663607846,-116543.51068916055,69291.07351403299,-9269.946431727672,-57030.53409261801,1,1,Mixed — sensitive to cost assumptions,0.0,7883.0,18848.0,0.657,,3.0,2.0,56544.0,True
123031446,Douglas Park - Appin,New South Wales,554.0,594377.4531385696,-1250801.3225153673,-2065882.9762000858,638372.977188109,-1172623.402357466,-1965557.8675446806,1,1,Mixed — sensitive to cost assumptions,26.0,69229.0,36500.00000000001,0.16666666666666666,21.307692307692307,11.0,0.0,401500.00000000006,True
123031447,Picton - Tahmoor - Buxton,New South Wales,43.0,187946.45841046594,142811.79985695076,120328.91947271358,156533.76536207303,119495.2064329744,101422.00332200367,3,3,Robust — viable even without subsidy,3.0,9874.0,6500.0,1.0,14.333333333333334,0.0,0.0,0.0,False
123031448,The Oaks - Oakdale,New South Wales,439.0,1624877.098661765,1248322.864598676,1070706.8278992367,1641160.92435139,1259613.132621651,1079989.8801056186,3,3,Robust — viable even without subsidy,28.0,51159.0,6500.0,1.0,15.678571428571429,2.0,0.0,13000.0,True
124011449,Blackheath - Megalong Valley,New South Wales,55.0,130908.99642602277,125553.77764661793,118926.28099173549,214704.9500949794,200460.15363568757,188208.31778777292,3,3,Robust — viable even without subsidy,13.0,3593.0,6500.0,1.0,4.230769230769231,0.0,0.0,0.0,False
124011450,Blaxland - Warrimoo - Lapstone,New South Wales,212.0,197469.1828353065,-336783.8988433057,-563741.427187661,32735.31760829802,-753035.351714779,-1120683.8724080978,1,1,Mixed — sensitive to cost assumptions,8.0,13974.0,42500.0,0.0,26.5,7.0,1.0,297500.0,True
124011451,Blue Mountains - North,New South Wales,10.0,22639.063750342226,21612.550220724122,20345.629396899116,30725.904777354295,29334.26450307575,27617.482873057845,3,3,Robust — viable even without subsidy,6.0,1002.0,6500.0,1.0,1.6666666666666667,0.0,0.0,0.0,False
124011452,Katoomba - Leura,New South Wales,156.0,385632.06219158747,370028.5157155175,350712.5838399016,620118.5338908817,551992.1988390969,512599.61344080424,3,3,Robust — viable even without subsidy,32.0,9641.0,9772.727272727274,0.9090909090909091,4.875,0.0,0.0,0.0,False
124011453,Lawson - Hazelbrook - Linden,New South Wales,145.0,156744.1174659307,-174215.1831355517,-308826.8127487566,48813.78671287146,-500457.5901748816,-748705.3703749856,1,1,Mixed — sensitive to cost assumptions,6.0,8888.0,42500.0,0.0,24.166666666666668,4.0,0.0,170000.0,True
124011454,Springwood - Winmalee,New South Wales,187.0,563342.0162884898,428790.54832190345,353632.7190765657,637213.3891176814,474559.07773060736,384094.5342117174,3,3,Robust — viable even without subsidy,2.0,16628.0,6500.0,1.0,93.5,11.0,6.0,71500.0,True
124011455,Wentworth Falls,New South Wales,92.0,229038.55379692843,187085.5785705489,170794.73943036675,345987.63588148134,269069.46292605577,232652.80472978938,3,3,Robust — viable even without subsidy,7.0,4627.0,6500.0,1.0,13.142857142857142,0.0,0.0,0.0,False
124021456,Blue Mountains - South,New South Wales,12.0,22913.488005690182,21408.307054328245,19575.88142886414,14471.97356125508,13680.410303840014,12708.638760557878,3,3,Robust — viable even without subsidy,17.0,4420.0,6500.0,1.0,0.7058823529411765,0.0,0.0,0.0,False
124031463,Mulgoa - Luddenham - Orchard Hills,New South Wales,232.0,438283.49115415756,18688.442948999495,-219945.5240886428,400476.21785071,-26428.592995381943,-267526.00832543074,2,1,Mixed — sensitive to cost assumptions,0.0,24822.0,18848.0,0.657,,16.0,10.0,301568.0,True
124031464,Penrith,New South Wales,277.0,634957.1546177348,-155107.82428236533,-520293.32906967367,583231.300089772,-46375.31656421136,-332699.1997129427,1,1,Mixed — sensitive to cost assumptions,13.0,38499.0,24500.0,0.5,21.307692307692307,6.0,0.0,147000.0,True
124031465,Warragamba - Silverdale,New South Wales,21.0,24092.293064252062,-71604.28624633221,-118271.74882490638,34970.000064729924,-3695.2894382217637,-26129.848359857664,1,1,Mixed — sensitive to cost assumptions,0.0,5859.0,18848.0,0.657,,2.0,1.0,37696.0,True
124031707,Cranebrook - Castlereagh,New South Wales,82.0,191166.05915991182,-34344.991980922336,-155556.55065786612,140090.22388528555,-13490.405589924834,-99542.597560099,1,1,Mixed — sensitive to cost assumptions,0.0,12112.0,18848.0,0.657,,6.0,4.0,113088.0,True
124031708,Jordan Springs - Llandilo,New South Wales,299.0,349797.6458050433,-744463.7816211372,-1315851.0489844836,251637.27596042803,-566374.348567856,-986945.41851807,1,1,Mixed — sensitive to cost assumptions,6.0,35123.0,30500.000000000004,0.3333333333333333,49.833333333333336,14.0,6.0,427000.00000000006,True
124041466,Richmond - Clarendon,New South Wales,35.0,-10092.394803195792,-233238.32857791887,-328823.0472955771,33068.21302590951,-123467.46479100303,-183892.2728225162,0,1,Not viable under any scenario,2.0,6251.0,42500.0,0.0,17.5,1.0,0.0,42500.0,True
124041468,Yarramundi - Londonderry,New South Wales,66.0,375810.16140207404,269937.30241613515,213227.1015392639,235454.86549469904,180006.34780537855,151025.27084989432,3,3,Robust — viable even without subsidy,3.0,14255.0,6500.0,1.0,22.0,2.0,0.0,13000.0,True
124051470,St Clair,New South Wales,92.0,289442.8683577901,-65251.09381850483,-262229.9638002868,150388.36606852937,-9904.370669771437,-105813.18803026792,1,1,Mixed — sensitive to cost assumptions,0.0,19259.0,18848.0,0.657,,7.0,4.0,131936.0,True
124051581,St Marys - North St Marys,New South Wales,151.0,319367.8714955022,-243206.96080544678,-530436.2086544012,266596.19747505704,-75361.64797448824,-243057.90472427075,1,1,Mixed — sensitive to cost assumptions,5.0,24517.0,24500.0,0.5,30.2,6.0,2.0,147000.0,True
125011582,Auburn - Central,New South Wales,205.0,757593.8173453349,560372.9096264961,451216.6951462579,694650.568142123,521013.8953088707,421846.0552922442,3,3,Robust — viable even without subsidy,2.0,24245.0,6500.0,1.0,102.5,12.0,7.0,78000.0,True
125011586,Lidcombe,New South Wales,345.0,493079.3059286036,93113.63970788842,-139849.58814288647,604496.1409466749,-20380.410731130134,-375965.9301741995,2,1,Mixed — sensitive to cost assumptions,0.0,21963.0,18848.0,0.657,,23.0,14.0,433504.0,True
125011587,Regents Park,New South Wales,87.0,119110.22108259136,-229.32025763359707,-67923.58308858686,143648.49038418685,-11883.144149452957,-102982.17249540263,1,1,Mixed — sensitive to cost assumptions,0.0,6992.0,18848.0,0.657,,6.0,4.0,113088.0,True
125011709,Silverwater - Newington,New South Wales,56.0,86673.09766573523,761.5215674615174,-54165.991394030476,98380.34813621303,-13204.366618238124,-72420.28170295432,2,1,Mixed — sensitive to cost assumptions,0.0,5110.0,18848.0,0.657,,4.0,3.0,75392.0,True
125011710,Wentworth Point - Sydney Olympic Park,New South Wales,370.0,459084.6864208011,185402.31808945438,49049.295813127406,777975.5380133865,109060.23954767425,-242760.93495236244,3,2,Mixed — sensitive to cost assumptions,6.0,15096.0,18500.0,0.6666666666666666,61.666666666666664,19.0,9.0,351500.0,True
125021477,Ermington - Rydalmere,New South Wales,341.0,457168.71109948494,29335.74422079668,-189844.82002595454,518378.7557826678,-258324.17460856106,-657075.2923866388,2,1,Mixed — sensitive to cost assumptions,7.0,16962.0,24500.0,0.5,48.714285714285715,16.0,7.0,392000.0,True
125021478,Oatlands - Dundas Valley,New South Wales,314.0,327099.5718349109,56997.36575754509,-97606.8177161273,557631.4283533113,-22073.145239124715,-346012.5987821896,2,1,Mixed — sensitive to cost assumptions,0.0,13725.0,18848.0,0.657,,21.0,13.0,395808.0,True
125021712,Carlingford - West,New South Wales,414.0,415598.127686728,78056.46632875931,-120068.00342748582,740664.7538099291,-29017.15601079224,-455750.54364506935,2,1,Mixed — sensitive to cost assumptions,0.0,17304.0,18848.0,0.657,,28.0,17.0,527744.0,True
125031479,Chester Hill - Sefton,New South Wales,68.0,149275.65950886213,-68549.15331181677,-189732.71622032774,114745.57330879566,-17665.147200923486,-90105.37970901073,1,1,Mixed — sensitive to cost assumptions,0.0,12651.0,18848.0,0.657,,5.0,3.0,94240.0,True
125031481,Granville - Clyde,New South Wales,192.0,547611.4236838729,187258.43935011904,44311.360562803064,555720.1196401487,173602.12542643654,19683.978655368323,3,3,Robust — viable even without subsidy,14.0,18757.0,20900.0,0.6,13.714285714285714,0.0,0.0,0.0,False
125031484,Guildford West - Merrylands West,New South Wales,90.0,-299694.4637699677,-1025315.9122294121,-1353579.4728377967,39719.08811394982,-308773.8688450405,-461814.3360941593,0,1,Not viable under any scenario,4.0,22900.0,42500.0,0.0,22.5,2.0,0.0,85000.0,True
125031714,Merrylands - Holroyd,New South Wales,144.0,668362.1691293514,482360.5862627723,380351.0186214304,491336.47518800705,365663.08749577263,296240.48141470266,3,3,Robust — viable even without subsidy,2.0,23892.0,6500.0,1.0,72.0,8.0,4.0,52000.0,True
125031715,Pemulwuy - Greystanes (North),New South Wales,596.0,1925872.7764972234,1470347.2591779984,1207998.4887395916,2018814.9098879187,1501807.3777169846,1210312.4852230335,3,3,Robust — viable even without subsidy,3.0,52594.0,6500.0,1.0,198.66666666666666,37.0,21.0,240500.0,True
125041489,North Parramatta,New South Wales,208.0,567517.6697798673,439114.3120587512,369493.0599002799,720189.0349890398,538544.5610404422,440357.09757237043,3,3,Robust — viable even without subsidy,4.0,14218.0,6500.0,1.0,52.0,10.0,5.0,65000.0,True
125041491,Northmead,New South Wales,120.0,17503.976826111306,-308797.9418292975,-470850.43272006995,-98286.57850215292,-534402.9373305979,-767527.5933693917,1,0,Mixed — sensitive to cost assumptions,2.0,7671.0,42500.0,0.0,60.0,6.0,3.0,255000.0,True
125041493,Toongabbie - Constitution Hill,New South Wales,129.0,234195.4185586745,14227.13325830319,-112526.27676947063,219590.94609439193,-14258.310496565842,-148547.7158102959,2,1,Mixed — sensitive to cost assumptions,0.0,11577.0,18848.0,0.657,,9.0,6.0,169632.0,True
125041717,Parramatta - North,New South Wales,335.0,945855.1321279815,811869.0378368191,750623.3217428018,1320688.0155241704,1037159.8863404144,917299.9164570608,3,3,Robust — viable even without subsidy,34.0,20033.0,6500.0,1.0,9.852941176470589,0.0,0.0,0.0,False
126011496,Pennant Hills - Cheltenham,New South Wales,291.0,8958.59408930171,-333984.94519478036,-521992.63711495115,-291265.63333062094,-1351570.5449655624,-1930013.9231367996,1,0,Mixed — sensitive to cost assumptions,2.0,7864.0,42500.0,0.0,145.5,18.0,10.0,765000.0,True
126011721,Epping (NSW) - West,New South Wales,543.0,479961.02084661624,100480.87809057505,-119997.16276210654,961852.2702497112,-30073.513651297137,-589327.8463564091,2,1,Mixed — sensitive to cost assumptions,0.0,19210.0,18848.0,0.657,,37.0,22.0,697376.0,True
126021498,Gladesville - Huntleys Point,New South Wales,258.0,160852.6338558324,-299988.9135911187,-507657.7594054058,-84176.98217962371,-1060225.6918024973,-1540152.053746502,1,0,Mixed — sensitive to cost assumptions,6.0,11244.0,42500.0,0.0,43.0,12.0,5.0,510000.0,True
126021499,Hunters Hill - Woolwich,New South Wales,284.0,205465.42614712578,34904.170369910375,-66982.7935250325,498145.6938349532,-23787.247435487807,-317523.5940729145,2,1,Mixed — sensitive to cost assumptions,0.0,6511.0,18848.0,0.657,,19.0,12.0,358112.0,True
126021500,Macquarie Park - Marsfield,New South Wales,1149.0,1586434.2535538618,942979.9537065784,711344.29690861,2971538.7642603815,1037821.8817690205,96855.63171921973,3,3,Robust — viable even without subsidy,39.0,22563.0,16785.714285714283,0.7142857142857143,29.46153846153846,38.0,7.0,637857.1428571427,True
126021503,West Ryde - Meadowbank,New South Wales,306.0,44671.77685984336,-551602.6630983112,-865484.3142855371,-226066.5461060114,-1362338.2016134134,-1956485.3151102536,1,0,Mixed — sensitive to cost assumptions,4.0,15466.0,42500.0,0.0,76.5,17.0,9.0,722500.0,True
126021723,Eastwood,New South Wales,466.0,754477.8397686533,589409.308336168,496763.96421009477,1584560.6811381443,1184272.4977965523,958608.6240582168,3,3,Robust — viable even without subsidy,4.0,17977.0,6500.0,1.0,116.5,28.0,15.0,182000.0,True
126021724,Ryde - North,New South Wales,539.0,929502.6241547918,724494.5526861382,606775.3432142611,1825875.4750923768,1361883.6600165495,1098909.415481918,3,3,Robust — viable even without subsidy,3.0,23164.0,6500.0,1.0,179.66666666666666,33.0,19.0,214500.0,True
127011504,Ashcroft - Busby - Miller,New South Wales,107.0,252192.93541279522,-172472.1261940021,-405348.5853549497,178677.85425246737,-14814.041820887433,-126430.57537164888,1,1,Mixed — sensitive to cost assumptions,0.0,26836.0,18848.0,0.657,,8.0,5.0,150784.0,True
127011592,Badgerys Creek,New South Wales,0.0,-18429.052163272117,-18154.568818377593,-22085.360289597702,0.0,0.0,0.0,0,0,Not viable under any scenario,0.0,146.0,18848.0,0.657,,0.0,0.0,0.0,False
127011597,West Hoxton - Middleton Grange,New South Wales,287.0,566407.915744841,56793.76320091824,-238400.51213590745,509978.46082704386,-25904.646361384453,-322680.5265337086,2,1,Mixed — sensitive to cost assumptions,0.0,27305.0,18848.0,0.657,,20.0,12.0,376960.0,True
127011726,Cobbitty - Bringelly,New South Wales,14.0,-4183.156929744435,-8816.40367799443,-17463.506591079844,23845.523491616623,-12259.677257978658,-28693.286425639242,0,1,Not viable under any scenario,0.0,2294.0,18848.0,0.657,,1.0,1.0,18848.0,True
127011728,Leppington - Catherine Field,New South Wales,547.0,1284129.6376565937,689263.4137743034,415176.26093597664,1501834.9625556394,635346.7898294637,216828.03745477844,3,3,Robust — viable even without subsidy,20.0,33844.0,15500.0,0.75,27.35,17.0,2.0,263500.0,True
127021509,Bonnyrigg Heights - Bonnyrigg,New South Wales,75.0,159503.5570451257,-31029.31874183868,-139531.05376557738,127369.17696678222,-8852.840553621048,-87135.62252692442,1,1,Mixed — sensitive to cost assumptions,0.0,10703.0,18848.0,0.657,,5.0,3.0,94240.0,True
127021511,Cabramatta - Lansvale,New South Wales,265.0,636156.4918659539,-43515.50006213022,-347121.03482747683,601568.581338217,-8342.8538945209,-274555.64258524147,1,1,Mixed — sensitive to cost assumptions,14.0,33117.0,24500.0,0.5,18.928571428571427,4.0,0.0,98000.0,True
127021514,Edensor Park,New South Wales,204.0,850472.2616978802,607400.5364345869,472337.91295924876,690990.3394561962,516762.8745463271,417833.3473710334,3,3,Robust — viable even without subsidy,2.0,32914.0,6500.0,1.0,102.0,12.0,7.0,78000.0,True
127021515,Fairfield,New South Wales,109.0,192641.44754777255,-201925.43872505412,-414552.23264680133,187565.78363711003,-9525.423799068332,-122652.20549603325,1,1,Mixed — sensitive to cost assumptions,0.0,26710.0,18848.0,0.657,,8.0,5.0,150784.0,True
127021518,Horsley Park - Kemps Creek,New South Wales,32.0,62425.62273481664,-17242.841851996127,-67865.36165562461,46982.756564255746,-9060.186611585672,-43358.14400777216,1,1,Mixed — sensitive to cost assumptions,0.0,5130.0,18848.0,0.657,,3.0,2.0,56544.0,True
127021521,Wetherill Park Industrial,New South Wales,131.0,-195716.41955776536,-934605.2747118648,-1290772.181917529,-14226.310802090899,-517456.26868574304,-755223.5244247237,0,0,Not viable under any scenario,4.0,22314.0,42500.0,0.0,32.75,5.0,2.0,212500.0,True
127031524,Holsworthy - Wattle Grove,New South Wales,34.0,21864.706217116858,-3009.9744531064407,-22316.186052865254,55870.68594889846,-17107.00211442451,-54772.651543659755,1,1,Mixed — sensitive to cost assumptions,0.0,1829.0,18848.0,0.657,,3.0,2.0,56544.0,True
127031730,Edmondson Park,New South Wales,203.0,366396.0611499538,351849.27909143176,333834.10149579943,833556.1218119382,540706.4738513611,454355.4933159895,3,3,Robust — viable even without subsidy,30.0,8212.0,15500.0,0.75,6.766666666666667,0.0,0.0,0.0,False
127031731,Liverpool - East,New South Wales,636.0,646121.1934407565,-1442822.7385577173,-2361879.0781802037,806499.2006037326,-1154807.9632234683,-2027797.9972529802,1,1,Mixed — sensitive to cost assumptions,29.0,83098.0,34500.0,0.2222222222222222,21.93103448275862,14.0,0.0,483000.0,True
128011529,Gymea - Grays Point,New South Wales,138.0,222675.15038756948,19848.618846020792,-96081.00266375253,241199.9223975379,-13492.81935210232,-156992.46616409722,2,1,Mixed — sensitive to cost assumptions,0.0,10277.0,18848.0,0.657,,10.0,6.0,188480.0,True
128011530,Miranda - Yowie Bay,New South Wales,227.0,581136.8064344556,445407.7681352314,370603.9979261227,769758.4089703915,576455.1926627161,466468.44332594424,3,3,Robust — viable even without subsidy,2.0,14370.0,6500.0,1.0,113.5,14.0,8.0,91000.0,True
128011531,Sylvania - Taren Point,New South Wales,175.0,253931.64368622843,42792.393967707685,-82001.46847892909,309080.78311296983,-17475.247139687097,-199118.4345436868,2,1,Mixed — sensitive to cost assumptions,0.0,10844.0,18848.0,0.657,,12.0,7.0,226176.0,True
128011602,Caringbah,New South Wales,317.0,190275.3388112405,-794957.1063461489,-1253255.4931667605,-13962.083800843742,-1191372.1514749022,-1755812.763511023,1,0,Mixed — sensitive to cost assumptions,10.0,25279.0,42500.0,0.0,31.7,12.0,3.0,510000.0,True
128011604,Cronulla - Kurnell - Bundeena,New South Wales,344.0,652065.2211569047,204578.46999426492,-26691.586143519788,751010.144763265,122989.87197564324,-199040.04659333912,2,2,Mixed — sensitive to cost assumptions,7.0,24032.0,18500.0,0.6666666666666666,49.142857142857146,16.0,7.0,296000.0,True
128021533,Heathcote - Waterfall,New South Wales,206.0,-62259.89479277248,-942876.9543735979,-1394177.4329249738,-113963.8287528971,-865101.9346928988,-1254233.5988333502,0,0,Not viable under any scenario,4.0,21133.0,42500.0,0.0,51.5,10.0,5.0,425000.0,True
128021535,Menai - Lucas Heights - Woronora,New South Wales,329.0,829476.5933999728,635651.2134234334,525504.7096261431,1115108.3698736236,828094.5014674885,667299.5004986795,3,3,Robust — viable even without subsidy,2.0,23089.0,6500.0,1.0,164.5,20.0,12.0,130000.0,True
128021536,Oyster Bay - Como - Jannali,New South Wales,257.0,293587.5113630004,48478.83585836881,-90547.01579002933,453399.484459168,-13119.799383430334,-277605.025000446,2,1,Mixed — sensitive to cost assumptions,0.0,12202.0,18848.0,0.657,,18.0,11.0,339264.0,True
128021537,Royal National Park,New South Wales,399.0,291923.79822242534,-634736.9918733182,-1061086.1235881804,-8175.481537047017,-1500951.600763417,-2213079.7092589634,1,0,Mixed — sensitive to cost assumptions,12.0,26272.0,42500.0,0.0,33.25,15.0,4.0,637500.0,True
201011005,Buninyong,Victoria,34.0,36644.71344621034,-5458.354375005718,-32590.929581312746,55870.68594889846,-17107.00211442451,-54772.651543659755,1,1,Mixed — sensitive to cost assumptions,0.0,3252.0,18848.0,0.657,,3.0,2.0,56544.0,True
201011006,Delacombe,Victoria,101.0,-267350.7379669902,-930010.1493409915,-1270246.9319035583,-64822.60383287391,-423106.06694592466,-613810.0386504444,0,0,Not viable under any scenario,2.0,23506.0,42500.0,0.0,50.5,5.0,3.0,212500.0,True
201011008,Wendouree - Miners Rest,Victoria,62.0,101658.6623089445,-59138.58991838194,-151340.67891537465,106468.49108261368,-10321.476547877995,-75708.09959596148,1,1,Mixed — sensitive to cost assumptions,0.0,13527.0,18848.0,0.657,,5.0,3.0,94240.0,True
201011483,Canadian - Mount Clear,Victoria,464.0,700401.1939162965,-470808.2951056833,-986614.464796866,697708.6609843834,-590656.7783081443,-1175634.764662361,1,1,Mixed — sensitive to cost assumptions,20.0,54066.0,30500.000000000004,0.3333333333333333,23.2,11.0,0.0,335500.00000000006,True
201011484,Sebastopol - Redan,Victoria,47.0,276979.18545248394,195280.6043763472,151298.2005079136,167470.43539295965,124040.1606275492,102754.8341872298,3,3,Robust — viable even without subsidy,2.0,12809.0,6500.0,1.0,23.5,2.0,0.0,13000.0,True
201021009,Bacchus Marsh Surrounds,Victoria,232.0,-237458.98680530212,-1103401.7274974324,-1579181.3295167368,-233277.48857608833,-1095251.4937501221,-1558541.079327784,0,0,Not viable under any scenario,2.0,30710.0,42500.0,0.0,116.0,14.0,8.0,595000.0,True
201021010,Creswick - Clunes,Victoria,51.0,181222.976193705,64943.11819708635,15485.668328666048,149531.00084924034,55802.30538932191,17371.14047328536,3,3,Robust — viable even without subsidy,4.0,7581.0,18500.0,0.6666666666666666,12.75,0.0,0.0,0.0,False
201021011,Daylesford,Victoria,115.0,155970.78176089504,1609.841638112186,-75667.09036268017,177687.72394689138,-87532.82862712782,-221425.33456376134,2,1,Mixed — sensitive to cost assumptions,3.0,8868.0,24500.0,0.5,38.333333333333336,5.0,2.0,122500.0,True
201021012,Gordon (Vic.),Victoria,9.0,6515.64754392525,-10734.970513781993,-22436.00437128611,3124.827114883128,-15668.927724513675,-27700.818928352164,1,1,Mixed — sensitive to cost assumptions,0.0,2025.0,18848.0,0.657,,1.0,1.0,18848.0,True
201031013,Avoca,Victoria,0.0,5301.943424686764,5013.916018132948,4661.728024042071,-4571.247381953076,-4391.981040785893,-4169.865446349292,3,0,Subsidy-dependent — viable only with current incentives,2.0,2134.0,42500.0,0.0,0.0,0.0,0.0,0.0,False
201031014,Beaufort,Victoria,51.0,-28808.541008866436,-302071.70102921425,-406021.0874816051,68687.22289152487,-124095.28541672342,-198230.74961122195,0,1,Not viable under any scenario,4.0,13285.0,42500.0,0.0,12.75,0.0,0.0,0.0,False
201031015,Golden Plains - North,Victoria,4.0,-1739.2716519337164,-15472.215956936649,-22161.46972077168,-2207.4175038507547,-2643.7593220714275,-7452.282856514177,0,0,Not viable under any scenario,0.0,876.0,18848.0,0.657,,1.0,1.0,18848.0,True
201031017,Maryborough Surrounds,Victoria,28.0,-23190.33867043437,-129809.13965433044,-176657.78983055055,44152.18715702154,-73553.13663260215,-116110.94960150043,0,1,Not viable under any scenario,2.0,14047.0,42500.0,0.0,14.0,0.0,0.0,0.0,False
202011018,Bendigo,Victoria,189.0,761288.8226798511,548556.5418745831,427522.707030692,639214.2961109529,474581.2786831681,381820.2701390805,3,3,Robust — viable even without subsidy,1.0,33479.0,6500.0,1.0,189.0,12.0,7.0,78000.0,True
202011020,East Bendigo - Kennington,Victoria,256.0,972838.1864980267,147251.74037994657,-90482.18688489974,981352.7418474152,253072.42382027407,62373.90699364977,2,3,Robust — viable even without subsidy,34.0,35281.0,33500.0,0.25,7.529411764705882,0.0,0.0,0.0,False
202011022,Kangaroo Flat - Golden Square,Victoria,70.0,72842.065115154,-143535.6164340601,-260117.4733469522,123633.50269343838,-12262.091020156033,-86143.15502963733,1,1,Mixed — sensitive to cost assumptions,0.0,17137.0,18848.0,0.657,,5.0,3.0,94240.0,True
202021026,Bendigo Surrounds - South,Victoria,10.0,49303.26130317903,17544.539821046994,10493.788303084115,35297.15215930737,33726.245543861645,31787.348319407138,3,3,Robust — viable even without subsidy,4.0,2415.0,42500.0,0.0,2.5,0.0,0.0,0.0,False
202021027,Castlemaine,Victoria,154.0,7336.276734134357,-364036.3528002517,-554361.7874462126,-112498.47899648387,-696106.7182449686,-997197.1906010633,1,0,Mixed — sensitive to cost assumptions,2.0,11614.0,42500.0,0.0,77.0,9.0,5.0,382500.0,True
202021028,Castlemaine Surrounds,Victoria,154.0,188865.33447216352,-84339.64859135268,-230050.7287753569,207520.88182860723,-151640.60316038423,-339207.95116759196,1,1,Mixed — sensitive to cost assumptions,2.0,17602.0,24500.0,0.5,77.0,9.0,5.0,220500.0,True
202021029,Heathcote,Victoria,31.0,15027.10335070196,-28159.00215605274,-48650.157776108186,-22011.07699067233,-138275.55732078347,-197858.17178418383,1,0,Mixed — sensitive to cost assumptions,1.0,4560.0,42500.0,0.0,31.0,2.0,1.0,85000.0,True
202021031,Woodend,Victoria,125.0,22132.764380485678,-225848.07339680998,-351345.001397073,-81282.42427305675,-548100.898671206,-788508.0398298643,1,0,Mixed — sensitive to cost assumptions,2.0,7675.0,42500.0,0.0,62.5,7.0,3.0,297500.0,True
202031032,Bendigo Surrounds - North,Victoria,29.0,43696.36263255577,-120156.99831004548,-207204.96339668796,36380.21286333108,-7180.8190563015305,-38587.306634869514,1,1,Mixed — sensitive to cost assumptions,0.0,15061.0,18848.0,0.657,,2.0,2.0,37696.0,True
202031033,Loddon,Victoria,8.0,12645.694937462606,12131.992046502217,11496.007103339933,28694.8464656412,27420.194539167896,25846.865200160635,3,3,Robust — viable even without subsidy,3.0,7179.0,42500.0,0.0,2.6666666666666665,0.0,0.0,0.0,False
203011034,Bannockburn,Victoria,143.0,184409.85113615834,21578.956257783248,-72441.12424014758,243436.46958600852,-10083.568885567307,-157984.93366138428,2,1,Mixed — sensitive to cost assumptions,0.0,11029.0,18848.0,0.657,,10.0,6.0,188480.0,True
203011035,Golden Plains - South,Victoria,77.0,-55353.657178336915,-368418.6846461546,-529353.142917461,-19205.066919439225,-328116.30381227843,-473656.1834247905,0,0,Not viable under any scenario,2.0,13197.0,42500.0,0.0,38.5,4.0,2.0,170000.0,True
203011036,Winchelsea,Victoria,91.0,109064.30549883776,-56548.573800778,-136035.10490465752,140261.87269762575,-73429.10170864445,-180369.55696569133,1,1,Mixed — sensitive to cost assumptions,2.0,9793.0,24500.0,0.5,45.5,5.0,2.0,122500.0,True
203021042,Highton,Victoria,469.0,957345.4861336753,226221.11367287883,-94027.50789678903,1064037.4357557853,73697.6044377049,-380585.2465685707,2,2,Mixed — sensitive to cost assumptions,20.0,44850.0,21928.57142857143,0.5714285714285714,23.45,12.0,0.0,263142.85714285716,True
203021043,Lara,Victoria,153.0,291344.0983161955,-17616.25744734431,-187052.81308405416,268167.69127104525,-19832.967490071795,-179448.4015430563,1,1,Mixed — sensitive to cost assumptions,0.0,21575.0,18848.0,0.657,,11.0,7.0,207328.0,True
203021045,Newcomb - Moolap,Victoria,140.0,-90880.47579397826,-890212.666431666,-1237772.9619188951,146154.07329051493,-401461.1479116498,-621797.6136215001,0,1,Not viable under any scenario,8.0,27877.0,42500.0,0.0,17.5,2.0,0.0,85000.0,True
203021046,Newtown (Vic.),Victoria,342.0,616804.8204198128,476145.41797155695,394556.91849165777,1151722.4161555818,854535.1303076115,685900.927093022,3,3,Robust — viable even without subsidy,1.0,17583.0,6500.0,1.0,342.0,22.0,13.0,143000.0,True
203021047,North Geelong - Bell Park,Victoria,289.0,730261.8087816692,562141.577748744,465342.9372062265,977417.6901234407,729419.5051369568,588463.7563135744,3,3,Robust — viable even without subsidy,2.0,21532.0,6500.0,1.0,144.5,18.0,10.0,117000.0,True
203021486,Corio - Lovely Banks,Victoria,44.0,72512.92630959695,-421635.6672149314,-602990.6868010752,172678.20955237414,133067.65242672173,118707.56735711603,1,3,Robust — viable even without subsidy,10.0,17273.0,42500.0,0.0,4.4,0.0,0.0,0.0,False
203031048,Clifton Springs,Victoria,98.0,-101913.57798266404,-565686.5051742268,-799243.5462058601,-43781.112204075645,-430205.1707125327,-618132.1283627508,0,0,Not viable under any scenario,2.0,15547.0,42500.0,0.0,49.0,5.0,2.0,212500.0,True
203031049,Lorne - Anglesea,Victoria,134.0,205893.2453370967,162194.9278749942,135575.36233863802,449182.4519557701,338361.4909687316,273056.12376284803,3,3,Robust — viable even without subsidy,1.0,6504.0,6500.0,1.0,134.0,8.0,5.0,52000.0,True
203031051,Portarlington,Victoria,80.0,153617.63924158984,-126849.23678855822,-230108.24943651384,156681.28584459884,-124492.79752497656,-228260.99419742366,1,1,Mixed — sensitive to cost assumptions,7.0,10598.0,42500.0,0.0,11.428571428571429,0.0,0.0,0.0,False
203031052,Point Lonsdale - Queenscliff,Victoria,104.0,23593.557703479164,-146766.59594699444,-232437.20548149347,-56537.20530587973,-449182.5977415865,-648478.0002262392,1,0,Mixed — sensitive to cost assumptions,2.0,5359.0,42500.0,0.0,52.0,5.0,3.0,212500.0,True
203031053,Torquay,Victoria,589.0,1427396.3900293144,1100881.811945676,920480.800740138,2014405.9262725522,1504695.4014502475,1221088.7370691434,3,3,Robust — viable even without subsidy,6.0,40972.0,6500.0,1.0,98.16666666666667,34.0,18.0,221000.0,True
203031489,Barwon Heads - Armstrong Creek,Victoria,109.0,80246.76219340274,13849.913714682218,-30593.876101359223,187565.78363711003,-9525.423799068332,-122652.20549603325,2,1,Mixed — sensitive to cost assumptions,0.0,4657.0,18848.0,0.657,,8.0,5.0,150784.0,True
203031490,Ocean Grove,Victoria,208.0,17005.490243553795,-439711.59735372185,-677833.5974318694,-144982.00265463936,-928186.5608840358,-1331873.3216737066,1,0,Mixed — sensitive to cost assumptions,3.0,14899.0,42500.0,0.0,69.33333333333333,11.0,6.0,467500.0,True
204011054,Alexandra,Victoria,26.0,56241.64700165272,10029.127114002476,-5590.789563554403,66035.40851469558,-4032.018885000007,-30082.618494197603,2,1,Mixed — sensitive to cost assumptions,2.0,7595.0,24500.0,0.5,13.0,0.0,0.0,0.0,False
204011055,Euroa,Victoria,42.0,68107.99334220118,-110364.59756133342,-168322.87412062014,101796.44546756739,-53130.24687345541,-104702.2996839937,1,1,Mixed — sensitive to cost assumptions,4.0,6798.0,42500.0,0.0,10.5,0.0,0.0,0.0,False
204011056,Kilmore - Broadford,Victoria,58.0,201649.468254591,140089.06739028968,106476.77741833328,201201.06218186364,153750.45344600832,127275.18865635895,3,3,Robust — viable even without subsidy,2.0,16413.0,6500.0,1.0,29.0,2.0,1.0,13000.0,True
204011057,Mansfield (Vic.),Victoria,54.0,-74680.20672052719,-352060.3125833905,-471152.42413893726,2206.9103957189873,-198870.45132445352,-294945.4743241598,0,1,Not viable under any scenario,2.0,11792.0,42500.0,0.0,27.0,2.0,1.0,85000.0,True
204011058,Nagambie,Victoria,28.0,-32666.357063326366,-105223.91475183438,-141211.86195677143,4246.083870636558,-112904.98848445399,-164406.40414695497,0,1,Not viable under any scenario,1.0,5407.0,42500.0,0.0,28.0,1.0,1.0,42500.0,True
204011060,Seymour Surrounds,Victoria,39.0,128771.8901693268,85224.72057627802,61377.783497153054,133369.662698555,98668.59538467543,80069.74072397235,3,3,Robust — viable even without subsidy,1.0,10276.0,6500.0,1.0,39.0,2.0,1.0,13000.0,True
204011061,Upper Yarra Valley,Victoria,29.0,27817.734760189414,-10376.092980461864,-31807.570521139267,36380.21286333108,-7180.8190563015305,-38587.306634869514,1,1,Mixed — sensitive to cost assumptions,0.0,5766.0,18848.0,0.657,,2.0,2.0,37696.0,True
204011062,Yea,Victoria,12.0,83915.53289480318,-54543.07370589272,-90097.00057745678,44185.08154395007,42228.287068948324,39812.76416182828,1,3,Robust — viable even without subsidy,4.0,3940.0,42500.0,0.0,3.0,0.0,0.0,0.0,False
204021063,Benalla,Victoria,38.0,-134632.2399520265,-413482.61494760535,-549304.2477227709,-27371.189706619814,-182301.07021959696,-257519.28774166194,0,0,Not viable under any scenario,1.0,10331.0,42500.0,0.0,38.0,2.0,1.0,85000.0,True
204021064,Benalla Surrounds,Victoria,13.0,3999.2213691122747,-16199.806525333257,-31969.3695785807,19401.558799295268,-15080.221033668584,-30867.44630927165,1,1,Mixed — sensitive to cost assumptions,0.0,3885.0,18848.0,0.657,,1.0,1.0,18848.0,True
204021065,Rutherglen,Victoria,19.0,3150.367416461109,-15500.142108384978,-30718.953499202114,27581.197764960496,-12197.33096330844,-34155.2642022788,1,1,Mixed — sensitive to cost assumptions,0.0,4399.0,18848.0,0.657,,2.0,1.0,37696.0,True
204021066,Wangaratta,Victoria,50.0,31624.4522811099,-52991.57573465351,-99656.88508609073,74445.91035832433,-5860.695965192637,-58023.001589905056,1,1,Mixed — sensitive to cost assumptions,0.0,17140.0,18848.0,0.657,,4.0,2.0,75392.0,True
204021067,Wangaratta Surrounds,Victoria,43.0,117020.15226592534,50427.40073512219,34909.76125575128,145955.36961173185,-5834.54951986576,-46358.862676965575,3,1,Mixed — sensitive to cost assumptions,6.0,12085.0,42500.0,0.0,7.166666666666667,0.0,0.0,0.0,False
204031068,Beechworth,Victoria,55.0,-24647.493317533757,-151216.26336417126,-225243.86380711693,-33255.22819834462,-263270.3890460651,-372556.1729636039,0,0,Not viable under any scenario,1.0,4691.0,42500.0,0.0,55.0,3.0,2.0,127500.0,True
204031069,Bright - Mount Beauty,Victoria,95.0,167052.04890629445,40566.058324163634,-10909.961440785846,234817.0369669192,61774.4371432844,-20706.60396524099,2,2,Mixed — sensitive to cost assumptions,4.0,12178.0,18500.0,0.6666666666666666,23.75,3.0,0.0,55500.0,True
204031070,Chiltern - Indigo Valley,Victoria,16.0,-30158.623144787583,-105173.88798672956,-140904.15377737486,-9841.781153393382,-48804.19696922866,-74795.87071982077,0,0,Not viable under any scenario,1.0,3540.0,42500.0,0.0,16.0,1.0,0.0,42500.0,True
204031071,Myrtleford,Victoria,6.0,-10657.931613951887,-10688.201049041574,-14996.589030803907,6680.511880791946,-11987.571143166442,-20482.874117432966,0,1,Not viable under any scenario,0.0,476.0,18848.0,0.657,,1.0,1.0,18848.0,True
204031072,Towong,Victoria,3.0,-12212.155723815933,-12181.474602908778,-16414.343282562666,-6651.382196172109,-6894.780084614769,-11464.990777724748,0,0,Not viable under any scenario,0.0,5656.0,18848.0,0.657,,1.0,1.0,18848.0,True
204031073,West Wodonga,Victoria,120.0,207251.16314712277,-65592.50699722287,-148335.80089536853,141150.04121615697,-298291.8262194869,-477754.8660966645,1,1,Mixed — sensitive to cost assumptions,8.0,33843.0,42500.0,0.0,15.0,0.0,0.0,0.0,False
204031075,Yackandandah,Victoria,115.0,185976.73650897804,-60330.70538055619,-163999.30549950013,246701.80845393363,-19477.273071572257,-137902.60729103404,1,1,Mixed — sensitive to cost assumptions,6.0,15485.0,24500.0,0.5,19.166666666666668,2.0,0.0,49000.0,True
205011076,Drouin,Victoria,97.0,171927.69893174458,-49551.55650182978,-171549.2547081359,168379.7120692235,-6628.600871833638,-107028.11984010196,1,1,Mixed — sensitive to cost assumptions,0.0,18876.0,18848.0,0.657,,7.0,4.0,131936.0,True
205011077,Mount Baw Baw Region,Victoria,71.0,-208224.02443307664,-703959.5675823947,-909861.6075032131,39159.02073191323,-204071.77567928695,-317433.1825773155,0,1,Not viable under any scenario,4.0,21580.0,42500.0,0.0,17.75,1.0,0.0,42500.0,True
205011078,Trafalgar (Vic.),Victoria,39.0,49185.38230370585,-39746.53835306063,-89395.89484076473,61111.434548367775,-13697.751647889505,-55765.11904094684,1,1,Mixed — sensitive to cost assumptions,0.0,7597.0,18848.0,0.657,,3.0,2.0,56544.0,True
205011079,Warragul,Victoria,153.0,-160270.62289441013,-712770.8801862051,-1016496.4647223549,-156848.54697519023,-739709.5908593638,-1049505.3530677285,0,0,Not viable under any scenario,1.0,22633.0,42500.0,0.0,153.0,10.0,6.0,425000.0,True
205021082,Bruthen - Omeo,Victoria,106.0,269178.46044750273,-212806.16221550142,-377848.3558801693,351601.5644046751,14018.197144993072,-82234.86253528227,1,2,Mixed — sensitive to cost assumptions,13.0,27645.0,37357.14285714286,0.14285714285714285,8.153846153846153,0.0,0.0,0.0,False
205021084,Lakes Entrance,Victoria,15.0,20323.69896579982,-14661.602765283798,-35343.30292888588,11212.970061283779,-9553.571641237015,-26702.981345764634,1,1,Mixed — sensitive to cost assumptions,0.0,2912.0,18848.0,0.657,,1.0,1.0,18848.0,True
205021085,Orbost,Victoria,53.0,274656.7040391533,176008.75212655566,147217.96188784915,201245.77332838357,192364.24260890292,181399.52897654063,3,3,Robust — viable even without subsidy,15.0,15965.0,38000.0,0.125,3.533333333333333,0.0,0.0,0.0,False
205021086,Paynesville,Victoria,25.0,27025.05357621781,-40844.81709652171,-77085.29993604509,35858.279991142466,-4537.059734230075,-31135.0237783553,1,1,Mixed — sensitive to cost assumptions,0.0,5622.0,18848.0,0.657,,2.0,1.0,37696.0,True
205031087,Foster,Victoria,56.0,76258.54976413731,-119854.95113321178,-196518.85253739494,88304.37431404307,-140963.81272796617,-223657.10140602975,1,1,Mixed — sensitive to cost assumptions,4.0,10051.0,42500.0,0.0,14.0,0.0,0.0,0.0,False
205031088,French Island,Victoria,3.0,-13244.243713412356,-13194.711914294241,-17403.434191653578,-6651.382196172109,-6894.780084614769,-11464.990777724748,0,0,Not viable under any scenario,0.0,218.0,18848.0,0.657,,1.0,1.0,18848.0,True
205031089,Korumburra,Victoria,37.0,-90601.54692847884,-331154.3772532639,-440381.24252565944,8090.9488874438175,-114965.42326591632,-175866.85698009506,0,1,Not viable under any scenario,2.0,10016.0,42500.0,0.0,18.5,1.0,0.0,42500.0,True
205031090,Leongatha,Victoria,51.0,-62490.5688068789,-360102.5157142631,-499621.4145208659,-11124.983681245081,-202798.9891204271,-294821.65870213107,0,0,Not viable under any scenario,2.0,11276.0,42500.0,0.0,25.5,2.0,1.0,85000.0,True
205031091,Phillip Island,Victoria,91.0,47958.61366995674,-245696.5751711959,-357248.68079055694,84069.15609265618,-265170.9962306453,-409506.1736274941,1,1,Mixed — sensitive to cost assumptions,5.0,10646.0,42500.0,0.0,18.2,2.0,0.0,85000.0,True
205031093,Wonthaggi - Inverloch,Victoria,280.0,798998.8662142499,600705.9256290391,486308.1445008102,944853.2914809978,699731.4132710585,561669.1377718083,3,3,Robust — viable even without subsidy,1.0,31335.0,6500.0,1.0,280.0,18.0,11.0,117000.0,True
205041094,Churchill,Victoria,257.0,-264246.7709433675,-1360289.6449743523,-1875505.494656972,-45942.997863930854,-989936.9388212983,-1454421.1478435204,0,0,Not viable under any scenario,7.0,52579.0,42500.0,0.0,36.714285714285715,11.0,4.0,467500.0,True
205041098,Yallourn North - Glengarry,Victoria,0.0,-10869.198023233905,-11000.644509020796,-15428.387405231882,0.0,0.0,0.0,0,0,Not viable under any scenario,0.0,1096.0,18848.0,0.657,,0.0,0.0,0.0,False
205051099,Alps - West,Victoria,7.0,23865.340385307238,22762.895152920006,21404.817976914142,26536.505464296388,25365.164297017498,23919.09000212471,3,3,Robust — viable even without subsidy,2.0,3446.0,42500.0,0.0,3.5,0.0,0.0,0.0,False
205051100,Longford - Loch Sport,Victoria,22.0,42405.917816768655,-29428.41873252089,-71580.84010655008,23934.016979787106,-14076.698518592588,-38926.10157518147,1,1,Mixed — sensitive to cost assumptions,0.0,6267.0,18848.0,0.657,,2.0,1.0,37696.0,True
205051101,Maffra,Victoria,19.0,-7982.85058687807,-78891.55714787195,-108960.98186288813,3490.1129235706867,-77598.97705384342,-113138.13422481825,0,1,Not viable under any scenario,1.0,8341.0,42500.0,0.0,19.0,1.0,0.0,42500.0,True
205051102,Rosedale,Victoria,14.0,20288.461391902747,-30680.051776765995,-56237.53419724186,23845.523491616623,-12259.677257978658,-28693.286425639242,1,1,Mixed — sensitive to cost assumptions,0.0,4515.0,18848.0,0.657,,1.0,1.0,18848.0,True
205051103,Sale,Victoria,61.0,89522.23680698464,-130434.48545244597,-235246.85683417047,125464.68992068694,-16919.77793604669,-81063.8538192751,1,1,Mixed — sensitive to cost assumptions,3.0,13058.0,24500.0,0.5,20.333333333333332,2.0,0.0,49000.0,True
205051104,Yarram,Victoria,13.0,-29307.62131601306,-135542.23824853,-189670.42073628848,16246.206025374744,-55903.30073583683,-79117.96043212712,0,1,Not viable under any scenario,1.0,5204.0,42500.0,0.0,13.0,0.0,0.0,0.0,False
206011106,Brunswick East,Victoria,127.0,282239.66071442806,221415.85674783448,186976.28030872205,431677.96259859717,322701.1209985572,261621.51227995014,3,3,Robust — viable even without subsidy,2.0,7311.0,6500.0,1.0,63.5,7.0,4.0,45500.0,True
206011107,Brunswick West,Victoria,117.0,165025.1574674534,21339.25485404565,-64134.67932518273,201812.50559211406,-9797.52991388047,-130862.61780423947,2,1,Mixed — sensitive to cost assumptions,0.0,8214.0,18848.0,0.657,,8.0,5.0,150784.0,True
206011495,Brunswick - North,Victoria,295.0,625935.8380784919,208715.45895098487,47504.02220414647,662375.1537865172,-17604.54105270622,-315674.5757022882,3,1,Mixed — sensitive to cost assumptions,15.0,17486.0,24500.0,0.5,19.666666666666668,5.0,0.0,122500.0,True
206011497,Coburg - East,Victoria,359.0,385428.3031966707,-296499.60933261365,-641469.1516351968,292163.77712998074,-700246.51748231,-1208105.5857624023,1,1,Mixed — sensitive to cost assumptions,7.0,24299.0,30500.000000000004,0.3333333333333333,51.285714285714285,17.0,8.0,518500.00000000006,True
206021112,Thornbury,Victoria,186.0,270959.72517820843,43850.534800316105,-85821.55317259755,323822.88998853497,-23211.65635226063,-216955.2895920397,2,1,Mixed — sensitive to cost assumptions,0.0,11802.0,18848.0,0.657,,13.0,8.0,245024.0,True
206021499,Northcote - East,Victoria,363.0,348805.665827689,71209.5889812373,-94962.99569701529,644709.892141968,-28837.957794996328,-403578.7980139529,2,1,Mixed — sensitive to cost assumptions,0.0,14775.0,18848.0,0.657,,25.0,15.0,471200.0,True
206031113,Ascot Vale,Victoria,371.0,-43604.554207037785,-764720.9052473473,-1167398.5923092687,-374179.16702423693,-1742213.2789456293,-2483332.396021099,0,0,Not viable under any scenario,2.0,18849.0,42500.0,0.0,185.5,23.0,13.0,977500.0,True
206031116,Moonee Ponds,Victoria,211.0,445877.03309363395,344832.27474050806,286159.56492042885,708494.8288133692,527685.7865519332,423969.4819739368,3,3,Robust — viable even without subsidy,1.0,11216.0,6500.0,1.0,211.0,14.0,8.0,91000.0,True
206031501,Essendon (West) - Aberfeldie,Victoria,309.0,425105.42311743303,72034.79813828325,-133743.56657207978,552488.1230143588,-25348.915037062427,-344797.66697235534,2,1,Mixed — sensitive to cost assumptions,0.0,18537.0,18848.0,0.657,,21.0,13.0,395808.0,True
206041117,Carlton,Victoria,88.0,-30680.611191188444,-206087.3505556904,-311560.2212963596,-88887.1511298478,-403096.6500613106,-577356.431435621,0,0,Not viable under any scenario,1.0,5687.0,42500.0,0.0,88.0,5.0,3.0,212500.0,True
206041118,Docklands,Victoria,283.0,205232.92134769243,34841.37380289658,-66561.9997392131,495023.44845306245,-26607.79121117774,-319697.75395654695,2,1,Mixed — sensitive to cost assumptions,0.0,8971.0,18848.0,0.657,,19.0,12.0,358112.0,True
206041119,East Melbourne,Victoria,155.0,111723.05587018741,12306.719929956995,-44219.202116099885,261300.8218434644,-12999.434322450936,-173647.6288261048,2,1,Mixed — sensitive to cost assumptions,0.0,4458.0,18848.0,0.657,,11.0,7.0,207328.0,True
206041121,Kensington (Vic.),Victoria,173.0,239148.11711267944,35334.482253596,-78788.0075255665,301514.5730387578,-23001.896532118582,-203282.89950719377,2,1,Mixed — sensitive to cost assumptions,0.0,10276.0,18848.0,0.657,,12.0,7.0,226176.0,True
206041124,Parkville,Victoria,85.0,61869.56488605293,2123.6735453090478,-30615.937435967495,137667.31915002607,-18716.677317073823,-108782.94521235424,2,1,Mixed — sensitive to cost assumptions,0.0,2813.0,18848.0,0.657,,6.0,4.0,113088.0,True
206041127,West Melbourne - Industrial,Victoria,104.0,81800.98630326678,15343.187268549438,-29176.121849600466,181003.31572721002,-12934.674265603346,-121659.73799874622,2,1,Mixed — sensitive to cost assumptions,0.0,4209.0,18848.0,0.657,,7.0,5.0,131936.0,True
206041505,Melbourne CBD - West,Victoria,1182.0,925813.3238026411,208009.90108166396,-203567.312217869,2128227.974882103,-40683.01805275108,-1251212.9357711477,2,1,Mixed — sensitive to cost assumptions,1.0,22383.0,18848.0,0.657,1182.0,78.0,47.0,1470144.0,True
206041506,North Melbourne,Victoria,135.0,165344.6742438775,21954.797759160327,-59275.895089133286,227868.028320574,-19799.992123548145,-160497.88848532853,2,1,Mixed — sensitive to cost assumptions,0.0,7883.0,18848.0,0.657,,9.0,6.0,169632.0,True
206041507,Royal Botanic Gardens Victoria,Victoria,170.0,156029.26640110128,13426.85145983591,-65688.29861348268,291089.4371122756,-19454.02061936866,-196287.41900882163,2,1,Mixed — sensitive to cost assumptions,0.0,8354.0,18848.0,0.657,,12.0,7.0,226176.0,True
206041509,Southbank - East,Victoria,249.0,261494.95338650432,51280.76210264655,-71441.91380370196,436331.91610886005,-25935.207965730457,-284181.17098743806,2,1,Mixed — sensitive to cost assumptions,0.0,11736.0,18848.0,0.657,,17.0,10.0,320416.0,True
206051128,Albert Park,Victoria,189.0,150598.08912447895,22870.39916001961,-54111.84072126223,335747.1529998903,-15102.494554751553,-211002.75983279166,2,1,Mixed — sensitive to cost assumptions,0.0,6787.0,18848.0,0.657,,13.0,8.0,245024.0,True
206051129,Elwood,Victoria,193.0,217166.23521931755,32386.261047618427,-73178.5382270213,336543.9369070383,-12730.841347492358,-211760.88928448374,2,1,Mixed — sensitive to cost assumptions,0.0,9558.0,18848.0,0.657,,13.0,8.0,245024.0,True
206051511,Port Melbourne Industrial,Victoria,586.0,811260.4831941633,365130.0574008876,183106.50706918916,1242223.63594744,72574.31639266026,-502849.1420514869,3,2,Mixed — sensitive to cost assumptions,18.0,20314.0,20900.0,0.6,32.55555555555556,22.0,6.0,459800.0,True
206051512,South Melbourne,Victoria,936.0,47463.65639902823,-1099051.1920176218,-1707640.3213888768,-911247.6654098144,-4358025.129569931,-6219391.129082866,1,0,Mixed — sensitive to cost assumptions,6.0,17368.0,42500.0,0.0,156.0,57.0,32.0,2422500.0,True
206051514,St Kilda - West,Victoria,217.0,316115.2836500321,81587.09619833755,-50057.964619903025,421740.2632979248,16483.767203757074,-200009.06618463833,2,2,Mixed — sensitive to cost assumptions,2.0,13180.0,18848.0,0.657,108.5,13.0,7.0,245024.0,True
206061135,Armadale,Victoria,171.0,125875.94487516306,20800.888649567503,-42694.18345741415,295533.401804597,-16633.4768436788,-194113.25912518922,2,1,Mixed — sensitive to cost assumptions,0.0,6093.0,18848.0,0.657,,12.0,7.0,226176.0,True
206061136,Prahran - Windsor,Victoria,239.0,239070.99178239534,45340.05753539271,-71668.1975274913,413197.26476921333,-16319.290029823285,-262940.16741831286,2,1,Mixed — sensitive to cost assumptions,0.0,10754.0,18848.0,0.657,,16.0,10.0,301568.0,True
206061138,Toorak,Victoria,342.0,256601.65185957932,46598.044917288746,-75322.7525442252,606821.6024214176,-28489.57252863937,-381918.45993344777,2,1,Mixed — sensitive to cost assumptions,0.0,9858.0,18848.0,0.657,,23.0,14.0,433504.0,True
206061516,South Yarra - South,Victoria,318.0,299494.4731288935,52488.829253684555,-87304.04058341777,558342.300505281,-22914.915535133332,-351017.7742006873,2,1,Mixed — sensitive to cost assumptions,0.0,13335.0,18848.0,0.657,,22.0,13.0,414656.0,True
206071139,Abbotsford,Victoria,111.0,76915.97550187822,-125737.15062060129,-212487.16108561886,-24763.06045707161,-453638.79884543194,-659476.2314453427,1,0,Mixed — sensitive to cost assumptions,3.0,5246.0,42500.0,0.0,37.0,5.0,2.0,212500.0,True
206071140,Carlton North - Princes Hill,Victoria,93.0,94192.43294665318,10936.795907172553,-37472.34068711156,154832.33076085075,-20657.291789351868,-119218.00064603012,2,1,Mixed — sensitive to cost assumptions,0.0,4271.0,18848.0,0.657,,7.0,4.0,131936.0,True
206071141,Collingwood,Victoria,116.0,113219.81687678053,22145.67828755176,-37323.39047879245,198690.26021022332,-14048.550676423867,-134875.32572545015,2,1,Mixed — sensitive to cost assumptions,0.0,5615.0,18848.0,0.657,,8.0,5.0,150784.0,True
206071142,Fitzroy,Victoria,133.0,123536.38934134909,19013.461987034956,-39527.30004781096,236045.0855532466,-15100.080792574197,-153552.89122879365,2,1,Mixed — sensitive to cost assumptions,0.0,5432.0,18848.0,0.657,,9.0,6.0,169632.0,True
206071143,Fitzroy North,Victoria,264.0,241476.3416509927,37293.27613246077,-78075.48515687577,466120.53137767117,-19311.43461825169,-292052.78835533245,2,1,Mixed — sensitive to cost assumptions,0.0,10409.0,18848.0,0.657,,18.0,11.0,339264.0,True
206071145,Clifton Hill - Alphington,Victoria,277.0,223284.9294582039,36691.59703244289,-70149.6769346357,485522.0901769665,-17719.20541233057,-303278.07100216177,2,1,Mixed — sensitive to cost assumptions,0.0,9328.0,18848.0,0.657,,19.0,12.0,358112.0,True
206071517,Richmond (South) - Cremorne,Victoria,718.0,102289.65017644092,-783182.3881498431,-1236955.7773003583,-648795.2728418717,-3310027.129094577,-4728703.833787069,1,0,Mixed — sensitive to cost assumptions,6.0,23596.0,42500.0,0.0,119.66666666666667,42.0,23.0,1785000.0,True
207011146,Ashburton (Vic.),Victoria,320.0,241518.68788651866,50670.46379212012,-62298.18318420873,567230.2298899238,-17511.85935436585,-347055.54952131386,2,1,Mixed — sensitive to cost assumptions,0.0,9903.0,18848.0,0.657,,22.0,13.0,414656.0,True
207011147,Balwyn,Victoria,335.0,248319.22568067862,40749.21115245919,-79017.72544100939,594197.9987634311,-23966.445651283546,-369695.3397040308,2,1,Mixed — sensitive to cost assumptions,0.0,10941.0,18848.0,0.657,,23.0,14.0,433504.0,True
207011148,Balwyn North,Victoria,479.0,360337.3078732848,68354.73205380725,-101410.90623467114,846306.9105026736,-26585.570271040197,-519420.5194773989,2,1,Mixed — sensitive to cost assumptions,0.0,14811.0,18848.0,0.657,,32.0,20.0,603136.0,True
207011149,Camberwell,Victoria,551.0,126714.2706482079,-548229.9020127456,-884201.1396389963,-443595.0469767426,-2481997.8989466773,-3558731.47013179,1,0,Mixed — sensitive to cost assumptions,6.0,15621.0,42500.0,0.0,91.83333333333333,31.0,17.0,1317500.0,True
207011150,Glen Iris - East,Victoria,543.0,405732.707192492,86484.44541455312,-104766.21542244386,961852.2702497112,-30073.513651297137,-589327.8463564091,2,1,Mixed — sensitive to cost assumptions,0.0,17070.0,18848.0,0.657,,37.0,22.0,697376.0,True
207011152,Hawthorn East,Victoria,288.0,238410.23966679059,47683.916684385724,-65133.69168772624,514422.4255193653,-25000.52977070582,-323137.3288918506,2,1,Mixed — sensitive to cost assumptions,0.0,10130.0,18848.0,0.657,,20.0,12.0,376960.0,True
207011154,Kew East,Victoria,138.0,114831.50408991551,13862.790050838004,-43222.241650160526,241199.9223975379,-13492.81935210232,-156992.46616409722,2,1,Mixed — sensitive to cost assumptions,0.0,4942.0,18848.0,0.657,,10.0,6.0,188480.0,True
207011155,Surrey Hills (West) - Canterbury,Victoria,217.0,155407.35449832646,27298.578229686733,-50463.22655556319,386344.95813360554,-18419.936499946634,-242845.42982100198,2,1,Mixed — sensitive to cost assumptions,0.0,5665.0,18848.0,0.657,,15.0,9.0,282720.0,True
207011520,Hawthorn - South,Victoria,364.0,-66524.97475274712,-615035.3952569349,-925671.6375558052,-408216.9654120203,-1773198.6450113254,-2514226.914614167,0,0,Not viable under any scenario,1.0,14525.0,42500.0,0.0,364.0,24.0,14.0,1020000.0,True
207011522,Kew - West,Victoria,613.0,461262.84985841555,97620.48895431537,-118490.38453657556,1086984.9000280234,-37434.6303010704,-668960.7027849813,2,1,Mixed — sensitive to cost assumptions,0.0,16708.0,18848.0,0.657,,41.0,25.0,772768.0,True
207021156,Bulleen,Victoria,154.0,189439.4485857265,36331.53681322202,-57198.75691551131,272611.6559633666,-15581.946727528382,-175435.69362184562,2,1,Mixed — sensitive to cost assumptions,0.0,8187.0,18848.0,0.657,,11.0,7.0,207328.0,True
207021157,Doncaster,Victoria,677.0,507741.72393556195,103781.67493872522,-135084.40941068364,1202341.3204952795,-37709.150178060576,-734620.9836971862,2,1,Mixed — sensitive to cost assumptions,0.0,20122.0,18848.0,0.657,,46.0,28.0,867008.0,True
207021159,Templestowe,Victoria,338.0,317025.09605242783,63961.7207882105,-83143.68007649762,591964.0333079528,-27514.321564033744,-376690.82020240324,2,1,Mixed — sensitive to cost assumptions,0.0,12916.0,18848.0,0.657,,23.0,14.0,433504.0,True
207021160,Templestowe Lower,Victoria,199.0,240614.69603394138,34869.20205838673,-80455.48515687577,344723.57587270346,-21619.427146339614,-228180.57223886903,2,1,Mixed — sensitive to cost assumptions,0.0,9949.0,18848.0,0.657,,14.0,8.0,263872.0,True
207021424,Doncaster East - North,Victoria,446.0,14288.079930379958,-799462.4793059151,-1244195.893040093,-393945.62987406563,-2043172.5971703376,-2922753.8152832193,1,0,Mixed — sensitive to cost assumptions,4.0,21312.0,42500.0,0.0,111.5,26.0,14.0,1105000.0,True
207031161,Blackburn,Victoria,512.0,546554.4638684771,104056.51912023668,-153068.99652904988,914987.5576563473,-31394.736120082554,-558765.9555639605,2,1,Mixed — sensitive to cost assumptions,0.0,23885.0,18848.0,0.657,,35.0,21.0,659680.0,True
207031163,Box Hill,Victoria,311.0,372169.1859646288,-182419.56300225522,-394653.8621306294,78426.0459018244,-1064391.9141098417,-1595548.030541425,1,1,Mixed — sensitive to cost assumptions,12.0,14797.0,42500.0,0.0,25.916666666666668,9.0,1.0,382500.0,True
207031164,Box Hill North,Victoria,275.0,281570.3302609131,52008.80860820958,-79904.12949935114,480862.6382532368,-24790.769950563554,-309464.9388070045,2,1,Mixed — sensitive to cost assumptions,0.0,11727.0,18848.0,0.657,,19.0,11.0,358112.0,True
207031165,Burwood (Vic.),Victoria,261.0,258428.85140230216,48345.85658684658,-73672.77371764227,454110.356611138,-13961.569679438515,-282610.20041894366,2,1,Mixed — sensitive to cost assumptions,0.0,11083.0,18848.0,0.657,,18.0,11.0,339264.0,True
207031166,Burwood East,Victoria,162.0,194759.97395464516,29637.77935838594,-65934.91552365404,274021.86876196787,-19067.476345608025,-187893.15189685737,2,1,Mixed — sensitive to cost assumptions,0.0,8428.0,18848.0,0.657,,11.0,7.0,207328.0,True
207031167,Surrey Hills (East) - Mont Albert,Victoria,374.0,320736.08235119935,66079.8550161346,-85255.66559661235,658130.2797071029,-22917.329297310614,-408467.6428046853,2,1,Mixed — sensitive to cost assumptions,0.0,13395.0,18848.0,0.657,,25.0,15.0,471200.0,True
208011168,Beaumaris,Victoria,360.0,-65236.149362909,-654025.4659780009,-984579.7845403011,-418174.48290970665,-1751825.4516598887,-2484343.264364715,0,0,Not viable under any scenario,1.0,15329.0,42500.0,0.0,360.0,23.0,14.0,977500.0,True
208011169,Brighton (Vic.),Victoria,581.0,301685.94732551737,-390166.7640782675,-702439.8982309952,-271005.7942584644,-2428504.93648242,-3521081.8765088595,1,0,Mixed — sensitive to cost assumptions,11.0,18121.0,42500.0,0.0,52.81818181818182,28.0,13.0,1190000.0,True
208011170,Brighton East,Victoria,349.0,276037.6726018978,48396.104313032265,-82111.79825024374,620864.3686503519,-21593.693066347856,-381579.6649931354,2,1,Mixed — sensitive to cost assumptions,0.0,11863.0,18848.0,0.657,,24.0,14.0,452352.0,True
208011171,Highett (West) - Cheltenham,Victoria,158.0,201223.0548418613,34029.17252164219,-63015.0372242334,273225.0848548198,-16423.717023536694,-180440.86904034333,2,1,Mixed — sensitive to cost assumptions,0.0,8356.0,18848.0,0.657,,11.0,7.0,207328.0,True
208011172,Hampton,Victoria,363.0,303186.5627033255,52782.98236234991,-91888.6782447797,644709.892141968,-28837.957794996328,-403578.7980139529,2,1,Mixed — sensitive to cost assumptions,0.0,12962.0,18848.0,0.657,,25.0,15.0,471200.0,True
208011173,Sandringham - Black Rock,Victoria,193.0,14545.012161701336,-282078.86206245533,-438613.7907246772,-172887.98378628603,-877849.5924412167,-1256739.0449618776,1,0,Mixed — sensitive to cost assumptions,2.0,7778.0,42500.0,0.0,96.5,11.0,6.0,467500.0,True
208021174,Bentleigh - McKinnon,Victoria,549.0,530495.4261114269,110157.46238372021,-134365.1799740457,973036.1106263751,-35615.1952782796,-601278.0190314415,2,1,Mixed — sensitive to cost assumptions,0.0,21875.0,18848.0,0.657,,37.0,22.0,697376.0,True
208021176,Carnegie,Victoria,350.0,473042.95078995614,79105.79068844742,-146506.3819535428,623986.6140322422,-18773.14929065827,-379405.5051095033,2,1,Mixed — sensitive to cost assumptions,0.0,20768.0,18848.0,0.657,,24.0,14.0,452352.0,True
208021177,Caulfield - North,Victoria,468.0,454044.992861178,76233.731583179,-144413.14242072398,831564.8036271083,-22651.15008452942,-504030.77186706255,2,1,Mixed — sensitive to cost assumptions,0.0,19882.0,18848.0,0.657,,32.0,19.0,603136.0,True
208021178,Caulfield - South,Victoria,394.0,305799.71142239403,54973.09720524348,-90455.50564727951,691752.0125097744,-25848.22696874535,-431916.0456809319,2,1,Mixed — sensitive to cost assumptions,0.0,12845.0,18848.0,0.657,,27.0,16.0,508896.0,True
208021179,Elsternwick,Victoria,245.0,213344.11800493998,42273.1529934649,-60552.31473260025,435535.13220171223,-23291.44864365892,-276728.8881309239,2,1,Mixed — sensitive to cost assumptions,0.0,9254.0,18848.0,0.657,,17.0,10.0,320416.0,True
208021426,Bentleigh East - North,Victoria,443.0,492658.75996250124,92964.59009038107,-139293.5057838823,780140.6641035236,-32984.55156382604,-490090.8043131331,2,1,Mixed — sensitive to cost assumptions,0.0,20480.0,18848.0,0.657,,30.0,18.0,565440.0,True
208031184,Braeside,Victoria,508.0,-156192.7389599475,-1219412.797037433,-1832384.0803223818,-595465.421838181,-2472470.5246876166,-3506337.3329144614,0,0,Not viable under any scenario,1.0,30147.0,42500.0,0.0,508.0,33.0,20.0,1402500.0,True
208031185,Carrum - Patterson Lakes,Victoria,103.0,187342.55634661324,9830.807329087795,-89776.9278054778,176559.35103488865,-15640.779882345043,-123650.04307862083,2,1,Mixed — sensitive to cost assumptions,0.0,9239.0,18848.0,0.657,,7.0,5.0,131936.0,True
208031186,Chelsea - Bonbeach,Victoria,202.0,-124517.39810721553,-812829.8395585115,-1188480.759883515,-214990.13181914052,-958613.7309263826,-1364790.406885927,0,0,Not viable under any scenario,1.0,18509.0,42500.0,0.0,202.0,13.0,8.0,552500.0,True
208031188,Highett (East) - Cheltenham,Victoria,280.0,-2586.994278294471,-678443.5862048587,-1043867.2515538556,-184121.26934470853,-1243127.1621242657,-1786138.427844052,0,0,Not viable under any scenario,4.0,19115.0,42500.0,0.0,70.0,15.0,8.0,637500.0,True
208031190,Mentone,Victoria,139.0,53563.3574414712,-326629.77446993004,-517313.12888463895,-17914.30454734637,-531102.2201603446,-781989.8857801263,1,0,Mixed — sensitive to cost assumptions,4.0,10221.0,42500.0,0.0,34.75,6.0,2.0,255000.0,True
208031191,Moorabbin - Heatherton,Victoria,162.0,244087.1724629848,38318.26942985966,-80881.77720101092,274021.86876196787,-19067.476345608025,-187893.15189685737,2,1,Mixed — sensitive to cost assumptions,0.0,10966.0,18848.0,0.657,,11.0,7.0,207328.0,True
208041194,Malvern - Glen Iris,Victoria,275.0,59571.54233944934,-277827.71183198836,-446797.6258452292,-238428.854821101,-1259468.026127637,-1800442.7327977277,1,0,Mixed — sensitive to cost assumptions,3.0,8475.0,42500.0,0.0,91.66666666666667,16.0,8.0,680000.0,True
208041195,Malvern East,Victoria,402.0,76806.7595969081,-513357.258535441,-815345.4030089846,-313426.02174860385,-1801785.1325627095,-2584599.6587143736,1,0,Mixed — sensitive to cost assumptions,5.0,15195.0,42500.0,0.0,80.4,22.0,12.0,935000.0,True
209011197,Greensborough,Victoria,286.0,787484.4353722649,616587.7947498021,528115.9094324156,1011954.4606387849,766126.2524013713,636536.4856337482,3,3,Robust — viable even without subsidy,9.0,19956.0,6500.0,1.0,31.77777777777778,11.0,3.0,71500.0,True
209011198,Heidelberg - Rosanna,Victoria,388.0,834762.0793268497,670694.6778245895,602382.101632402,1420129.5907260964,1088832.8823094163,924100.8524413195,3,3,Robust — viable even without subsidy,20.0,18670.0,6500.0,1.0,19.4,6.0,0.0,39000.0,True
209011199,Heidelberg West,Victoria,157.0,220491.02082262843,30940.7380854862,-83072.70951437748,270188.75122810726,-19244.26079922657,-182615.02892397574,2,1,Mixed — sensitive to cost assumptions,0.0,10807.0,18848.0,0.657,,11.0,7.0,207328.0,True
209011200,Ivanhoe,Victoria,320.0,291941.2309874414,58530.59404803446,-78585.52557885397,567230.2298899238,-17511.85935436585,-347055.54952131386,2,1,Mixed — sensitive to cost assumptions,0.0,12467.0,18848.0,0.657,,22.0,13.0,414656.0,True
209011202,Montmorency - Briar Hill,Victoria,152.0,198115.03234555043,31161.36583086077,-69337.4100129773,266544.5729740279,-20851.52223969852,-179175.45398867212,2,1,Mixed — sensitive to cost assumptions,0.0,9648.0,18848.0,0.657,,11.0,7.0,207328.0,True
209011203,Viewbank - Yallambie,Victoria,142.0,183065.5740197534,17163.679341569303,-81055.92365151414,240491.6319785605,-12666.081290644725,-159772.99845712524,2,1,Mixed — sensitive to cost assumptions,0.0,9310.0,18848.0,0.657,,10.0,6.0,188480.0,True
209011204,Watsonia,Victoria,78.0,123403.03906732553,4023.5537417588494,-60053.37067140224,125043.71549203951,-12648.635293916588,-94537.42214160145,2,1,Mixed — sensitive to cost assumptions,0.0,6141.0,18848.0,0.657,,6.0,4.0,113088.0,True
209021428,Preston - East,Victoria,309.0,523279.7665618914,68831.39651682161,-198034.44151231606,552488.1230143588,-25348.915037062427,-344797.66697235534,2,1,Mixed — sensitive to cost assumptions,0.0,26133.0,18848.0,0.657,,21.0,13.0,395808.0,True
209021526,Reservoir - South West,Victoria,303.0,609485.0272948295,33273.52783037751,-290847.5538804479,530052.8123213431,-18005.24438401722,-330400.3868593063,2,1,Mixed — sensitive to cost assumptions,0.0,33407.0,18848.0,0.657,,21.0,13.0,395808.0,True
209031209,Eltham,Victoria,395.0,893748.0952635502,692748.4284029437,580572.9754549799,1345195.8513367686,1007638.611974932,817205.0561651846,3,3,Robust — viable even without subsidy,4.0,22059.0,6500.0,1.0,98.75,23.0,12.0,149500.0,True
209031211,Kinglake,Victoria,7.0,-3027.650892994374,-19452.421553781063,-29619.333254683297,11124.476573113301,-7736.550380623102,-16470.16619622239,0,1,Not viable under any scenario,0.0,1706.0,18848.0,0.657,,1.0,1.0,18848.0,True
209031212,Panton Hill - St Andrews,Victoria,84.0,120536.30651439192,2562.802710338816,-65135.13408795975,148978.15326992824,-6418.841051691648,-93355.72975525609,2,1,Mixed — sensitive to cost assumptions,0.0,6807.0,18848.0,0.657,,6.0,4.0,113088.0,True
209031213,Plenty - Yarrambat,Victoria,53.0,20276.561328254138,-112475.30179127929,-178855.70521139266,-2237.054296602386,-203121.47208699686,-298958.1822453704,1,0,Mixed — sensitive to cost assumptions,2.0,3979.0,42500.0,0.0,26.5,2.0,1.0,85000.0,True
209031214,Research - North Warrandyte,Victoria,22.0,24040.487516208806,2480.1617642375077,-12283.768868246712,23934.016979787106,-14076.698518592588,-38926.10157518147,2,1,Mixed — sensitive to cost assumptions,0.0,1400.0,18848.0,0.657,,2.0,1.0,37696.0,True
209031215,Wattle Glen - Diamond Creek,Victoria,132.0,412893.92575899215,315459.2946974985,259062.40762243007,447058.59732180514,330678.27269966016,265998.87949340686,3,3,Robust — viable even without subsidy,1.0,11463.0,6500.0,1.0,132.0,8.0,5.0,52000.0,True
209041217,Bundoora - West,Victoria,242.0,419084.6955895441,22136.164970614016,-203082.0133994823,423610.86919035675,-21412.08108837498,-271958.05075802124,2,1,Mixed — sensitive to cost assumptions,0.0,23060.0,18848.0,0.657,,17.0,10.0,320416.0,True
209041220,Mill Park - North,Victoria,119.0,-224140.02058082348,-904295.4513957056,-1261667.2829724746,-71309.17318224718,-535483.3921225067,-767094.3959562671,0,0,Not viable under any scenario,2.0,21207.0,42500.0,0.0,59.5,6.0,3.0,255000.0,True
209041223,Thomastown,Victoria,93.0,235309.07663128772,-75132.4929034665,-243118.37976789955,154832.33076085075,-20657.291789351868,-119218.00064603012,1,1,Mixed — sensitive to cost assumptions,0.0,18778.0,18848.0,0.657,,7.0,4.0,131936.0,True
209041224,Wallan,Victoria,142.0,-265605.5557271162,-982005.9452054432,-1367149.6052803146,-161276.77807438813,-671357.7785815953,-955882.1117193836,0,0,Not viable under any scenario,1.0,23417.0,42500.0,0.0,142.0,9.0,5.0,382500.0,True
209041225,Whittlesea,Victoria,70.0,-73547.39990055055,-342136.1109490778,-486601.8707738542,-48027.196074712134,-323442.64276531676,-462290.5220127668,0,0,Not viable under any scenario,1.0,8900.0,42500.0,0.0,70.0,4.0,2.0,170000.0,True
209041433,Epping (Vic.) - West,Victoria,179.0,-16537.722384592256,-908303.1317995162,-1324834.785564821,85764.56850071264,-586628.2333561833,-886229.9638500831,0,1,Not viable under any scenario,8.0,26354.0,42500.0,0.0,22.375,4.0,0.0,170000.0,True
209041435,South Morang - North,Victoria,182.0,363542.7658144955,10685.685655360314,-186063.62804329064,321801.8300314732,-20567.897030189153,-209503.0067355255,2,1,Mixed — sensitive to cost assumptions,0.0,18705.0,18848.0,0.657,,13.0,8.0,245024.0,True
209041437,Wollert,Victoria,247.0,420144.8561843647,52483.641213926516,-158115.7830749267,430264.83311952127,-19804.819647903118,-275397.62569332495,2,1,Mixed — sensitive to cost assumptions,0.0,20753.0,18848.0,0.657,,17.0,10.0,320416.0,True
209041527,Doreen - North,Victoria,420.0,690432.1535688984,96031.25962834648,-250039.04775505915,748941.8360361113,-26134.26594043197,-459038.36153807625,2,1,Mixed — sensitive to cost assumptions,0.0,34986.0,18848.0,0.657,,28.0,17.0,527744.0,True
209041530,Lalor - West,Victoria,94.0,245715.13419883372,-40585.0977813154,-203812.406132219,159276.29545317215,-16406.271026808514,-115205.29272481948,1,1,Mixed — sensitive to cost assumptions,0.0,15755.0,18848.0,0.657,,7.0,4.0,131936.0,True
210011226,Airport West,Victoria,146.0,60199.31486089116,-507511.58131068805,-778284.2125165319,50813.92789431148,-496206.56941233843,-744692.6624537751,1,1,Mixed — sensitive to cost assumptions,6.0,15558.0,42500.0,0.0,24.333333333333332,4.0,0.0,170000.0,True
210011227,Essendon Airport,Victoria,373.0,293065.0189758544,58349.48523256852,-82860.7062359129,653686.3150147812,-27168.350059854216,-412480.3507258962,2,1,Mixed — sensitive to cost assumptions,0.0,12671.0,18848.0,0.657,,25.0,15.0,471200.0,True
210011533,Avondale Heights,Victoria,96.0,171629.73255298485,12812.4267653278,-79008.89283518888,163935.74737690215,-9449.144647523579,-109202.27972373438,2,1,Mixed — sensitive to cost assumptions,0.0,8404.0,18848.0,0.657,,7.0,4.0,131936.0,True
210011534,Keilor East,Victoria,123.0,223673.34954900102,5726.114016907275,-120129.75753022343,212910.43421359995,-20116.59269958113,-149120.84879620286,2,1,Mixed — sensitive to cost assumptions,0.0,12157.0,18848.0,0.657,,9.0,5.0,169632.0,True
210021232,Gisborne,Victoria,154.0,251288.05762207357,26763.974440701248,-103627.15661498535,272611.6559633666,-15581.946727528382,-175435.69362184562,2,1,Mixed — sensitive to cost assumptions,0.0,13050.0,18848.0,0.657,,11.0,7.0,207328.0,True
210021233,Macedon,Victoria,58.0,18486.187226688362,-106623.33196528489,-165360.65910798442,-59671.23758786086,-259341.8512500915,-372679.9885856327,1,0,Mixed — sensitive to cost assumptions,1.0,3241.0,42500.0,0.0,58.0,3.0,2.0,127500.0,True
210021234,Riddells Creek,Victoria,37.0,62931.500879130246,-551.7225562894891,-41908.227580083345,53722.63224859834,-7452.925171113733,-46797.71894307576,1,1,Mixed — sensitive to cost assumptions,0.0,4139.0,18848.0,0.657,,3.0,2.0,56544.0,True
210021235,Romsey,Victoria,68.0,136430.672039532,-18461.600322589038,-108528.1700827688,114745.57330879566,-17665.147200923486,-90105.37970901073,1,1,Mixed — sensitive to cost assumptions,0.0,10010.0,18848.0,0.657,,5.0,3.0,94240.0,True
210031237,Fawkner,Victoria,72.0,116226.90185749822,-99731.09490151411,-214723.6971518339,106076.56919629221,-61080.52761232248,-145725.07071573823,1,1,Mixed — sensitive to cost assumptions,2.0,10257.0,24500.0,0.5,36.0,3.0,1.0,73500.0,True
210031535,Glenroy - East,Victoria,193.0,391558.793506151,-33274.40936442063,-269280.5025737189,336543.9369070383,-12730.841347492358,-211760.88928448374,1,1,Mixed — sensitive to cost assumptions,0.0,24381.0,18848.0,0.657,,13.0,8.0,245024.0,True
210031538,Pascoe Vale,Victoria,221.0,395311.46927860344,45673.561080296844,-159210.0319774482,385734.1109751448,-19518.78067621641,-248275.30983618018,2,1,Mixed — sensitive to cost assumptions,0.0,18988.0,18848.0,0.657,,15.0,9.0,282720.0,True
210041240,Sunbury,Victoria,270.0,1175796.584390079,890291.3902536267,728021.4755574318,914016.9080468608,680426.9119234621,548751.1708905792,3,3,Robust — viable even without subsidy,2.0,32014.0,6500.0,1.0,135.0,16.0,9.0,104000.0,True
210041539,Diggers Rest,Victoria,58.0,92001.58201318784,5898.024978487898,-49741.11604398607,90014.35162375894,-9346.225583272419,-70480.45986491689,2,1,Mixed — sensitive to cost assumptions,0.0,5359.0,18848.0,0.657,,4.0,3.0,75392.0,True
210051242,Broadmeadows,Victoria,46.0,25758.210347795357,-27360.952419581503,-61683.84648341208,73735.03820635431,-6687.434026650175,-55242.469296877025,1,1,Mixed — sensitive to cost assumptions,0.0,14339.0,18848.0,0.657,,4.0,2.0,75392.0,True
210051243,Campbellfield - Coolaroo,Victoria,41.0,23031.75063883893,-134636.8079917167,-213868.77299737348,68591.73286740179,-8294.695467122052,-51802.89436157339,1,1,Mixed — sensitive to cost assumptions,0.0,10971.0,18848.0,0.657,,3.0,2.0,56544.0,True
210051245,Gladstone Park - Westmeadows,Victoria,51.0,104161.68994808804,-25812.915893175712,-99750.24644367312,77568.15574021495,-16613.61708477314,-71427.81420566724,1,1,Mixed — sensitive to cost assumptions,0.0,7689.0,18848.0,0.657,,4.0,3.0,75392.0,True
210051246,Greenvale - Bulla,Victoria,201.0,352327.68055768614,29889.25503872869,-149939.14064488892,352112.37817247305,-16216.370965572103,-224218.34755949563,2,1,Mixed — sensitive to cost assumptions,0.0,19233.0,18848.0,0.657,,14.0,9.0,263872.0,True
210051247,Meadow Heights,Victoria,38.0,93960.54234003148,-112359.50205824041,-223875.74209411925,58166.596940919706,-17948.77241043282,-59777.82696215737,1,1,Mixed — sensitive to cost assumptions,0.0,12556.0,18848.0,0.657,,3.0,2.0,56544.0,True
210051248,Melbourne Airport,Victoria,238.0,235229.36958504308,31630.286972380505,-85971.738269244,424410.6556285989,-20570.310792366537,-266952.87533952354,2,1,Mixed — sensitive to cost assumptions,0.0,8961.0,18848.0,0.657,,16.0,10.0,301568.0,True
210051250,Tullamarine,Victoria,351.0,562739.0490180652,71465.41422980838,-213124.09932257485,628430.5787245637,-27724.081384175573,-390363.21028724883,2,1,Mixed — sensitive to cost assumptions,0.0,27493.0,18848.0,0.657,,24.0,15.0,452352.0,True
210051445,Mickleham - Yuroke,Victoria,736.0,1863174.603179193,728503.2328734165,133835.62182165857,1832122.9937318168,669324.8656867994,64102.48825712671,3,3,Robust — viable even without subsidy,14.0,87576.0,15500.0,0.75,52.57142857142857,36.0,16.0,558000.0,True
210051544,Roxburgh Park (South) - Somerton,Victoria,17.0,25791.75715292804,-10306.542076689188,-27278.323884980535,18693.26838031778,-16055.471998274172,-36095.08604031626,1,1,Mixed — sensitive to cost assumptions,0.0,1452.0,18848.0,0.657,,2.0,1.0,37696.0,True
211011251,Bayswater,Victoria,165.0,254300.8250847506,-187158.26860540675,-427072.4608974798,212830.65996263496,-169500.69192220847,-371246.07817327516,1,1,Mixed — sensitive to cost assumptions,2.0,20240.0,24500.0,0.5,82.5,9.0,5.0,220500.0,True
211011254,Knoxfield - Scoresby,Victoria,187.0,-33828.27256003386,-529014.999027452,-792941.2338948532,-160312.06065638777,-862513.8366035644,-1231651.099159078,0,0,Not viable under any scenario,2.0,13203.0,42500.0,0.0,93.5,11.0,6.0,467500.0,True
211011255,Lysterfield,Victoria,365.0,670999.4253233863,82630.81009933358,-252502.5106332777,652276.1022161802,-23682.820441774296,-400022.8924508842,2,1,Mixed — sensitive to cost assumptions,0.0,31344.0,18848.0,0.657,,25.0,15.0,471200.0,True
211011256,Rowville - Central,Victoria,422.0,-126277.56433907669,-1132477.427974131,-1697246.563759306,-459561.6695456283,-2020291.7605214752,-2869854.46794637,0,0,Not viable under any scenario,2.0,27157.0,42500.0,0.0,211.0,27.0,15.0,1147500.0,True
211011260,Wantirna South,Victoria,502.0,593443.6695782726,113393.20675086955,-162906.01995641144,891938.8180718787,-36411.24802708923,-554333.91313137,2,1,Mixed — sensitive to cost assumptions,0.0,25291.0,18848.0,0.657,,34.0,21.0,640832.0,True
211011446,Boronia,Victoria,184.0,351561.09946360654,32212.430343997592,-150832.6315266593,314934.9606038922,-16709.75599522359,-207563.18489748816,2,1,Mixed — sensitive to cost assumptions,0.0,17526.0,18848.0,0.657,,13.0,8.0,245024.0,True
211011449,The Basin,Victoria,35.0,63975.77398487992,-844.8540261638227,-42116.46335632814,60314.650641219836,-15954.966696200423,-54823.13478549689,1,1,Mixed — sensitive to cost assumptions,0.0,3495.0,18848.0,0.657,,3.0,2.0,56544.0,True
211021261,Donvale - Park Orchards,Victoria,312.0,314267.8215416199,61321.469976772394,-85639.18858001508,550065.2182790991,-15571.24488208795,-336620.49408763833,2,1,Mixed — sensitive to cost assumptions,0.0,12962.0,18848.0,0.657,,21.0,13.0,395808.0,True
211021262,Warrandyte - Wonga Park,Victoria,191.0,234776.16361908193,31129.562756940242,-82785.82324853624,327656.0075223956,-19802.405885725675,-217947.75708932683,2,1,Mixed — sensitive to cost assumptions,0.0,10522.0,18848.0,0.657,,13.0,8.0,245024.0,True
211031263,Bayswater North,Victoria,100.0,206400.23096974427,-7118.956395076006,-133125.3015504406,165956.8073339641,-10290.91494353184,-114207.45514223195,1,1,Mixed — sensitive to cost assumptions,0.0,12493.0,18848.0,0.657,,7.0,4.0,131936.0,True
211031267,Ringwood East,Victoria,228.0,320313.2641125298,62632.091172519256,-92857.47421624218,398357.7146331314,-23784.833673310466,-260073.7254689164,2,1,Mixed — sensitive to cost assumptions,0.0,14103.0,18848.0,0.657,,16.0,10.0,301568.0,True
211031268,Ringwood North,Victoria,428.0,638611.2540960958,-35424.629032720084,-380482.04637040466,643150.3934019846,-344684.1026029437,-848905.7964664467,1,1,Mixed — sensitive to cost assumptions,8.0,27382.0,24500.0,0.5,53.5,21.0,10.0,514500.0,True
211031451,Croydon - West,Victoria,441.0,1214030.0646611033,929831.0092503907,769218.1130821912,1502786.2444902016,1121073.155458485,907625.9363662924,3,3,Robust — viable even without subsidy,4.0,34598.0,6500.0,1.0,110.25,26.0,14.0,169000.0,True
211041270,Mitcham (Vic.),Victoria,231.0,292874.2878199636,47841.30820905029,-91092.44164891871,410190.48162522214,-14502.268769209448,-252707.3522687709,2,1,Mixed — sensitive to cost assumptions,0.0,12396.0,18848.0,0.657,,16.0,10.0,301568.0,True
211041271,Nunawading,Victoria,440.0,701979.2085733458,542111.7416887571,452044.9152131932,1486919.443034322,1105543.2673404005,889720.6571477912,3,3,Robust — viable even without subsidy,2.0,17448.0,6500.0,1.0,220.0,28.0,16.0,182000.0,True
211041273,Vermont South,Victoria,320.0,408766.11130137905,74650.6952202003,-114880.56677698373,567230.2298899238,-17511.85935436585,-347055.54952131386,2,1,Mixed — sensitive to cost assumptions,0.0,17107.0,18848.0,0.657,,22.0,13.0,414656.0,True
211051274,Belgrave - Selby,Victoria,132.0,187077.26315876836,23923.20139784857,-70889.16194249027,231601.12086092524,-17806.18640931585,-155543.1963086682,2,1,Mixed — sensitive to cost assumptions,0.0,9177.0,18848.0,0.657,,9.0,6.0,169632.0,True
211051275,Chirnside Park,Victoria,74.0,-96389.41674174274,-408616.3882830935,-578380.4935082676,-69671.21856115897,-338673.3755795155,-483609.37446524744,0,0,Not viable under any scenario,1.0,9152.0,42500.0,0.0,74.0,4.0,2.0,170000.0,True
211051276,Healesville - Yarra Glen,Victoria,101.0,185918.7992696014,-211768.24554650745,-365063.3775015367,211568.10347828572,-147643.10398296162,-275741.8568322626,1,1,Mixed — sensitive to cost assumptions,9.0,13236.0,42500.0,0.0,11.222222222222221,0.0,0.0,0.0,False
211051278,Lilydale - Coldstream,Victoria,125.0,535801.5060859503,404016.9369102468,330923.7260867674,429608.36208967504,321594.76525636687,262099.22122408735,3,3,Robust — viable even without subsidy,2.0,15576.0,6500.0,1.0,62.5,7.0,3.0,45500.0,True
211051279,Monbulk - Silvan,Victoria,35.0,53465.82574690262,-20927.35957519274,-62583.38228263097,60314.650641219836,-15954.966696200423,-54823.13478549689,1,1,Mixed — sensitive to cost assumptions,0.0,4645.0,18848.0,0.657,,3.0,2.0,56544.0,True
211051280,Montrose,Victoria,45.0,82506.35763392277,-13518.964643090934,-69634.81182979306,69291.07351403299,-9269.946431727672,-57030.53409261801,1,1,Mixed — sensitive to cost assumptions,0.0,5419.0,18848.0,0.657,,3.0,2.0,56544.0,True
211051281,Mooroolbark,Victoria,121.0,258806.37657038574,-16743.409508473458,-177201.69933747698,204022.50482895726,-12441.289235951946,-138314.9006607537,1,1,Mixed — sensitive to cost assumptions,0.0,16612.0,18848.0,0.657,,9.0,5.0,169632.0,True
211051282,Mount Dandenong - Olinda,Victoria,155.0,165238.9204178759,21778.479496730986,-59393.92391230112,261300.8218434644,-12999.434322450936,-173647.6288261048,2,1,Mixed — sensitive to cost assumptions,0.0,8083.0,18848.0,0.657,,11.0,7.0,207328.0,True
211051283,Mount Evelyn,Victoria,57.0,112396.4735359328,-21446.648302201735,-97457.42230721946,87069.51401631089,-11928.737988349909,-72268.52466065789,1,1,Mixed — sensitive to cost assumptions,0.0,7838.0,18848.0,0.657,,4.0,3.0,75392.0,True
211051284,Upwey - Tecoma,Victoria,55.0,104178.09846813574,3597.0425203814884,-56238.8648316372,95344.01450950038,-17455.387380781445,-76432.98962416487,2,1,Mixed — sensitive to cost assumptions,0.0,5228.0,18848.0,0.657,,4.0,3.0,75392.0,True
211051285,Wandin - Seville,Victoria,22.0,141434.51328643714,120831.36237136387,111228.64831637181,84053.48108521051,80346.51365359586,75769.97792758471,3,3,Robust — viable even without subsidy,6.0,2974.0,6500.0,1.0,3.6666666666666665,0.0,0.0,0.0,False
211051286,Yarra Valley,Victoria,77.0,-168769.49221450282,-573612.1420572312,-782611.9855201147,-59111.17020582421,-367468.15566413035,-521951.637970245,0,0,Not viable under any scenario,1.0,16495.0,42500.0,0.0,77.0,5.0,3.0,212500.0,True
212011289,Emerald - Cockatoo,Victoria,141.0,196123.7718624974,11415.51622015526,-98206.93109636083,237455.2983518478,-15372.186907386422,-161763.30353699985,2,1,Mixed — sensitive to cost assumptions,0.0,15881.0,18848.0,0.657,,10.0,6.0,188480.0,True
212011546,Beaconsfield - Officer,Victoria,328.0,492687.09177739685,77956.1283761891,-164135.045420395,581476.9518449277,-19328.880614979716,-357288.36467085604,2,1,Mixed — sensitive to cost assumptions,0.0,23165.0,18848.0,0.657,,22.0,14.0,414656.0,True
212011547,Bunyip - Garfield,Victoria,43.0,98606.37912877543,-31153.253174614627,-104887.70165972268,61724.86343982103,-16341.510969960877,-63217.40189746096,1,1,Mixed — sensitive to cost assumptions,0.0,9189.0,18848.0,0.657,,3.0,2.0,56544.0,True
212011548,Koo Wee Rup,Victoria,15.0,1822.9666215363197,-47760.50536114004,-73962.37788029877,11212.970061283779,-9553.571641237015,-26702.981345764634,1,1,Mixed — sensitive to cost assumptions,0.0,4921.0,18848.0,0.657,,1.0,1.0,18848.0,True
212011549,Pakenham - North East,Victoria,343.0,-450647.3276102698,-1896770.7996609083,-2687073.314726391,-383640.92012738396,-1667920.4236013512,-2365264.64702065,0,0,Not viable under any scenario,1.0,43850.0,42500.0,0.0,343.0,22.0,13.0,935000.0,True
212021293,Berwick - North,Victoria,729.0,-213178.5194500757,-1647854.3075266988,-2471474.7418519603,-844077.728146505,-3545839.093999301,-5030476.395847486,0,0,Not viable under any scenario,1.0,41272.0,42500.0,0.0,729.0,48.0,29.0,2040000.0,True
212021295,Doveton,Victoria,47.0,133246.11547094493,-21328.812929793203,-110133.01687043236,78179.00289867571,-15638.366120167524,-66200.17447462262,1,1,Mixed — sensitive to cost assumptions,0.0,8500.0,18848.0,0.657,,4.0,2.0,75392.0,True
212021297,Hallam,Victoria,96.0,190760.62508865102,-6942.778756598025,-121325.40946656649,163935.74737690215,-9449.144647523579,-109202.27972373438,1,1,Mixed — sensitive to cost assumptions,0.0,11199.0,18848.0,0.657,,7.0,4.0,131936.0,True
212021299,Narre Warren North,Victoria,106.0,151224.1931046883,22120.683871600755,-58556.8403797555,174233.88956014597,-19065.06258343083,-130443.28329285944,2,1,Mixed — sensitive to cost assumptions,0.0,7636.0,18848.0,0.657,,8.0,5.0,150784.0,True
212021453,Endeavour Hills - North,Victoria,173.0,-107722.67594432103,-758214.2926844532,-1111727.2945837034,-146470.64584841684,-803979.3773813567,-1146024.2494522422,0,0,Not viable under any scenario,2.0,17737.0,42500.0,0.0,86.5,10.0,5.0,425000.0,True
212021456,Narre Warren - South West,Victoria,479.0,1484544.4448510418,1130447.4365782703,931217.3463064493,1627962.973318086,1217686.7206010101,985767.901892229,3,3,Robust — viable even without subsidy,4.0,42954.0,6500.0,1.0,119.75,28.0,16.0,182000.0,True
212031303,Cranbourne South,Victoria,1559.0,-784001.5140709091,-4969546.604866838,-7286682.780671962,-1633576.7986148412,-7421113.566211929,-10557445.184071876,0,0,Not viable under any scenario,6.0,129398.0,42500.0,0.0,259.8333333333333,98.0,57.0,4165000.0,True
212031308,Pearcedale - Tooradin,Victoria,12.0,24487.62483920504,-16490.034024891247,-45067.57052113926,14957.59410697392,-6129.288940151189,-19909.741131525992,1,1,Mixed — sensitive to cost assumptions,0.0,3160.0,18848.0,0.657,,1.0,1.0,18848.0,True
212031561,Hampton Park - East,Victoria,83.0,247498.919328022,-66977.28019980903,-241353.7475706452,144534.1885776069,-10669.861814234944,-97368.43767646665,1,1,Mixed — sensitive to cost assumptions,0.0,17414.0,18848.0,0.657,,6.0,4.0,113088.0,True
212041310,Clayton South,Victoria,172.0,320021.98426886095,34038.28404839471,-133104.67454408854,298478.2394120452,-14050.964438601091,-192325.194329448,2,1,Mixed — sensitive to cost assumptions,0.0,15195.0,18848.0,0.657,,12.0,7.0,226176.0,True
212041313,Dingley Village,Victoria,182.0,347356.76739396976,26696.88603111013,-156081.61588565115,321801.8300314732,-20567.897030189153,-209503.0067355255,2,1,Mixed — sensitive to cost assumptions,0.0,17157.0,18848.0,0.657,,13.0,8.0,245024.0,True
212041317,Springvale,Victoria,212.0,321140.65581415955,-117418.17396962729,-325007.36356806254,273414.50014842296,-311281.22368258843,-587972.4952666959,1,1,Mixed — sensitive to cost assumptions,8.0,16411.0,30500.000000000004,0.3333333333333333,26.5,7.0,1.0,213500.00000000003,True
212041459,Noble Park - East,Victoria,183.0,424107.16641582304,-34179.37597267868,-289799.3469149524,312087.56625696097,-17985.38462511172,-207714.94193978456,1,1,Mixed — sensitive to cost assumptions,0.0,27088.0,18848.0,0.657,,13.0,8.0,245024.0,True
212041564,Dandenong - South,Victoria,672.0,-269899.42360687046,-2394496.8103493876,-3513046.816536377,-500461.60304172355,-3002836.7890068586,-4309235.652448665,0,0,Not viable under any scenario,8.0,64585.0,42500.0,0.0,84.0,37.0,19.0,1572500.0,True
212041566,Keysborough - South,Victoria,453.0,171448.37762214663,-800135.3157108063,-1283240.1383412709,-245405.19085963757,-1929790.7026617434,-2789233.1130588786,1,0,Mixed — sensitive to cost assumptions,8.0,25022.0,42500.0,0.0,56.625,23.0,11.0,977500.0,True
212051319,Ashwood - Chadstone,Victoria,214.0,339854.0117415502,171960.32351453663,119903.86722218421,446958.20645174803,-40147.22350030215,-262691.75347162597,3,1,Mixed — sensitive to cost assumptions,10.0,6682.0,24500.0,0.5,21.4,5.0,0.0,122500.0,True
212051321,Glen Waverley - East,Victoria,1225.0,-213014.0307739477,-1778204.6797118415,-2676412.625876275,-1448393.3756242036,-5984482.509254238,-8482892.119961172,0,0,Not viable under any scenario,1.0,44341.0,42500.0,0.0,1225.0,81.0,48.0,3442500.0,True
212051324,Mount Waverley - South,Victoria,732.0,686100.0750206448,101822.13330255731,-181733.61593532504,1050816.2270780928,-619400.9924086782,-1489259.4638181503,2,1,Mixed — sensitive to cost assumptions,12.0,27270.0,24500.0,0.5,61.0,37.0,18.0,906500.0,True
212051325,Mulgrave,Victoria,921.0,702813.6310382411,135670.58235864216,-190346.67155124768,1639257.5358109726,-47386.723728432204,-994267.9631371914,2,1,Mixed — sensitive to cost assumptions,0.0,24728.0,18848.0,0.657,,62.0,37.0,1168576.0,True
212051326,Oakleigh - Huntingdale,Victoria,451.0,74869.7187856338,-943183.3528330764,-1473144.1431596205,-331661.5033061691,-1981591.0660555272,-2852033.848520551,1,0,Mixed — sensitive to cost assumptions,6.0,26283.0,42500.0,0.0,75.16666666666667,25.0,13.0,1062500.0,True
212051567,Clayton (North) - Notting Hill,Victoria,343.0,403988.3245187206,82004.62475295148,-109019.47817772017,609766.4400288656,-25907.060123561794,-380130.39513770666,2,1,Mixed — sensitive to cost assumptions,0.0,17333.0,18848.0,0.657,,23.0,14.0,433504.0,True
213011328,Ardeer - Albion,Victoria,312.0,-207969.72138680593,-1416119.8370928187,-2069438.0517351644,-236378.81569693406,-1377891.4173941824,-1981940.6911059741,0,0,Not viable under any scenario,4.0,36228.0,42500.0,0.0,78.0,17.0,9.0,722500.0,True
213011334,St Albans - North,Victoria,161.0,308052.3780949793,-215177.76031303292,-490730.37758225645,285235.2596213531,-21888.020121298177,-190067.31178048998,1,1,Mixed — sensitive to cost assumptions,0.0,35672.0,18848.0,0.657,,11.0,7.0,207328.0,True
213011339,Sydenham,Victoria,286.0,1090864.066394845,811089.9236471459,654888.7496507314,975334.7423289258,730015.1412902601,592218.3038155664,3,3,Robust — viable even without subsidy,3.0,36158.0,6500.0,1.0,95.33333333333333,17.0,9.0,110500.0,True
213011340,Taylors Lakes,Victoria,163.0,-90155.3210585111,-838814.8321366917,-1220345.9132200358,-66303.68718241034,-658815.3011745791,-960362.188888749,0,0,Not viable under any scenario,4.0,20525.0,42500.0,0.0,40.75,7.0,3.0,297500.0,True
213021341,Altona,Victoria,186.0,-53965.987086512905,-437814.1888193992,-661409.4706645721,-204662.1286350942,-906116.7092179597,-1283959.2616257435,0,0,Not viable under any scenario,1.0,10299.0,42500.0,0.0,186.0,12.0,7.0,510000.0,True
213021342,Altona Meadows,Victoria,145.0,343930.900220484,-20717.50895730249,-223091.6684776873,252324.39897065127,-18015.946229457782,-169215.586393514,1,1,Mixed — sensitive to cost assumptions,0.0,20475.0,18848.0,0.657,,10.0,6.0,188480.0,True
213021343,Altona North,Victoria,304.0,172287.49582378377,-379525.1185578107,-636471.1348579022,-110020.49639898833,-1246642.227045707,-1811059.5695193403,1,0,Mixed — sensitive to cost assumptions,7.0,12474.0,42500.0,0.0,43.42857142857143,14.0,6.0,595000.0,True
213021344,Newport,Victoria,220.0,285943.808671334,51688.99295256418,-88158.75828153816,382697.7773484322,-23769.801438759547,-252288.01775739057,2,1,Mixed — sensitive to cost assumptions,0.0,12592.0,18848.0,0.657,,15.0,9.0,282720.0,True
213021346,Williamstown,Victoria,238.0,297670.58446905395,47622.3522251555,-96214.77209082848,424410.6556285989,-20570.310792366537,-266952.87533952354,2,1,Mixed — sensitive to cost assumptions,0.0,12458.0,18848.0,0.657,,16.0,10.0,301568.0,True
213031347,Braybrook,Victoria,76.0,126762.34009923408,3897.667282253591,-68771.0182488777,131813.1416591036,-19348.68779294011,-100115.730546006,2,1,Mixed — sensitive to cost assumptions,0.0,6812.0,18848.0,0.657,,6.0,4.0,113088.0,True
213031348,Footscray,Victoria,240.0,318407.8662937456,62337.43646815741,-92592.82562666491,416044.6591161448,-13736.77762474565,-261152.10262257187,2,1,Mixed — sensitive to cost assumptions,0.0,14551.0,18848.0,0.657,,16.0,10.0,301568.0,True
213031351,West Footscray - Tottenham,Victoria,311.0,464237.6422792553,72428.53578324805,-151251.96490552695,545621.2535867777,-18277.35049882956,-338610.7991675128,2,1,Mixed — sensitive to cost assumptions,0.0,20294.0,18848.0,0.657,,21.0,13.0,395808.0,True
213031352,Yarraville,Victoria,205.0,235600.84999542905,46715.53534007845,-65406.58424970979,353000.6580988857,-15761.144943324121,-227607.43925296183,2,1,Mixed — sensitive to cost assumptions,0.0,9839.0,18848.0,0.657,,14.0,9.0,263872.0,True
213041461,Burnside,Victoria,472.0,682355.7924147376,-256358.3975559952,-743198.4919683828,699228.7938673134,-368762.64909924805,-923098.3042408106,1,1,Mixed — sensitive to cost assumptions,9.0,46929.0,24500.0,0.5,52.44444444444444,23.0,10.0,563500.0,True
213041573,Eynesbury - Exford,Victoria,251.0,671391.7435103441,170257.40847020608,-95099.37454595146,560594.2258784007,101902.70124948752,-130148.23578779472,2,2,Mixed — sensitive to cost assumptions,6.0,29319.0,18500.0,0.6666666666666666,41.833333333333336,11.0,5.0,203500.0,True
213041574,Fraser Rise - Plumpton,Victoria,469.0,713544.8810731284,129522.17124621395,-210479.29910401077,836008.7683194297,-33270.59053551301,-517213.120170278,2,1,Mixed — sensitive to cost assumptions,0.0,31107.0,18848.0,0.657,,32.0,19.0,603136.0,True
213041576,Kurunjang - Toolern Vale,Victoria,146.0,342861.76705980074,-127092.35980482699,-383045.2071703995,255446.6443525419,-13764.92546691456,-165202.87847230345,1,1,Mixed — sensitive to cost assumptions,0.0,31231.0,18848.0,0.657,,10.0,6.0,188480.0,True
213051363,Laverton,Victoria,325.0,-107898.3867985006,-695937.324072837,-1037066.2543542109,-379757.02281709923,-1585095.8503347228,-2245752.8322634613,0,0,Not viable under any scenario,1.0,15757.0,42500.0,0.0,325.0,21.0,12.0,892500.0,True
213051468,Werribee - West,Victoria,1583.0,1154107.8749796096,-705666.8487084067,-1720432.7200079486,1262710.9778196528,-2805215.1245854516,-4998292.425243598,1,1,Mixed — sensitive to cost assumptions,11.0,85650.0,28100.0,0.4,143.9090909090909,95.0,53.0,2669500.0,True
213051584,Tarneit - North,Victoria,1401.0,-631307.2086730785,-4111650.590961389,-6090416.56419395,-1661344.3339684268,-6857348.237283737,-9717510.886862816,0,0,Not viable under any scenario,1.0,102928.0,42500.0,0.0,1401.0,93.0,56.0,3952500.0,True
213051589,Wyndham Vale - North,Victoria,331.0,513944.3332976956,76600.14226867587,-179034.8731768199,579242.9863894496,-23124.675355275365,-364690.1642855333,2,1,Mixed — sensitive to cost assumptions,0.0,25224.0,18848.0,0.657,,23.0,14.0,433504.0,True
214011370,Carrum Downs,Victoria,116.0,-183673.32003080254,-872700.908222487,-1230103.3406188102,-79594.57170924143,-509859.17800852645,-733198.0377856048,0,0,Not viable under any scenario,2.0,19583.0,42500.0,0.0,58.0,6.0,3.0,255000.0,True
214011371,Frankston,Victoria,420.0,88724.99709003267,-1281061.2726809084,-1943777.3335775624,-35523.372543312435,-1605976.17689574,-2361597.386319046,1,0,Mixed — sensitive to cost assumptions,12.0,41433.0,42500.0,0.0,35.0,16.0,5.0,680000.0,True
214011372,Frankston North,Victoria,16.0,20579.63466258236,-31805.213431935972,-60969.14828222115,14249.303687996424,-5302.5508786936825,-22690.27342455407,1,1,Mixed — sensitive to cost assumptions,0.0,3473.0,18848.0,0.657,,2.0,1.0,37696.0,True
214011374,Langwarrin,Victoria,137.0,285990.8249815345,-24123.323337450056,-200080.5954635488,236755.95770521657,-16075.331757179796,-158780.5309598382,1,1,Mixed — sensitive to cost assumptions,0.0,18166.0,18848.0,0.657,,10.0,6.0,188480.0,True
214011375,Seaford (Vic.),Victoria,105.0,231361.72757470788,-18082.28701670452,-159509.70288914687,183948.1533346582,-10114.130489913354,-119485.57811511369,1,1,Mixed — sensitive to cost assumptions,0.0,14490.0,18848.0,0.657,,7.0,5.0,131936.0,True
214021377,Dromana,Victoria,146.0,238149.4170054805,17845.84098983981,-106000.85227660806,255446.6443525419,-13764.92546691456,-165202.87847230345,2,1,Mixed — sensitive to cost assumptions,0.0,11773.0,18848.0,0.657,,10.0,6.0,188480.0,True
214021378,Flinders,Victoria,360.0,-199112.5610101159,-1235791.2109681945,-1788371.479779697,-378268.3796233216,-1712473.5998080368,-2436047.8098192606,0,0,Not viable under any scenario,2.0,29974.0,42500.0,0.0,180.0,22.0,13.0,935000.0,True
214021379,Hastings - Somers,Victoria,93.0,133001.20795676735,6659.875093622097,-71035.11781982105,154832.33076085075,-20657.291789351868,-119218.00064603012,2,1,Mixed — sensitive to cost assumptions,0.0,8602.0,18848.0,0.657,,7.0,4.0,131936.0,True
214021381,Mount Eliza,Victoria,356.0,346984.1723930166,67926.14861536134,-98079.49593606999,631988.8452234649,-26116.819943703624,-393802.7852225526,2,1,Mixed — sensitive to cost assumptions,0.0,14679.0,18848.0,0.657,,24.0,15.0,452352.0,True
214021382,Mount Martha,Victoria,285.0,396206.47940109944,102360.7080873825,-59427.75890866869,537984.9636915936,15367.477030759153,-270674.52251534036,2,2,Mixed — sensitive to cost assumptions,2.0,15475.0,18848.0,0.657,142.5,17.0,10.0,320416.0,True
214021383,Point Nepean,Victoria,266.0,17410.33687358623,-595349.5506521857,-901913.9413601903,-164905.3367760198,-1178703.887642471,-1692391.370873679,1,0,Mixed — sensitive to cost assumptions,4.0,18445.0,42500.0,0.0,66.5,14.0,7.0,595000.0,True
214021384,Rosebud - McCrae,Victoria,55.0,-23237.91407432341,-249540.82879971268,-354381.00918342633,6650.875088040353,-223918.53719421325,-324260.71841814934,0,1,Not viable under any scenario,2.0,6908.0,42500.0,0.0,27.5,2.0,1.0,85000.0,True
214021385,Somerville,Victoria,151.0,328287.4591468977,-7034.862516009103,-199550.2274434807,262100.60828170646,-11900.590146181188,-168217.74881092645,1,1,Mixed — sensitive to cost assumptions,0.0,21415.0,18848.0,0.657,,11.0,7.0,207328.0,True
214021591,Mornington - East,Victoria,304.0,144069.58506367396,-724341.7899356376,-1141798.797585858,-70114.39311260325,-1207290.3751938548,-1762764.1149738857,1,0,Mixed — sensitive to cost assumptions,8.0,22113.0,42500.0,0.0,38.0,13.0,5.0,552500.0,True
215011386,Ararat,Victoria,23.0,67116.66371635911,-74610.0346597828,-118477.4179607702,88497.44577753186,84597.53441613918,79782.68584879527,1,3,Robust — viable even without subsidy,6.0,8221.0,30500.000000000004,0.3333333333333333,3.8333333333333335,0.0,0.0,0.0,False
215011387,Ararat Surrounds,Victoria,4.0,-11939.180290957096,-11926.936487218154,-16182.118707738544,-2207.4175038507547,-2643.7593220714275,-7452.282856514177,0,0,Not viable under any scenario,0.0,2666.0,18848.0,0.657,,1.0,1.0,18848.0,True
215011388,Horsham,Victoria,28.0,16286.099393704799,-149673.32326775824,-204235.8214478643,115288.51662109172,5150.567071101534,-19520.040510591356,1,2,Mixed — sensitive to cost assumptions,4.0,13478.0,42500.0,0.0,7.0,0.0,0.0,0.0,False
215011389,Horsham Surrounds,Victoria,10.0,-6128.702377289149,-22551.83462405882,-36174.907327492525,6069.664722331219,-12962.822107772035,-25710.51384847756,0,1,Not viable under any scenario,0.0,6088.0,18848.0,0.657,,1.0,1.0,18848.0,True
215011390,Nhill Region,Victoria,3.0,-7577.024301198018,-7315.229212231983,-6988.59094324158,-4953.095450848248,-4814.861875513547,-4641.338021765453,0,0,Not viable under any scenario,8.0,7353.0,24500.0,0.5,0.375,0.0,0.0,0.0,False
215011391,St Arnaud,Victoria,6.0,9283.701473602669,8826.795664645397,8265.899870227442,22092.540771975036,21114.143534474162,19906.38208091414,3,3,Robust — viable even without subsidy,2.0,4090.0,42500.0,0.0,3.0,0.0,0.0,0.0,False
215011392,Stawell,Victoria,10.0,40643.74883865463,38287.933321332406,35409.73157571204,14726.53894051853,13962.33086032512,13022.953810835323,3,3,Robust — viable even without subsidy,13.0,7785.0,42500.0,0.0,0.7692307692307693,0.0,0.0,0.0,False
215011393,West Wimmera,Victoria,3.0,3931.272748479645,3777.103695075868,3586.084283860391,11046.270385987518,10557.071767237081,9953.19104045707,3,3,Robust — viable even without subsidy,1.0,2543.0,42500.0,0.0,3.0,0.0,0.0,0.0,False
215011394,Yarriambiack,Victoria,7.0,16691.78345977555,15974.068453436905,15087.586913462193,28822.12915527293,-10562.476306549022,-19485.868675561225,3,1,Mixed — sensitive to cost assumptions,1.0,6896.0,42500.0,0.0,7.0,0.0,0.0,0.0,False
215021395,Irymple,Victoria,7.0,10659.03580001209,-56176.238618732415,-93743.39035460816,11124.476573113301,-7736.550380623102,-16470.16619622239,1,1,Mixed — sensitive to cost assumptions,0.0,5795.0,18848.0,0.657,,1.0,1.0,18848.0,True
215021398,Mildura Surrounds,Victoria,17.0,12778.99168692312,-6557.3246345523075,-19677.780206270065,18693.26838031778,-16055.471998274172,-36095.08604031626,1,1,Mixed — sensitive to cost assumptions,0.0,17113.0,18848.0,0.657,,2.0,1.0,37696.0,True
215021469,Mildura - North,Victoria,0.0,-14406.37709685694,-14358.766113683781,-18566.925756437402,0.0,0.0,0.0,0,0,Not viable under any scenario,0.0,770.0,18848.0,0.657,,0.0,0.0,0.0,False
215021470,Mildura - South,Victoria,86.0,62465.801419029616,-302816.21027301933,-487534.09926048265,140612.15675747427,-16134.164911996246,-106994.88041661317,1,1,Mixed — sensitive to cost assumptions,0.0,30080.0,18848.0,0.657,,6.0,4.0,113088.0,True
215031400,Buloke,Victoria,6.0,-4296.972539035891,-4128.462178338739,-3919.6735195683345,8378.798626115808,7938.200412116481,7396.785741866264,0,3,Robust — viable even without subsidy,8.0,7336.0,42500.0,0.0,0.75,0.0,0.0,0.0,False
215031401,Gannawarra,Victoria,4.0,25640.051679156706,-4913.9384971970285,-10484.526019708035,13204.611387332334,12612.102009387474,11880.966238492994,1,3,Robust — viable even without subsidy,2.0,11685.0,42500.0,0.0,2.0,0.0,0.0,0.0,False
215031404,Swan Hill,Victoria,0.0,-12696.397565956788,-12748.456178578617,-17078.36623181476,0.0,0.0,0.0,0,0,Not viable under any scenario,0.0,755.0,18848.0,0.657,,0.0,0.0,0.0,False
215031405,Swan Hill Surrounds,Victoria,16.0,25465.298704333487,24377.06918025184,23033.525032443133,30064.322132991598,-9452.345117376803,-26500.416174366233,3,1,Mixed — sensitive to cost assumptions,2.0,21523.0,42500.0,0.0,8.0,0.0,0.0,0.0,False
216011406,Echuca,Victoria,0.0,-14679.352529715778,-14613.304229374406,-18799.150331261524,0.0,0.0,0.0,0,0,Not viable under any scenario,0.0,500.0,18848.0,0.657,,0.0,0.0,0.0,False
216011407,Kyabram,Victoria,14.0,4351.829326000107,-58367.18507200582,-93338.09799380318,23845.523491616623,-12259.677257978658,-28693.286425639242,1,1,Mixed — sensitive to cost assumptions,0.0,10147.0,18848.0,0.657,,1.0,1.0,18848.0,True
216011408,Lockington - Gunbower,Victoria,37.0,-143698.3127739967,-381887.02396983956,-495713.7154069207,-31815.15439894116,-154317.27511776818,-224162.3115255496,0,0,Not viable under any scenario,1.0,20347.0,42500.0,0.0,37.0,2.0,1.0,85000.0,True
216011409,Rochester,Victoria,16.0,-5053.119563794008,-36576.12519894372,-56368.36530043278,14249.303687996424,-5302.5508786936825,-22690.27342455407,0,1,Not viable under any scenario,0.0,4545.0,18848.0,0.657,,2.0,1.0,37696.0,True
216011410,Rushworth,Victoria,10.0,5081.0517829534865,-13471.61771973294,-25039.70630421419,6069.664722331219,-12962.822107772035,-25710.51384847756,1,1,Mixed — sensitive to cost assumptions,0.0,4259.0,18848.0,0.657,,1.0,1.0,18848.0,True
216021412,Moira,Victoria,10.0,-67.1863991603368,-13774.96068864339,-20437.550589564795,6069.664722331219,-12962.822107772035,-25710.51384847756,0,1,Not viable under any scenario,0.0,2302.0,18848.0,0.657,,1.0,1.0,18848.0,True
216021413,Numurkah,Victoria,9.0,297.69188272784277,-18010.38096142096,-32528.24384822199,3124.827114883128,-15668.927724513675,-27700.818928352164,1,1,Mixed — sensitive to cost assumptions,0.0,11757.0,18848.0,0.657,,1.0,1.0,18848.0,True
216021414,Yarrawonga,Victoria,31.0,-131380.20375917462,-365615.1484499829,-475765.7497314514,17895.02629571264,-98923.7054689316,-149562.71723872927,0,1,Not viable under any scenario,2.0,10126.0,42500.0,0.0,15.5,1.0,0.0,42500.0,True
216031418,Shepparton Surrounds - East,Victoria,170.0,-721225.0259586761,-1829500.1651031675,-2367203.6253733286,-154428.02216466307,-781544.5177770962,-1116614.2139371363,0,0,Not viable under any scenario,2.0,45569.0,42500.0,0.0,85.0,10.0,5.0,425000.0,True
216031419,Shepparton Surrounds - West,Victoria,41.0,118003.7300681913,-140300.0887593738,-250878.98106810875,128123.63151756281,33101.21301566342,-202.95241771710425,1,2,Mixed — sensitive to cost assumptions,4.0,16951.0,24500.0,0.5,10.25,0.0,0.0,0.0,False
217011420,Glenelg (Vic.),Victoria,19.0,-96854.59114598074,-356880.1886617565,-458418.26502163894,77578.45808117608,1104.7266498602858,-16547.225133909145,0,2,Not viable under any scenario,3.0,19147.0,42500.0,0.0,6.333333333333333,0.0,0.0,0.0,False
217011421,Hamilton (Vic.),Victoria,34.0,-110949.49623845374,-382403.7286951542,-502514.8884514842,28624.248333588133,-121829.67029395899,-179784.77348018915,0,1,Not viable under any scenario,2.0,11077.0,42500.0,0.0,17.0,1.0,0.0,42500.0,True
217011423,Southern Grampians,Victoria,7.0,11975.368730658709,11498.009580102513,10907.080117478312,28822.12915527293,-10562.476306549022,-19485.868675561225,3,1,Mixed — sensitive to cost assumptions,1.0,5808.0,42500.0,0.0,7.0,0.0,0.0,0.0,False
217031471,Camperdown,Victoria,8.0,-21867.985883046014,-87542.9657743269,-110677.0269045209,-3201.7717146026807,-6311.455544005689,-15473.160754350665,0,0,Not viable under any scenario,1.0,4700.0,42500.0,0.0,8.0,0.0,0.0,0.0,False
217031472,Colac,Victoria,40.0,58858.66329271894,-84733.5794984245,-128263.55036603307,55954.42849007495,-100984.14025039392,-161023.1700718694,1,1,Mixed — sensitive to cost assumptions,3.0,14720.0,42500.0,0.0,13.333333333333334,0.0,0.0,0.0,False
217031473,Colac Surrounds,Victoria,12.0,707.1331478885804,202.39492805967575,-4692.413086537806,14957.59410697392,-6129.288940151189,-19909.741131525992,2,1,Mixed — sensitive to cost assumptions,0.0,2687.0,18848.0,0.657,,1.0,1.0,18848.0,True
217031474,Corangamite - North,Victoria,13.0,9053.64745508864,-10084.489926654347,-22535.692917150467,19401.558799295268,-15080.221033668584,-30867.44630927165,1,1,Mixed — sensitive to cost assumptions,0.0,6600.0,18848.0,0.657,,1.0,1.0,18848.0,True
217031475,Corangamite - South,Victoria,20.0,5474.044213791905,-28222.933927998834,-53334.65188046022,30526.035372408576,-7946.3102007651,-30142.55628106823,1,1,Mixed — sensitive to cost assumptions,0.0,7415.0,18848.0,0.657,,2.0,1.0,37696.0,True
217031476,Otway,Victoria,37.0,-9512.68014733425,-91113.60264583222,-136916.48589577214,-31815.15439894116,-154317.27511776818,-224162.3115255496,0,0,Not viable under any scenario,1.0,3926.0,42500.0,0.0,37.0,2.0,1.0,85000.0,True
217041477,Moyne - East,Victoria,18.0,11398.706228055347,-9342.125076146915,-22344.94911549757,23137.23307263913,-14903.436580050096,-36145.5692821534,1,1,Mixed — sensitive to cost assumptions,0.0,7199.0,18848.0,0.657,,2.0,1.0,37696.0,True
217041478,Moyne - West,Victoria,50.0,-28225.951687238143,-253434.8830158283,-357488.50662212586,-13125.124862685127,-174326.69200238204,-260615.91874037293,0,0,Not viable under any scenario,2.0,10259.0,42500.0,0.0,25.0,2.0,0.0,85000.0,True
217041479,Warrnambool - North,Victoria,167.0,209112.35836429097,-283158.73498936195,-522897.8369584789,289039.4698315783,-98586.01811439809,-287235.5628903042,1,1,Mixed — sensitive to cost assumptions,5.0,29452.0,24500.0,0.5,33.4,7.0,2.0,171500.0,True
301011001,Alexandra Hills,Queensland,90.0,227902.18122542367,-22574.797244138565,-163697.6462114486,155658.6651507202,-15307.426850538803,-109775.41270964127,1,1,Mixed — sensitive to cost assumptions,0.0,12829.0,18848.0,0.657,,6.0,4.0,113088.0,True
301011002,Belmont - Gumdale,Queensland,112.0,118260.44399517433,15546.250327638176,-42262.718393552364,198168.32733803475,-13206.780380415512,-129870.15030695242,2,1,Mixed — sensitive to cost assumptions,0.0,5391.0,18848.0,0.657,,8.0,5.0,150784.0,True
301011003,Birkdale,Queensland,121.0,-69670.4086422949,-518168.0931167788,-762589.0478792432,-93842.61380983163,-530151.9165680546,-763514.8854481811,0,0,Not viable under any scenario,2.0,11818.0,42500.0,0.0,60.5,7.0,3.0,297500.0,True
301011005,Thorneside,Queensland,22.0,31707.386665076516,-21993.263779603567,-54010.219123134906,23934.016979787106,-14076.698518592588,-38926.10157518147,1,1,Mixed — sensitive to cost assumptions,0.0,3085.0,18848.0,0.657,,2.0,1.0,37696.0,True
301011006,Wellington Point,Queensland,255.0,402223.46903938765,68532.24311789035,-123779.70630421425,444511.55507452536,-21621.84090851684,-285630.440842867,2,1,Mixed — sensitive to cost assumptions,0.0,15292.0,18848.0,0.657,,17.0,11.0,320416.0,True
301021007,Cleveland,Queensland,249.0,331031.81773656537,57622.32963458465,-101918.39765043382,436331.91610886005,-25935.207965730457,-284181.17098743806,2,1,Mixed — sensitive to cost assumptions,0.0,14084.0,18848.0,0.657,,17.0,10.0,320416.0,True
301021009,Redland Bay,Queensland,361.0,-187478.6941309559,-1370161.5480015306,-2018733.9522884055,-373824.4149310002,-1708222.5790454932,-2432035.1018980495,0,0,Not viable under any scenario,2.0,32816.0,42500.0,0.0,180.5,23.0,13.0,977500.0,True
301021011,Sheldon - Mount Cotton,Queensland,177.0,334708.1276267938,14992.522413031125,-169764.78506808408,303810.4840307791,-8973.20561460036,-191093.0187012656,2,1,Mixed — sensitive to cost assumptions,0.0,18184.0,18848.0,0.657,,12.0,8.0,226176.0,True
301021012,Thornlands,Queensland,220.0,343852.9560449171,53148.065908434655,-117859.17355371908,382697.7773484322,-23769.801438759547,-252288.01775739057,2,1,Mixed — sensitive to cost assumptions,0.0,15137.0,18848.0,0.657,,15.0,9.0,282720.0,True
301021550,North Stradbroke Island,Queensland,11.0,36664.89835151302,-16742.74891460375,-45162.71292944469,10513.629414652574,-8711.80134522869,-21697.805927266985,1,1,Mixed — sensitive to cost assumptions,0.0,2885.0,18848.0,0.657,,1.0,1.0,18848.0,True
301021551,Southern Moreton Bay Islands,Queensland,25.0,14731.052320807581,-21112.00383067505,-44082.760616202315,35858.279991142466,-4537.059734230075,-31135.0237783553,1,1,Mixed — sensitive to cost assumptions,0.0,10765.0,18848.0,0.657,,2.0,1.0,37696.0,True
301031014,Brisbane Port - Lytton,Queensland,278.0,471199.9312031376,59658.64637285605,-178729.56616227166,489966.05486928794,-13468.184649787261,-299265.363080951,2,1,Mixed — sensitive to cost assumptions,0.0,23031.0,18848.0,0.657,,19.0,12.0,358112.0,True
301031016,Manly West,Queensland,215.0,355152.0932910797,48799.93542713736,-125724.8383431336,377457.0287489629,-12175.11002317068,-233878.0297231308,2,1,Mixed — sensitive to cost assumptions,0.0,15199.0,18848.0,0.657,,15.0,9.0,282720.0,True
301031017,Murarrie,Queensland,130.0,184502.3716106198,31717.049521611596,-61019.3210846254,224034.91078671336,-10007.289734022444,-144535.00788908527,2,1,Mixed — sensitive to cost assumptions,0.0,7676.0,18848.0,0.657,,9.0,6.0,169632.0,True
301031018,Tingalpa,Queensland,108.0,158724.94380525182,16933.900561206472,-67233.8323884981,183121.81894478877,-10563.021058344093,-122417.86745043824,2,1,Mixed — sensitive to cost assumptions,0.0,7512.0,18848.0,0.657,,8.0,5.0,150784.0,True
301031019,Wakerley,Queensland,193.0,211358.71804448336,40526.66826469774,-58076.81169319041,336543.9369070383,-12730.841347492358,-211760.88928448374,2,1,Mixed — sensitive to cost assumptions,0.0,8690.0,18848.0,0.657,,13.0,8.0,245024.0,True
301031021,Wynnum West - Hemmant,Queensland,42.0,61327.91949733354,-3042.3901416324006,-43627.75630079914,73035.69755972314,-4043.674704578727,-47790.18644036284,1,1,Mixed — sensitive to cost assumptions,0.0,3689.0,18848.0,0.657,,3.0,2.0,56544.0,True
302011022,Bald Hills,Queensland,53.0,87825.11955607144,-8510.71911958175,-65364.4819342941,86456.08512485764,-12755.476049807432,-69487.99236762986,1,1,Mixed — sensitive to cost assumptions,0.0,5223.0,18848.0,0.657,,4.0,3.0,75392.0,True
302011025,Everton Park,Queensland,628.0,795139.6069793992,147143.57114447808,-228148.0621666431,1118181.146362443,-29142.34859612584,-674607.6770274063,2,1,Mixed — sensitive to cost assumptions,0.0,35629.0,18848.0,0.657,,42.0,26.0,791616.0,True
302021028,Chermside,Queensland,207.0,297802.0215934599,47595.08358023359,-96888.88327300051,361888.5874835281,-23560.041618617775,-238615.62767254503,2,1,Mixed — sensitive to cost assumptions,0.0,12587.0,18848.0,0.657,,14.0,9.0,263872.0,True
302021031,Kedron - Gordon Park,Queensland,265.0,334925.7894092219,62858.02173642903,-93163.48336862242,470564.4960699928,-16605.329001509905,-290062.48327545763,2,1,Mixed — sensitive to cost assumptions,0.0,13487.0,18848.0,0.657,,18.0,11.0,339264.0,True
302031036,Brisbane Airport,Queensland,526.0,613833.5800341262,127512.7091073904,-156290.44451757526,940240.7122135726,-29021.98353514704,-570650.2808530653,2,1,Mixed — sensitive to cost assumptions,0.0,25626.0,18848.0,0.657,,36.0,22.0,678528.0,True
302031037,Eagle Farm - Pinkenba,Queensland,190.0,228469.0007096408,-38452.53992516648,-188823.2974647782,324711.16991494753,-24053.426648268898,-221960.46501053733,1,1,Mixed — sensitive to cost assumptions,0.0,14389.0,18848.0,0.657,,13.0,8.0,245024.0,True
302031038,Northgate - Virginia,Queensland,66.0,110777.60157319193,5491.17571812262,-58666.52551055259,107356.77100902618,-9618.331698084643,-78690.87217312318,2,1,Mixed — sensitive to cost assumptions,0.0,5191.0,18848.0,0.657,,5.0,3.0,94240.0,True
302031039,Nudgee - Banyo,Queensland,217.0,393940.36324942217,47502.09289111699,-148925.11564659647,386344.95813360554,-18419.936499946634,-242845.42982100198,2,1,Mixed — sensitive to cost assumptions,0.0,15902.0,18848.0,0.657,,15.0,9.0,282720.0,True
302031040,Nundah,Queensland,323.0,718958.1525071057,559478.6833868251,471867.6677574183,1108256.3285592068,827441.1287429442,672562.43745335,3,3,Robust — viable even without subsidy,4.0,16964.0,6500.0,1.0,80.75,18.0,9.0,117000.0,True
302041044,Sandgate - Shorncliffe,Queensland,332.0,640461.5091734088,69075.79091912697,-259872.79954796933,583686.9510817709,-21972.63993705125,-364740.64752737025,2,1,Mixed — sensitive to cost assumptions,0.0,28023.0,18848.0,0.657,,23.0,14.0,433504.0,True
302041045,Taigum - Fitzgibbon,Queensland,163.0,217187.2895053366,31089.947763965538,-77968.96101235015,278465.8334542891,-14816.455583064846,-183880.44397564695,2,1,Mixed — sensitive to cost assumptions,0.0,9104.0,18848.0,0.657,,11.0,7.0,207328.0,True
302041046,Zillmere,Queensland,585.0,866088.688343755,159303.79508000135,-245138.7909419999,1037794.7259599164,-32448.67999841011,-634893.3896713022,2,1,Mixed — sensitive to cost assumptions,0.0,36909.0,18848.0,0.657,,39.0,24.0,735072.0,True
303011048,Cannon Hill,Queensland,601.0,568825.957397665,120358.0633772313,-144122.89324499707,1070528.1788361755,-34775.83874444873,-653722.7122169421,2,1,Mixed — sensitive to cost assumptions,0.0,21972.0,18848.0,0.657,,41.0,25.0,772768.0,True
303011051,Carindale,Queensland,909.0,828506.9604940693,174598.35408020962,-206858.89476004516,1622800.814619126,-46158.409158663126,-980868.5206067294,2,1,Mixed — sensitive to cost assumptions,0.0,34464.0,18848.0,0.657,,61.0,37.0,1149728.0,True
303021052,Annerley,Queensland,195.0,232788.47845963037,44126.92612057486,-67297.44416365009,345431.8662916811,-22446.16520779702,-225400.0399458409,2,1,Mixed — sensitive to cost assumptions,0.0,9624.0,18848.0,0.657,,13.0,8.0,245024.0,True
303021053,Coorparoo,Queensland,314.0,323205.1744388371,66646.8751208715,-85457.34717573947,557631.4283533113,-22073.145239124715,-346012.5987821896,2,1,Mixed — sensitive to cost assumptions,0.0,13267.0,18848.0,0.657,,21.0,13.0,395808.0,True
303021055,Greenslopes,Queensland,159.0,171835.65621561953,27941.26618842809,-54162.22389181069,277669.04954714107,-12172.696260993354,-176428.1611191327,2,1,Mixed — sensitive to cost assumptions,0.0,7102.0,18848.0,0.657,,11.0,7.0,207328.0,True
303021057,Holland Park West,Queensland,531.0,444295.92120373476,86677.03670042599,-122163.07343636506,946894.6761427373,-23944.22471114603,-569418.105224883,2,1,Mixed — sensitive to cost assumptions,0.0,18090.0,18848.0,0.657,,36.0,22.0,678528.0,True
303021058,Woolloongabba,Queensland,225.0,169431.39386218257,35493.23955127729,-48918.89625025616,389351.7412775969,-20360.550972224417,-253280.48525467768,2,1,Mixed — sensitive to cost assumptions,0.0,7640.0,18848.0,0.657,,15.0,9.0,282720.0,True
303021059,Yeronga,Queensland,128.0,112987.31207734719,22454.393759747683,-36294.03729253467,215146.98140207055,-18509.33125910924,-152560.42373150648,2,1,Mixed — sensitive to cost assumptions,0.0,5099.0,18848.0,0.657,,9.0,6.0,169632.0,True
303031060,Eight Mile Plains,Queensland,611.0,605234.78182533,122790.37692905797,-155354.42102191245,1094984.5494862532,-28090.818479975627,-655930.1115240628,2,1,Mixed — sensitive to cost assumptions,0.0,24086.0,18848.0,0.657,,41.0,25.0,772768.0,True
303031063,Mount Gravatt,Queensland,708.0,791715.9212111449,160234.10165317802,-208830.82427305644,1264863.3886403502,-32917.43032574607,-760511.123926148,2,1,Mixed — sensitive to cost assumptions,0.0,34092.0,18848.0,0.657,,48.0,29.0,904704.0,True
303031064,Rochedale - Burbank,Queensland,744.0,959965.7068680968,745214.4474174931,621399.8408578647,2509770.4153087125,1865660.82302588,1499564.5514380513,3,3,Robust — viable even without subsidy,2.0,20851.0,6500.0,1.0,372.0,48.0,28.0,312000.0,True
303041068,Moorooka,Queensland,290.0,306751.2195276432,55891.187924627186,-89579.06687943578,509152.1264371745,-17928.96523247246,-316950.4610870073,2,1,Mixed — sensitive to cost assumptions,0.0,12257.0,18848.0,0.657,,20.0,12.0,376960.0,True
303041070,Salisbury - Nathan,Queensland,175.0,210131.43946410468,40828.35579392906,-61389.69879106623,309080.78311296983,-17475.247139687097,-199118.4345436868,2,1,Mixed — sensitive to cost assumptions,0.0,8108.0,18848.0,0.657,,12.0,7.0,226176.0,True
303051073,Calamvale - Stretton,Queensland,609.0,535266.2399011608,111336.6333616908,-138182.40830544374,1087595.7471864836,-36592.8600050626,-663955.5273664843,2,1,Mixed — sensitive to cost assumptions,0.0,21732.0,18848.0,0.657,,41.0,25.0,772768.0,True
303051074,Pallara - Willawong,Queensland,430.0,487705.36879691447,101411.8211198943,-128831.80247250886,757918.2589089246,-21117.754033424833,-463470.403970667,2,1,Mixed — sensitive to cost assumptions,0.0,19590.0,18848.0,0.657,,29.0,18.0,546592.0,True
303051075,Parkinson - Drewvale,Queensland,292.0,-84077.41754926051,-685256.0954120061,-1038669.7698244656,-329171.59543556586,-1419141.0486578092,-2012070.5271105785,0,0,Not viable under any scenario,1.0,14939.0,42500.0,0.0,292.0,19.0,11.0,807500.0,True
303051076,Rocklea - Acacia Ridge,Queensland,201.0,-70823.52423860796,-575522.2137930089,-862970.866744075,-219434.09651146168,-962864.751688926,-1368803.114807137,0,0,Not viable under any scenario,1.0,12317.0,42500.0,0.0,201.0,13.0,8.0,552500.0,True
303061077,Kuraby,Queensland,175.0,140340.4658144952,17690.992010750342,-53694.30764167876,309080.78311296983,-17475.247139687097,-199118.4345436868,2,1,Mixed — sensitive to cost assumptions,0.0,5814.0,18848.0,0.657,,12.0,7.0,226176.0,True
303061079,Sunnybank,Queensland,684.0,672265.536727441,141336.14553359355,-171782.64040583442,1216561.4944986557,-40544.7261883014,-744580.8512923447,2,1,Mixed — sensitive to cost assumptions,0.0,27244.0,18848.0,0.657,,46.0,28.0,867008.0,True
304011082,Middle Park - Jamboree Heights,Queensland,393.0,467710.3754952045,90594.52683747959,-128162.20464324974,701466.2762842865,-30099.24773128878,-435928.75360214233,2,1,Mixed — sensitive to cost assumptions,0.0,18711.0,18848.0,0.657,,27.0,16.0,508896.0,True
304011084,Seventeen Mile Rocks - Sinnamon Park,Queensland,237.0,16745.45432999842,-280237.85737478116,-438121.2683559866,-216104.16066445134,-1115544.2323096504,-1588857.9269903603,1,0,Mixed — sensitive to cost assumptions,2.0,7295.0,42500.0,0.0,118.5,14.0,8.0,595000.0,True
304021087,Brookfield - Kenmore Hills,Queensland,1078.0,820272.7059479826,165692.89011351165,-214568.29165916407,1925201.0858513033,-50215.60816833086,-1157665.5329954063,2,1,Mixed — sensitive to cost assumptions,0.0,27151.0,18848.0,0.657,,72.0,44.0,1357056.0,True
304021091,Pinjarra Hills - Pullenvale,Queensland,265.0,220837.27050773037,35778.71646599977,-70525.64566503787,470564.4960699928,-16605.329001509905,-290062.48327545763,2,1,Mixed — sensitive to cost assumptions,0.0,9296.0,18848.0,0.657,,18.0,11.0,339264.0,True
304031093,Corinda,Queensland,502.0,-77468.8991540033,-828249.7293940227,-1245610.4696027965,-582381.306525629,-2456428.806890632,-3480033.193173095,0,0,Not viable under any scenario,1.0,17948.0,42500.0,0.0,502.0,33.0,20.0,1402500.0,True
304031094,Indooroopilly,Queensland,577.0,-73100.68693364653,-787832.5666651821,-1188236.6884403077,-682118.8244764346,-2800903.9069271525,-3974597.3622473874,0,0,Not viable under any scenario,1.0,16854.0,42500.0,0.0,577.0,38.0,23.0,1615000.0,True
304031096,St Lucia,Queensland,180.0,233144.63751901497,181734.65722162666,152337.56300799124,608391.2599624083,451796.03445228486,363477.00396395614,3,3,Robust — viable even without subsidy,1.0,5602.0,6500.0,1.0,180.0,11.0,7.0,71500.0,True
304041098,Enoggera,Queensland,548.0,545431.7970402323,106022.246941875,-146968.9555482426,982750.3744008872,-24995.75482729636,-588095.6707282264,2,1,Mixed — sensitive to cost assumptions,0.0,21197.0,18848.0,0.657,,37.0,22.0,697376.0,True
304041102,Mount Coot-tha,Queensland,359.0,312658.5004067651,60136.911895101104,-86027.5896455161,629840.791523165,-29541.10264478944,-400596.02543679083,2,1,Mixed — sensitive to cost assumptions,0.0,12406.0,18848.0,0.657,,24.0,15.0,452352.0,True
304041103,The Gap,Queensland,314.0,307995.828077173,57087.56822035284,-88442.30436321419,557631.4283533113,-22073.145239124715,-346012.5987821896,2,1,Mixed — sensitive to cost assumptions,0.0,12657.0,18848.0,0.657,,21.0,13.0,395808.0,True
305011107,Highgate Hill,Queensland,691.0,265601.3612616614,-582383.0878372828,-981791.3428044532,-452018.8912817974,-3002254.3211255576,-4327372.246788601,1,0,Mixed — sensitive to cost assumptions,10.0,21861.0,42500.0,0.0,69.1,37.0,18.0,1572500.0,True
305011109,New Farm,Queensland,363.0,272232.2348122641,44963.59454765431,-84735.86491235698,644709.892141968,-28837.957794996328,-403578.7980139529,2,1,Mixed — sensitive to cost assumptions,0.0,11392.0,18848.0,0.657,,25.0,15.0,471200.0,True
305011111,Spring Hill,Queensland,1706.0,-286017.3192960961,-2355207.8761330047,-3545519.2309889416,-2014842.2186675626,-8339797.024694854,-11820810.34080747,0,0,Not viable under any scenario,1.0,32587.0,42500.0,0.0,1706.0,113.0,68.0,4802500.0,True
305021114,Bulimba,Queensland,418.0,320133.54427215597,65403.35275014318,-82330.57441431603,741553.0337363417,-31660.915332863515,-463202.8265015834,2,1,Mixed — sensitive to cost assumptions,0.0,12616.0,18848.0,0.657,,28.0,17.0,527744.0,True
305021115,East Brisbane,Queensland,249.0,404390.4949217291,159761.67501468922,45571.00999062401,551706.296493758,94925.11163910077,-136180.95987418818,3,2,Mixed — sensitive to cost assumptions,6.0,12185.0,18500.0,0.6666666666666666,41.5,11.0,4.0,203500.0,True
305031119,Albion,Queensland,81.0,92277.26620284132,7473.832944209604,-40872.34068711156,135646.25919296424,-17741.42635246813,-103555.30548130957,2,1,Mixed — sensitive to cost assumptions,0.0,4216.0,18848.0,0.657,,6.0,4.0,113088.0,True
305031121,Ascot,Queensland,389.0,76078.15835244181,-433204.61732032965,-691578.3559866128,-329672.2277739789,-1781775.7156780956,-2548146.05149955,1,0,Mixed — sensitive to cost assumptions,4.0,13466.0,42500.0,0.0,97.25,22.0,12.0,935000.0,True
305031125,Hendra,Queensland,309.0,43273.98527617213,-550109.389544444,-864066.5600337781,-215337.32406813538,-1384990.5211607902,-1986262.78081828,1,0,Mixed — sensitive to cost assumptions,4.0,15011.0,42500.0,0.0,77.25,17.0,9.0,722500.0,True
305031126,Kelvin Grove - Herston,Queensland,213.0,6913.749249897075,-295870.61005064705,-463912.16173758626,-204860.00945677896,-987831.1512954157,-1410485.6238817375,1,0,Mixed — sensitive to cost assumptions,2.0,8216.0,42500.0,0.0,106.5,13.0,7.0,552500.0,True
305031128,Newstead - Bowen Hills,Queensland,817.0,262007.04970759744,-720306.7190309339,-1197960.0939453961,-565991.6084272887,-3585456.0508860718,-5160163.03324271,1,0,Mixed — sensitive to cost assumptions,11.0,22739.0,42500.0,0.0,74.27272727272727,44.0,22.0,1870000.0,True
305031131,Wooloowin - Lutwyche,Queensland,326.0,-8060.702292099086,-552493.5406578357,-845851.4681684682,-335406.9548383929,-1547599.252923031,-2201932.3072532536,0,0,Not viable under any scenario,2.0,13146.0,42500.0,0.0,163.0,20.0,12.0,850000.0,True
305041132,Ashgrove,Queensland,287.0,234373.38459288387,43922.67862980781,-68133.2149443344,509978.46082704386,-25904.646361384453,-322680.5265337086,2,1,Mixed — sensitive to cost assumptions,0.0,9337.0,18848.0,0.657,,20.0,12.0,376960.0,True
305041134,Bardon,Queensland,295.0,220218.82747400182,35444.24238375783,-70117.28421431727,528642.599522742,-14519.714765937504,-317942.9285842945,2,1,Mixed — sensitive to cost assumptions,0.0,6785.0,18848.0,0.657,,20.0,12.0,376960.0,True
305041135,Paddington - Milton,Queensland,308.0,303496.17826365976,53079.87562049147,-91607.68650924251,548044.1583220372,-27931.427442140353,-346585.7317680967,2,1,Mixed — sensitive to cost assumptions,0.0,11884.0,18848.0,0.657,,21.0,13.0,395808.0,True
306011139,Clifton Beach - Kewarra Beach,Queensland,178.0,290097.85094879754,-4093.4250357884885,-171656.89899472846,308254.44872310036,-21394.635091646676,-206722.47444249742,1,1,Mixed — sensitive to cost assumptions,0.0,17924.0,18848.0,0.657,,12.0,8.0,226176.0,True
306011143,Yorkeys Knob - Machans Beach,Queensland,92.0,185126.31568370864,-21996.926368677436,-135806.16202321008,150388.36606852937,-9904.370669771437,-105813.18803026792,1,1,Mixed — sensitive to cost assumptions,0.0,12323.0,18848.0,0.657,,7.0,4.0,131936.0,True
306021147,Edmonton,Queensland,56.0,32798.49117679913,-186621.27271436073,-297498.086196298,98380.34813621303,-13204.366618238124,-72420.28170295432,1,1,Mixed — sensitive to cost assumptions,0.0,15788.0,18848.0,0.657,,4.0,3.0,75392.0,True
306021148,Gordonvale - Trinity,Queensland,31.0,22049.444000089654,-15764.940221579254,-40092.87058136863,43946.422937543095,-13311.207374128997,-47370.85192898272,1,1,Mixed — sensitive to cost assumptions,0.0,7485.0,18848.0,0.657,,3.0,2.0,56544.0,True
306021150,Lamb Range,Queensland,450.0,-440294.66346222645,-2110027.853529192,-2996824.227915381,-452871.76216411,-2103897.6423736257,-3000932.920078125,0,0,Not viable under any scenario,3.0,60353.0,42500.0,0.0,150.0,27.0,15.0,1147500.0,True
306021157,Woree,Queensland,80.0,201542.9706097705,-57385.09548148868,-199220.96987910662,132524.01381107356,-7245.579113149099,-90575.19746222801,1,1,Mixed — sensitive to cost assumptions,0.0,16668.0,18848.0,0.657,,6.0,4.0,113088.0,True
306031158,Babinda,Queensland,5.0,-5874.178849331693,-20913.64594878202,-31003.205940975215,2236.5471884705994,-14570.083548243949,-22270.938913173963,0,1,Not viable under any scenario,0.0,1324.0,18848.0,0.657,,1.0,1.0,18848.0,True
306031160,Johnstone,Queensland,4.0,-7994.06236951667,-8156.411983156629,-12626.714022266238,-2207.4175038507547,-2643.7593220714275,-7452.282856514177,0,0,Not viable under any scenario,0.0,3179.0,18848.0,0.657,,1.0,1.0,18848.0,True
306031161,Tully,Queensland,34.0,-46275.89200574831,-221198.76783994766,-298727.52482132986,28624.248333588133,-121829.67029395899,-179784.77348018915,0,1,Not viable under any scenario,2.0,9952.0,42500.0,0.0,17.0,1.0,0.0,42500.0,True
306031162,Wooroonooran,Queensland,15.0,-40631.287874383444,-137110.2872156046,-178325.58133758866,28223.02947975883,-13703.365879920142,-30513.124095576797,0,1,Not viable under any scenario,2.0,8919.0,42500.0,0.0,7.5,0.0,0.0,0.0,False
306041164,Daintree,Queensland,20.0,55769.97504390302,40562.69602625482,34847.29483207182,76808.06936037393,58779.38710147541,51078.367836136866,3,3,Robust — viable even without subsidy,2.0,6229.0,6500.0,1.0,10.0,0.0,0.0,0.0,False
306041165,Port Douglas,Queensland,40.0,5769.781623952236,-111609.57162799926,-172381.40427566422,16048.325203689965,-140335.99210224577,-209318.62461732392,1,1,Mixed — sensitive to cost assumptions,2.0,4515.0,42500.0,0.0,20.0,1.0,0.0,42500.0,True
306051166,Atherton,Queensland,34.0,87927.3640092331,-55838.46274841705,-136650.70008879172,55870.68594889846,-17107.00211442451,-54772.651543659755,1,1,Mixed — sensitive to cost assumptions,0.0,10723.0,18848.0,0.657,,3.0,2.0,56544.0,True
306051167,Herberton,Queensland,11.0,6839.707900390678,-28308.93578514377,-49785.0623715469,10513.629414652574,-8711.80134522869,-21697.805927266985,1,1,Mixed — sensitive to cost assumptions,0.0,7304.0,18848.0,0.657,,1.0,1.0,18848.0,True
306051168,Kuranda,Queensland,27.0,45960.31686432744,-25818.378751775323,-61164.00519090226,44746.20937578517,-12469.437078120674,-42365.67651048508,1,1,Mixed — sensitive to cost assumptions,0.0,4256.0,18848.0,0.657,,2.0,2.0,37696.0,True
306051169,Malanda - Yungaburra,Queensland,26.0,40232.92641429206,-16720.624072621016,-53185.00648862781,40302.244683463796,-15289.980853810594,-44539.8363941175,1,1,Mixed — sensitive to cost assumptions,0.0,6713.0,18848.0,0.657,,2.0,2.0,37696.0,True
307011171,Balonne,Queensland,3.0,-13766.37983367998,-13674.748156775982,-17832.097534321427,-6651.382196172109,-6894.780084614769,-11464.990777724748,0,0,Not viable under any scenario,0.0,4503.0,18848.0,0.657,,1.0,1.0,18848.0,True
307011172,Chinchilla,Queensland,8.0,608.879720135039,-16298.74937512662,-27195.46739852593,-1319.1375774382268,-3485.529618079755,-12457.45827501182,1,0,Mixed — sensitive to cost assumptions,0.0,8019.0,18848.0,0.657,,1.0,1.0,18848.0,True
307011174,Inglewood - Waggamba,Queensland,9.0,11143.240525712528,7984.248134718552,3925.509186530974,20822.479697042752,1782.9241273381722,-6282.637110170346,3,2,Mixed — sensitive to cost assumptions,1.0,11291.0,18848.0,0.657,9.0,0.0,0.0,0.0,False
307011175,Miles - Wandoan,Queensland,3.0,-15320.603943544025,-15168.021710643188,-19249.851786080184,-6651.382196172109,-6894.780084614769,-11464.990777724748,0,0,Not viable under any scenario,0.0,4251.0,18848.0,0.657,,1.0,1.0,18848.0,True
307011177,Roma Surrounds,Queensland,24.0,34496.87592458138,33123.0007902344,31421.662454750352,87918.62987236965,68524.03655855349,58829.390764746655,3,3,Robust — viable even without subsidy,2.0,12684.0,6500.0,1.0,12.0,0.0,0.0,0.0,False
307011178,Tara,Queensland,4.0,-12212.155723815933,-12181.474602908778,-16414.343282562666,-2207.4175038507547,-2643.7593220714275,-7452.282856514177,0,0,Not viable under any scenario,0.0,4842.0,18848.0,0.657,,1.0,1.0,18848.0,True
307021179,Crows Nest - Rosalie,Queensland,7.0,1751.4053884238301,-13469.962429891004,-20644.04753773649,11124.476573113301,-7736.550380623102,-16470.16619622239,1,1,Mixed — sensitive to cost assumptions,0.0,5774.0,18848.0,0.657,,1.0,1.0,18848.0,True
307021180,Jondaryan,Queensland,12.0,-3544.287124202089,-6596.566250655889,-14793.03872686292,14957.59410697392,-6129.288940151189,-19909.741131525992,0,1,Not viable under any scenario,0.0,8618.0,18848.0,0.657,,1.0,1.0,18848.0,True
307021181,Millmerran,Queensland,0.0,-16874.828053408073,-16661.29526451039,-20667.606037838945,0.0,0.0,0.0,0,0,Not viable under any scenario,0.0,3447.0,18848.0,0.657,,0.0,0.0,0.0,False
307021182,Pittsworth,Queensland,188.0,403989.5074922713,-54391.9123770195,-311006.9174360917,332710.81937317783,-16140.091814027255,-210768.42178719665,1,1,Mixed — sensitive to cost assumptions,0.0,36088.0,18848.0,0.657,,13.0,8.0,245024.0,True
307021183,Wambo,Queensland,29.0,82645.49634053276,59504.27517928716,49723.07039385038,103269.1816178403,81564.63133235872,69421.63401126122,3,3,Robust — viable even without subsidy,2.0,15675.0,6500.0,1.0,14.5,0.0,0.0,0.0,False
307031184,Clifton - Greenmount,Queensland,15.0,9525.08977877328,-22863.83620369133,-37141.74565820765,11212.970061283779,-9553.571641237015,-26702.981345764634,1,1,Mixed — sensitive to cost assumptions,0.0,7434.0,18848.0,0.657,,1.0,1.0,18848.0,True
307031185,Southern Downs - East,Queensland,9.0,-3082.2293525157443,-3451.0931947638956,-8177.0124991462335,3124.827114883128,-15668.927724513675,-27700.818928352164,0,1,Not viable under any scenario,0.0,2045.0,18848.0,0.657,,1.0,1.0,18848.0,True
307031186,Southern Downs - West,Queensland,7.0,-3433.403061435933,-3797.389491060191,-8517.012499146233,11124.476573113301,-7736.550380623102,-16470.16619622239,0,1,Not viable under any scenario,0.0,3711.0,18848.0,0.657,,1.0,1.0,18848.0,True
307031188,Stanthorpe Surrounds,Queensland,36.0,-10676.078163818136,-94671.58120127197,-139087.78293832392,-33815.29558038125,-158568.29588031155,-228175.01944676018,0,0,Not viable under any scenario,1.0,10056.0,42500.0,0.0,36.0,2.0,1.0,85000.0,True
307031189,Warwick,Queensland,35.0,82341.86764546327,-91870.38940317891,-167006.00654451072,129508.69062446832,53852.44071120699,30849.592487230377,1,3,Robust — viable even without subsidy,4.0,18035.0,18848.0,0.657,8.75,0.0,0.0,0.0,False
308011190,Central Highlands - East,Queensland,55.0,32598.23703167464,-155512.39709756288,-251001.0340823714,95344.01450950038,-17455.387380781445,-76432.98962416487,1,1,Mixed — sensitive to cost assumptions,0.0,34422.0,18848.0,0.657,,4.0,3.0,75392.0,True
308011191,Central Highlands - West,Queensland,18.0,19881.048611181504,-13203.678395155812,-32764.011896852546,23137.23307263913,-14903.436580050096,-36145.5692821534,1,1,Mixed — sensitive to cost assumptions,0.0,17677.0,18848.0,0.657,,2.0,1.0,37696.0,True
308031206,Bouldercombe,Queensland,0.0,-18156.076730413282,-17900.03070268697,-21853.13571477358,0.0,0.0,0.0,0,0,Not viable under any scenario,0.0,480.0,18848.0,0.657,,0.0,0.0,0.0,False
308031207,Emu Park,Queensland,18.0,37022.77914803056,-31634.510907346463,-69571.01017690048,23137.23307263913,-14903.436580050096,-36145.5692821534,1,1,Mixed — sensitive to cost assumptions,0.0,4661.0,18848.0,0.657,,2.0,1.0,37696.0,True
308031209,Glenlee - Rockyview,Queensland,9.0,16993.555892473723,-5879.3993333429535,-23894.162967010456,3124.827114883128,-15668.927724513675,-27700.818928352164,1,1,Mixed — sensitive to cost assumptions,0.0,1711.0,18848.0,0.657,,1.0,1.0,18848.0,True
308031212,Mount Morgan,Queensland,5.0,-2347.572672314809,-2787.913967941951,-7600.677549347723,2236.5471884705994,-14570.083548243949,-22270.938913173963,0,1,Not viable under any scenario,0.0,2620.0,18848.0,0.657,,1.0,1.0,18848.0,True
308031218,Rockhampton Surrounds - East,Queensland,254.0,377649.3924558704,-299334.7653692368,-659329.2708520903,441389.3096926345,-24327.946525258594,-287620.7459227418,1,1,Mixed — sensitive to cost assumptions,0.0,50167.0,18848.0,0.657,,17.0,11.0,320416.0,True
308031219,Rockhampton Surrounds - North,Queensland,79.0,106977.78215389422,-190686.09316375104,-344691.5652805632,128080.04911875218,-9828.091518226625,-92363.26225796898,1,1,Mixed — sensitive to cost assumptions,0.0,23043.0,18848.0,0.657,,6.0,4.0,113088.0,True
308041528,Banana,Queensland,0.0,-17226.001762328262,-17007.591560806686,-21007.606037838945,0.0,0.0,0.0,0,0,Not viable under any scenario,0.0,3264.0,18848.0,0.657,,0.0,0.0,0.0,False
308041529,Biloela,Queensland,6.0,-19718.555612911052,-77944.2609461473,-109092.7608024787,6680.511880791946,-11987.571143166442,-20482.874117432966,0,1,Not viable under any scenario,0.0,6620.0,18848.0,0.657,,1.0,1.0,18848.0,True
308051530,Agnes Water - Miriam Vale,Queensland,16.0,5872.994369465693,-42629.66708195962,-69515.0014591651,14249.303687996424,-5302.5508786936825,-22690.27342455407,1,1,Mixed — sensitive to cost assumptions,0.0,7837.0,18848.0,0.657,,2.0,1.0,37696.0,True
308051535,Gladstone Hinterland,Queensland,129.0,105750.31812805211,-282094.6628269316,-483506.7619573923,219590.94609439193,-14258.310496565842,-148547.7158102959,1,1,Mixed — sensitive to cost assumptions,0.0,51447.0,18848.0,0.657,,9.0,6.0,169632.0,True
309011226,Burleigh Waters,Queensland,426.0,-188710.94740145956,-1250504.1363394437,-1835823.1798001875,-487246.6017953514,-2084187.3716953981,-2952479.478075612,0,0,Not viable under any scenario,1.0,30100.0,42500.0,0.0,426.0,28.0,17.0,1190000.0,True
309011228,Mermaid Waters,Queensland,515.0,240008.04630433748,-806494.0556622188,-1311660.6239638375,-204536.3474119077,-2122723.8737902604,-3082599.31288396,1,0,Mixed — sensitive to cost assumptions,11.0,30061.0,42500.0,0.0,46.81818181818182,24.0,10.0,1020000.0,True
309021231,Currumbin - Tugun,Queensland,132.0,-167560.6266221917,-686954.442327907,-948079.9167965426,-89594.55268253955,-595079.5175975381,-852247.6309287575,0,0,Not viable under any scenario,2.0,16184.0,42500.0,0.0,66.0,7.0,4.0,297500.0,True
309021233,Elanora,Queensland,306.0,480948.5574521553,66819.2204256393,-177460.2116099871,540563.8600030032,-21686.600965364516,-337618.3316702257,2,1,Mixed — sensitive to cost assumptions,0.0,24645.0,18848.0,0.657,,21.0,13.0,395808.0,True
309031239,Paradise Point - Hollywell,Queensland,460.0,9583.052136190585,-1145786.5999514807,-1742375.289628751,-333349.3558699841,-2052302.459321144,-2945117.707914346,1,0,Mixed — sensitive to cost assumptions,6.0,33294.0,42500.0,0.0,76.66666666666667,25.0,13.0,1062500.0,True
309041241,Guanaba - Springbrook,Queensland,983.0,-462834.29698035505,-3017869.1987828757,-4456500.217943385,-1145878.1338754515,-4814913.888301887,-6822397.319353727,0,0,Not viable under any scenario,1.0,81207.0,42500.0,0.0,983.0,65.0,39.0,2762500.0,True
309041242,Tamborine - Canungra,Queensland,195.0,265306.1412152599,23919.25573146438,-113543.56942831779,345431.8662916811,-22446.16520779702,-225400.0399458409,2,1,Mixed — sensitive to cost assumptions,0.0,15419.0,18848.0,0.657,,13.0,8.0,245024.0,True
309051243,Currumbin Valley - Tallebudgera,Queensland,267.0,384998.6367518391,57094.812413238105,-131791.7982502438,477953.2983697621,-22735.717319337535,-298846.0285695711,2,1,Mixed — sensitive to cost assumptions,0.0,19587.0,18848.0,0.657,,18.0,11.0,339264.0,True
309071251,Coomera,Queensland,769.0,-129100.18486805307,-1989755.6924161543,-2989515.246288443,-700492.7518120613,-3558806.504038119,-5081897.95369714,0,0,Not viable under any scenario,6.0,57470.0,42500.0,0.0,128.16666666666666,46.0,25.0,1955000.0,True
309071252,Helensvale,Queensland,797.0,-124269.7333803431,-1216642.8775515794,-1830177.5886520417,-935683.2876597347,-3875805.2477124278,-5499074.83117242,0,0,Not viable under any scenario,1.0,31092.0,42500.0,0.0,797.0,53.0,31.0,2252500.0,True
309071254,Jacobs Well - Alberton,Queensland,279.0,-93382.14772113506,-799870.5846828611,-1195786.667949904,-268377.44060979993,-1320193.0713309257,-1878621.8375926344,0,0,Not viable under any scenario,2.0,21911.0,42500.0,0.0,139.5,17.0,10.0,722500.0,True
309071553,Ormeau (West) - Yatala,Queensland,506.0,-659067.7076206976,-2647673.1482962435,-3740645.2811221294,-569979.9655170611,-2445530.999043162,-3472469.9989447105,0,0,Not viable under any scenario,1.0,64121.0,42500.0,0.0,506.0,33.0,20.0,1402500.0,True
309071556,Upper Coomera (South) - Wongawallan,Queensland,288.0,398340.21069058275,69040.6645154226,-115561.07220694072,532120.0781015249,-7548.677918853966,-301719.14707366884,2,1,Mixed — sensitive to cost assumptions,1.0,19372.0,18848.0,0.657,288.0,19.0,11.0,358112.0,True
309081262,Varsity Lakes,Queensland,299.0,389401.13140424585,73182.54340905539,-114984.48330032107,526435.1820188912,-17163.474088008777,-325395.21144080866,2,1,Mixed — sensitive to cost assumptions,0.0,18885.0,18848.0,0.657,,20.0,12.0,376960.0,True
309081560,Robina - West,Queensland,518.0,-38632.329282516934,-1084688.6372808747,-1653939.301649788,-472990.99985052017,-2391576.2350028316,-3417194.1687354823,0,0,Not viable under any scenario,4.0,29682.0,42500.0,0.0,129.5,31.0,17.0,1317500.0,True
309091265,Parkwood,Queensland,551.0,-190366.05701841757,-1431588.101961355,-2130181.67002999,-603219.4601222826,-2639405.306354084,-3751913.288313608,0,0,Not viable under any scenario,2.0,36129.0,42500.0,0.0,275.5,35.0,21.0,1487500.0,True
309091540,Southport - North,Queensland,902.0,-143240.99375031743,-1868661.3218658397,-2834766.0898100603,-982730.0327233227,-4311206.338240482,-6130161.990153223,0,0,Not viable under any scenario,3.0,46257.0,42500.0,0.0,300.6666666666667,58.0,34.0,2465000.0,True
309101268,Bundall,Queensland,773.0,-148803.28033917665,-1408634.0460357019,-2118840.4197428147,-890065.7507463003,-3777173.8133873814,-5353663.049886078,0,0,Not viable under any scenario,1.0,37421.0,42500.0,0.0,773.0,51.0,30.0,2167500.0,True
310011274,Inala - Richlands,Queensland,262.0,489801.78722036525,46991.360930835945,-206130.79422046442,457232.60199302866,-26144.96778587246,-297853.561072284,2,1,Mixed — sensitive to cost assumptions,0.0,24358.0,18848.0,0.657,,18.0,11.0,339264.0,True
310011276,Wacol,Queensland,93.0,158037.19596426148,14768.659083231883,-69394.90198756919,154832.33076085075,-20657.291789351868,-119218.00064603012,2,1,Mixed — sensitive to cost assumptions,0.0,7456.0,18848.0,0.657,,7.0,4.0,131936.0,True
310011564,Forest Lake - Ellen Grove,Queensland,283.0,422608.3262838104,69558.11286183671,-135661.26220886564,495023.44845306245,-26607.79121117774,-319697.75395654695,2,1,Mixed — sensitive to cost assumptions,0.0,18413.0,18848.0,0.657,,19.0,12.0,358112.0,True
310021277,Boonah,Queensland,45.0,50062.54634590788,-41996.35179181244,-95929.66998031679,69291.07351403299,-9269.946431727672,-57030.53409261801,1,1,Mixed — sensitive to cost assumptions,0.0,11138.0,18848.0,0.657,,3.0,2.0,56544.0,True
310021278,Esk,Queensland,13.0,31558.74898511413,30203.71364871205,28530.071716412807,53200.293618224496,-16551.448883984984,-30822.505886672592,3,1,Mixed — sensitive to cost assumptions,2.0,5134.0,42500.0,0.0,6.5,0.0,0.0,0.0,False
310021280,Lockyer Valley - East,Queensland,92.0,215273.23984908455,-46361.046966852635,-190486.35326697753,150388.36606852937,-9904.370669771437,-105813.18803026792,1,1,Mixed — sensitive to cost assumptions,0.0,18460.0,18848.0,0.657,,7.0,4.0,131936.0,True
310021281,Lowood,Queensland,35.0,10094.112074418754,-129241.08357870045,-201796.53352043757,60314.650641219836,-15954.966696200423,-54823.13478549689,1,1,Mixed — sensitive to cost assumptions,0.0,10332.0,18848.0,0.657,,3.0,2.0,56544.0,True
310021282,Rosewood,Queensland,34.0,30387.246016186175,-70399.54629645309,-122520.8930090468,55870.68594889846,-17107.00211442451,-54772.651543659755,1,1,Mixed — sensitive to cost assumptions,0.0,6746.0,18848.0,0.657,,3.0,2.0,56544.0,True
310031284,Bundamba,Queensland,117.0,-123275.52786869393,-728664.6841289027,-1057288.1667918859,-77594.43052780133,-505608.15724598314,-729185.3298643944,0,0,Not viable under any scenario,2.0,14634.0,42500.0,0.0,58.5,6.0,3.0,255000.0,True
310031285,Churchill - Yamanto,Queensland,377.0,-476016.70422397525,-2210239.903474877,-3126492.5483852937,-304340.21154227643,-1711568.6489601664,-2450047.8806159585,0,0,Not viable under any scenario,4.0,51057.0,42500.0,0.0,94.25,22.0,12.0,935000.0,True
310031288,Ipswich - North,Queensland,534.0,-215377.99849705887,-1913180.3878406908,-2853763.4338811925,-483319.0030345665,-2479732.2838239125,-3540285.4940007566,0,0,Not viable under any scenario,4.0,43217.0,42500.0,0.0,133.5,32.0,18.0,1360000.0,True
310041299,Collingwood Park - Redbank,Queensland,225.0,498333.0535154963,-25139.02155056136,-319015.35265226534,389351.7412775969,-20360.550972224417,-253280.48525467768,1,1,Mixed — sensitive to cost assumptions,0.0,27084.0,18848.0,0.657,,15.0,9.0,282720.0,True
310041301,New Chum,Queensland,20.0,43505.6980907714,-13813.082756059404,-47862.33863807119,30526.035372408576,-7946.3102007651,-30142.55628106823,1,1,Mixed — sensitive to cost assumptions,0.0,2932.0,18848.0,0.657,,2.0,1.0,37696.0,True
310041565,Augustine Heights - Brookwater,Queensland,954.0,945266.5951241821,-212435.9870894699,-859214.867215975,1138853.2136454673,-1048900.8918574392,-2236641.633758155,1,1,Mixed — sensitive to cost assumptions,5.0,51158.0,24500.0,0.5,190.8,59.0,34.0,1445500.0,True
311011305,Beaudesert,Queensland,96.0,130037.45774236709,-265399.3413331065,-460071.93907519965,162116.54680095005,-54369.988416320695,-162390.95008281316,1,1,Mixed — sensitive to cost assumptions,3.0,22350.0,24500.0,0.5,32.0,4.0,1.0,98000.0,True
311031313,Chambers Flat - Logan Reserve,Queensland,169.0,397211.17701296683,1293.4977207671036,-228304.40394657597,288242.04276534426,-20358.13721004725,-195830.61665067973,2,1,Mixed — sensitive to cost assumptions,0.0,21651.0,18848.0,0.657,,12.0,7.0,226176.0,True
311031314,Crestmead,Queensland,94.0,271608.47524499375,-79024.81148912603,-273143.04884788056,159276.29545317215,-16406.271026808514,-115205.29272481948,1,1,Mixed — sensitive to cost assumptions,0.0,18824.0,18848.0,0.657,,7.0,4.0,131936.0,True
311031318,Munruben - Park Ridge South,Queensland,122.0,274733.4335609033,-206.25763690580789,-155062.1404399849,208466.4695212786,-8190.268473408578,-134302.1927395431,1,1,Mixed — sensitive to cost assumptions,0.0,13762.0,18848.0,0.657,,9.0,5.0,169632.0,True
311031319,Regents Park - Heritage Park,Queensland,246.0,415837.9936908688,-177521.77099273136,-492152.53882310574,355619.8444349259,-222846.131650051,-518320.2472443794,1,1,Mixed — sensitive to cost assumptions,4.0,25536.0,24500.0,0.5,61.5,13.0,6.0,318500.0,True
311041569,Greenbank - North Maclean,Queensland,242.0,441492.98794158804,36357.42627992487,-197460.71853015514,423610.86919035675,-21412.08108837498,-271958.05075802124,2,1,Mixed — sensitive to cost assumptions,0.0,23444.0,18848.0,0.657,,17.0,10.0,320416.0,True
311041570,Jimboomba - Glenlogan,Queensland,145.0,391537.11062445585,-2112.736158231506,-226498.4289448684,252324.39897065127,-18015.946229457782,-169215.586393514,1,1,Mixed — sensitive to cost assumptions,0.0,21404.0,18848.0,0.657,,10.0,6.0,188480.0,True
311051323,Bethania - Waterford,Queensland,27.0,50172.19931842439,-36893.09914337031,-82267.8560207636,44746.20937578517,-12469.437078120674,-42365.67651048508,1,1,Mixed — sensitive to cost assumptions,0.0,4720.0,18848.0,0.657,,2.0,2.0,37696.0,True
311051324,Cornubia - Carbrook,Queensland,117.0,177319.59923300514,26663.620166330395,-64625.106208592384,201812.50559211406,-9797.52991388047,-130862.61780423947,2,1,Mixed — sensitive to cost assumptions,0.0,8042.0,18848.0,0.657,,8.0,5.0,150784.0,True
311051325,Loganholme - Tanah Merah,Queensland,52.0,-84489.00397679297,-393534.35716044443,-552794.4252441771,-46587.12227530873,-244006.09541243923,-347592.042782833,0,0,Not viable under any scenario,1.0,7718.0,42500.0,0.0,52.0,3.0,2.0,127500.0,True
311051326,Loganlea,Queensland,99.0,213514.7865189189,14296.883846274795,-100209.43241581868,161512.84264164272,-12997.020560273508,-116197.76022210656,2,1,Mixed — sensitive to cost assumptions,0.0,9571.0,18848.0,0.657,,7.0,4.0,131936.0,True
311051327,Shailer Park,Queensland,204.0,349258.90129607945,41961.49956927028,-135273.79264953342,349964.3244721728,-20012.165705867606,-231620.14717417263,2,1,Mixed — sensitive to cost assumptions,0.0,14105.0,18848.0,0.657,,14.0,9.0,263872.0,True
311061331,Logan Central,Queensland,100.0,301226.6646347221,-69245.76883103373,-274040.40161191183,165956.8073339641,-10290.91494353184,-114207.45514223195,1,1,Mixed — sensitive to cost assumptions,0.0,19572.0,18848.0,0.657,,7.0,4.0,131936.0,True
311061334,Springwood,Queensland,330.0,-64200.33498171612,-1059539.7874102886,-1596398.0968140527,-240262.71300721873,-1487333.0333386953,-2131183.3162896736,0,0,Not viable under any scenario,4.0,25265.0,42500.0,0.0,82.5,18.0,10.0,765000.0,True
311061335,Underwood,Queensland,208.0,190398.3671287502,27111.00401933048,-64167.04037851369,366332.55217584944,-20853.93600187602,-236625.32259267033,2,1,Mixed — sensitive to cost assumptions,0.0,7578.0,18848.0,0.657,,14.0,9.0,263872.0,True
312011338,Broadsound - Nebo,Queensland,6.0,-9103.707504087843,-9194.927495174374,-13578.834779045148,6680.511880791946,-11987.571143166442,-20482.874117432966,0,1,Not viable under any scenario,0.0,5956.0,18848.0,0.657,,1.0,1.0,18848.0,True
312011339,Clermont,Queensland,4.0,-13202.685564826481,-13145.308876139485,-17344.425927190765,-2207.4175038507547,-2643.7593220714275,-7452.282856514177,0,0,Not viable under any scenario,0.0,3857.0,18848.0,0.657,,1.0,1.0,18848.0,True
312011340,Collinsville,Queensland,16.0,-35711.3315795794,-288083.5710204268,-398289.16846216406,64246.56400421201,26475.295486189723,16904.54250331971,0,3,Robust — viable even without subsidy,3.0,12252.0,42500.0,0.0,5.333333333333333,0.0,0.0,0.0,False
312011341,Moranbah,Queensland,8.0,-10757.068868761658,-72981.09952207509,-106788.60957088125,-1319.1375774382268,-3485.529618079755,-12457.45827501182,0,0,Not viable under any scenario,0.0,7453.0,18848.0,0.657,,1.0,1.0,18848.0,True
312021345,Eungella Hinterland,Queensland,8.0,1523.9158980351494,-30102.79655098468,-46529.86246592693,-1319.1375774382268,-3485.529618079755,-12457.45827501182,1,0,Mixed — sensitive to cost assumptions,0.0,7732.0,18848.0,0.657,,1.0,1.0,18848.0,True
312021351,Pioneer Valley,Queensland,8.0,3517.0508940057334,-28241.350734937507,-41577.913952723036,-1319.1375774382268,-3485.529618079755,-12457.45827501182,1,0,Mixed — sensitive to cost assumptions,0.0,6707.0,18848.0,0.657,,1.0,1.0,18848.0,True
312021352,Sarina,Queensland,8.0,-157.41036308779607,-48023.70427587271,-73610.0453893487,-1319.1375774382268,-3485.529618079755,-12457.45827501182,0,0,Not viable under any scenario,0.0,9483.0,18848.0,0.657,,1.0,1.0,18848.0,True
312021353,Seaforth - Calen,Queensland,3.0,-4395.174272316817,-18058.14857884297,-24658.1625696208,-6651.382196172109,-6894.780084614769,-11464.990777724748,0,0,Not viable under any scenario,0.0,2050.0,18848.0,0.657,,1.0,1.0,18848.0,True
312021354,Shoal Point - Bucasia,Queensland,16.0,10438.974035572606,-53194.40028080188,-90146.67006103655,14249.303687996424,-5302.5508786936825,-22690.27342455407,1,1,Mixed — sensitive to cost assumptions,0.0,4997.0,18848.0,0.657,,2.0,1.0,37696.0,True
312021357,Walkerston - Eton,Queensland,239.0,296741.4082197976,-690473.131127688,-1193040.7726744942,413197.26476921333,-16319.290029823285,-262940.16741831286,1,1,Mixed — sensitive to cost assumptions,0.0,83714.0,18848.0,0.657,,16.0,10.0,301568.0,True
312031359,Airlie - Whitsundays,Queensland,33.0,93827.65428247617,-36923.0295868529,-112923.11180930265,51426.721256577104,-4809.1658490423215,-39345.43608656159,1,1,Mixed — sensitive to cost assumptions,0.0,9827.0,18848.0,0.657,,3.0,2.0,56544.0,True
312031361,Proserpine,Queensland,22.0,-84671.70868733365,-352551.4151286923,-460560.9379016584,57045.15863503176,-18159.566983765566,-41511.35531468013,0,1,Not viable under any scenario,3.0,10311.0,42500.0,0.0,7.333333333333333,0.0,0.0,0.0,False
313011362,Beachmere - Sandstone Point,Queensland,36.0,71115.23124084962,-41583.82925263926,-108296.29533501808,50600.386866707675,-11703.94593365709,-50810.42686428633,1,1,Mixed — sensitive to cost assumptions,0.0,8552.0,18848.0,0.657,,3.0,2.0,56544.0,True
313011363,Bribie Island,Queensland,153.0,287596.8148445741,10082.35612649795,-147145.55016733834,268167.69127104525,-19832.967490071795,-179448.4015430563,2,1,Mixed — sensitive to cost assumptions,0.0,17392.0,18848.0,0.657,,11.0,7.0,207328.0,True
313021364,Burpengary - East,Queensland,203.0,427559.06250655884,-6052.284093833849,-256007.86285089824,361000.30755711556,-24263.18646841109,-235632.8550953832,1,1,Mixed — sensitive to cost assumptions,0.0,24219.0,18848.0,0.657,,14.0,9.0,263872.0,True
313021367,Elimbah,Queensland,19.0,6134.064918695247,-54146.60669276064,-86222.0486678133,27581.197764960496,-12197.33096330844,-34155.2642022788,1,1,Mixed — sensitive to cost assumptions,0.0,4351.0,18848.0,0.657,,2.0,1.0,37696.0,True
313021369,Wamuran,Queensland,15.0,28242.293256592202,-24819.785144610676,-55597.19691277918,11212.970061283779,-9553.571641237015,-26702.981345764634,1,1,Mixed — sensitive to cost assumptions,0.0,3739.0,18848.0,0.657,,1.0,1.0,18848.0,True
313021572,Caboolture - East,Queensland,248.0,524443.783579953,-184389.05421158567,-567425.2179744304,431887.9514165387,-15553.798885359749,-271384.9177721143,1,1,Mixed — sensitive to cost assumptions,0.0,46876.0,18848.0,0.657,,17.0,10.0,320416.0,True
313031370,Kilcoy,Queensland,20.0,9929.33479704041,-53316.26760491234,-85990.224338874,30526.035372408576,-7946.3102007651,-30142.55628106823,1,1,Mixed — sensitive to cost assumptions,0.0,7499.0,18848.0,0.657,,2.0,1.0,37696.0,True
313031371,Woodford - D'Aguilar,Queensland,51.0,119956.24232203822,-15580.933411861988,-88730.64271566152,77568.15574021495,-16613.61708477314,-71427.81420566724,1,1,Mixed — sensitive to cost assumptions,0.0,7815.0,18848.0,0.657,,4.0,3.0,75392.0,True
313041373,Deception Bay,Queensland,57.0,126033.67326947956,-112197.0073400016,-236040.561312876,87069.51401631089,-11928.737988349909,-72268.52466065789,1,1,Mixed — sensitive to cost assumptions,0.0,14916.0,18848.0,0.657,,4.0,3.0,75392.0,True
313041374,Morayfield,Queensland,105.0,-194092.38846855177,-1101174.0709170392,-1548407.670613656,24947.120237582305,-368946.1225642922,-551548.6851433221,0,1,Not viable under any scenario,4.0,21730.0,42500.0,0.0,26.25,3.0,1.0,127500.0,True
313041375,Narangba,Queensland,155.0,327475.33135045425,-5034.951254475382,-189782.01066742837,261300.8218434644,-12999.434322450936,-173647.6288261048,1,1,Mixed — sensitive to cost assumptions,0.0,18208.0,18848.0,0.657,,11.0,7.0,207328.0,True
313051377,Clontarf,Queensland,134.0,352674.0796228304,10896.114958442457,-186027.101973909,223424.0636282525,-10849.060030030887,-149540.183307583,2,1,Mixed — sensitive to cost assumptions,0.0,17111.0,18848.0,0.657,,9.0,6.0,169632.0,True
313051380,Rothwell - Kippa-Ring,Queensland,78.0,106555.62793176871,-56333.96936435647,-149433.4684044185,125043.71549203951,-12648.635293916588,-94537.42214160145,1,1,Mixed — sensitive to cost assumptions,0.0,12590.0,18848.0,0.657,,6.0,4.0,113088.0,True
313051574,Moreton Island,Queensland,0.0,-17592.38246155978,-17370.591422050475,-21365.464107642918,0.0,0.0,0.0,0,0,Not viable under any scenario,0.0,290.0,18848.0,0.657,,0.0,0.0,0.0,False
313051575,Scarborough - Newport,Queensland,437.0,534867.5499395687,111003.04686621763,-138436.60132504627,770541.8625669109,-25640.88091078092,-475693.52420008404,2,1,Mixed — sensitive to cost assumptions,0.0,22135.0,18848.0,0.657,,30.0,18.0,565440.0,True
314011382,Albany Creek,Queensland,475.0,-72940.9164498268,-960844.0890724291,-1457620.578201936,-504973.89117026236,-2267163.87115885,-3224359.5732161244,0,0,Not viable under any scenario,2.0,21921.0,42500.0,0.0,237.5,30.0,17.0,1275000.0,True
314011383,Cashmere,Queensland,462.0,-275150.8022275696,-1702864.712615393,-2500984.9979820056,-523991.94291726686,-2240559.6770553165,-3178569.564799197,0,0,Not viable under any scenario,1.0,40099.0,42500.0,0.0,462.0,30.0,18.0,1275000.0,True
314011384,Dayboro,Queensland,474.0,834972.4811263817,69261.48018800298,-368618.72673873516,841341.0129381635,-29994.82073757524,-518428.0519801118,2,1,Mixed — sensitive to cost assumptions,0.0,44940.0,18848.0,0.657,,32.0,19.0,603136.0,True
314011385,Eatons Hill,Queensland,104.0,-4390.255221333602,-257875.4002900709,-394998.8484393143,-96443.30859226472,-488534.44959343824,-696773.4547716938,0,0,Not viable under any scenario,1.0,6260.0,42500.0,0.0,104.0,6.0,4.0,255000.0,True
314011386,The Hills District,Queensland,475.0,-110603.60828148964,-1151575.314767877,-1726812.3273993952,-504973.89117026236,-2267163.87115885,-3224359.5732161244,0,0,Not viable under any scenario,2.0,26994.0,42500.0,0.0,237.5,30.0,17.0,1275000.0,True
314011387,Samford Valley,Queensland,323.0,289956.57075612625,55362.93812483412,-85696.21473943042,577832.7735908483,-21307.654094661528,-354457.34913599095,2,1,Mixed — sensitive to cost assumptions,0.0,13219.0,18848.0,0.657,,22.0,13.0,414656.0,True
314021578,Mango Hill,Queensland,497.0,-97665.53657112824,-1235124.4356347143,-1874786.8236769717,-490923.7298913574,-2325415.0087061445,-3316123.1824752074,0,0,Not viable under any scenario,3.0,28603.0,42500.0,0.0,165.66666666666666,31.0,17.0,1317500.0,True
314031392,Lawnton,Queensland,37.0,75315.29524229054,-20013.287736829043,-74593.9758213237,53722.63224859834,-7452.925171113733,-46797.71894307576,1,1,Mixed — sensitive to cost assumptions,0.0,5112.0,18848.0,0.657,,3.0,2.0,56544.0,True
314031393,Petrie,Queensland,58.0,111702.46037582311,-7411.553855635175,-77956.00983539376,90014.35162375894,-9346.225583272419,-70480.45986491689,1,1,Mixed — sensitive to cost assumptions,0.0,6530.0,18848.0,0.657,,4.0,3.0,75392.0,True
315011396,Cape York,Queensland,3.0,-14117.553542600168,-14021.044453072282,-18172.097534321427,-6651.382196172109,-6894.780084614769,-11464.990777724748,0,0,Not viable under any scenario,0.0,9870.0,18848.0,0.657,,1.0,1.0,18848.0,True
315011397,Croydon - Etheridge,Queensland,17.0,6234.2826635285855,-28816.070046310848,-50648.19603728011,18693.26838031778,-16055.471998274172,-36095.08604031626,1,1,Mixed — sensitive to cost assumptions,0.0,9333.0,18848.0,0.657,,2.0,1.0,37696.0,True
315011399,Northern Peninsula,Queensland,0.0,-12696.397565956788,-12748.456178578617,-17078.36623181476,0.0,0.0,0.0,0,0,Not viable under any scenario,0.0,1042.0,18848.0,0.657,,0.0,0.0,0.0,False
315011400,Tablelands,Queensland,30.0,28667.99731339778,-8017.044475931176,-29441.991667235845,39502.45824522177,-16131.751149818905,-49545.011812615136,1,1,Mixed — sensitive to cost assumptions,0.0,14089.0,18848.0,0.657,,2.0,2.0,37696.0,True
315011402,Torres Strait Islands,Queensland,0.0,-10697.594480799871,-10800.424582861957,-15194.978485076157,0.0,0.0,0.0,0,0,Not viable under any scenario,0.0,2155.0,18848.0,0.657,,0.0,0.0,0.0,False
315021404,Carpentaria,Queensland,0.0,0.0,0.0,0.0,0.0,0.0,0.0,0,0,Not viable under any scenario,0.0,2021.0,18848.0,0.657,,0.0,0.0,0.0,False
315021406,Mount Isa Surrounds,Queensland,9.0,19447.07765184983,18593.69714013757,17540.859230926846,33138.811157962555,31671.215301711243,29859.573121371206,3,3,Robust — viable even without subsidy,3.0,16536.0,42500.0,0.0,3.0,0.0,0.0,0.0,False
315021407,Northern Highlands,Queensland,34.0,48819.39226692422,-23554.71608046523,-63907.84509254832,55870.68594889846,-17107.00211442451,-54772.651543659755,1,1,Mixed — sensitive to cost assumptions,0.0,11569.0,18848.0,0.657,,3.0,2.0,56544.0,True
315031408,Barcaldine - Blackall,Queensland,3.0,91.42494763906151,87.83962081571788,83.39730892698586,8760.646695010979,8361.081246844133,7868.258317282424,3,3,Robust — viable even without subsidy,2.0,4877.0,42500.0,0.0,1.5,0.0,0.0,0.0,False
315031409,Charleville,Queensland,3.0,2377.0486386155994,2283.8301412086644,2168.330032101632,11046.270385987518,10557.071767237081,9953.19104045707,3,3,Robust — viable even without subsidy,1.0,3884.0,42500.0,0.0,3.0,0.0,0.0,0.0,False
315031410,Far Central West,Queensland,3.0,2940.742907469098,2813.2694218451616,2656.0016392322923,11046.270385987518,10557.071767237081,9953.19104045707,3,3,Robust — viable even without subsidy,1.0,2265.0,42500.0,0.0,3.0,0.0,0.0,0.0,False
315031411,Far South West,Queensland,0.0,0.0,0.0,0.0,0.0,0.0,0.0,0,0,Not viable under any scenario,0.0,2790.0,18848.0,0.657,,0.0,0.0,0.0,False
315031412,Longreach,Queensland,0.0,-731.3995811124921,-702.716966525743,-667.1784714158869,-2285.623690976538,-2195.9905203929466,-2084.932723174646,0,0,Not viable under any scenario,1.0,3461.0,42500.0,0.0,0.0,0.0,0.0,0.0,False
316011414,Buderim - South,Queensland,529.0,-128710.42633424979,-1418083.6017022065,-2126313.4598357044,-500323.1572636626,-2459439.5452643847,-3509968.6463381806,0,0,Not viable under any scenario,4.0,40208.0,42500.0,0.0,132.25,32.0,18.0,1360000.0,True
316011415,Mountain Creek,Queensland,195.0,301650.4959688199,34672.63811452672,-119852.71348827392,345431.8662916811,-22446.16520779702,-225400.0399458409,2,1,Mixed — sensitive to cost assumptions,0.0,15360.0,18848.0,0.657,,13.0,8.0,245024.0,True
316021423,Parrearra - Warana,Queensland,341.0,859217.3919500973,661585.9031179168,547899.5348678366,1154117.640201659,861100.7396026745,694661.0752857132,3,3,Robust — viable even without subsidy,2.0,24159.0,6500.0,1.0,170.5,21.0,12.0,136500.0,True
316021580,Caloundra West - Baringa,Queensland,610.0,-401740.5932306536,-2295097.168812231,-3334620.5102731427,-661376.778559356,-2927959.173433896,-4160755.8162599476,0,0,Not viable under any scenario,2.0,59733.0,42500.0,0.0,305.0,39.0,23.0,1657500.0,True
316031426,Marcoola - Mudjimba,Queensland,107.0,177907.20770018717,14002.445872706521,-82810.26022812651,178677.85425246737,-14814.041820887433,-126430.57537164888,2,1,Mixed — sensitive to cost assumptions,0.0,9837.0,18848.0,0.657,,8.0,5.0,150784.0,True
316031427,Maroochydore - Kuluin,Queensland,239.0,79202.16912844786,-676685.5109417045,-1027230.8035963764,-1972.8272953552078,-870931.0796734524,-1291059.7838752118,1,0,Mixed — sensitive to cost assumptions,8.0,23247.0,42500.0,0.0,29.875,8.0,2.0,340000.0,True
316031428,Mooloolaba - Alexandra Headland,Queensland,44.0,61977.20279501454,138.2358112711845,-37557.011133119326,64847.108821711656,-13520.967194271005,-61043.24201382857,2,1,Mixed — sensitive to cost assumptions,0.0,3426.0,18848.0,0.657,,3.0,2.0,56544.0,True
316051434,Noosa Heads,Queensland,256.0,220879.61674325634,36087.43193819567,-69496.29247878009,448955.51976684656,-17370.820145973674,-281617.7329216566,2,1,Mixed — sensitive to cost assumptions,0.0,10681.0,18848.0,0.657,,18.0,11.0,339264.0,True
316051435,Noosaville,Queensland,120.0,36219.48260364264,-225522.5346188389,-361417.3867905198,-58380.47521576793,-495051.0854787461,-719232.1388239372,1,0,Mixed — sensitive to cost assumptions,3.0,8672.0,42500.0,0.0,40.0,5.0,2.0,212500.0,True
316061439,Beerwah,Queensland,58.0,118278.99132348469,-14474.612230046543,-87723.07753444562,90014.35162375894,-9346.225583272419,-70480.45986491689,1,1,Mixed — sensitive to cost assumptions,0.0,8436.0,18848.0,0.657,,4.0,3.0,75392.0,True
316061440,Caloundra Hinterland,Queensland,137.0,160916.5456720075,32332.449917613914,-46363.65138993245,236755.95770521657,-16075.331757179796,-158780.5309598382,2,1,Mixed — sensitive to cost assumptions,0.0,8708.0,18848.0,0.657,,10.0,6.0,188480.0,True
316061441,Glass House Mountains,Queensland,41.0,-3574.1059760343487,-198773.18909726015,-293539.3911245506,20492.289896011316,-136084.9713397025,-205305.91669611336,0,1,Not viable under any scenario,2.0,6230.0,42500.0,0.0,20.5,1.0,0.0,42500.0,True
316061442,Landsborough,Queensland,176.0,280759.84549604857,20056.85358822097,-130264.94638344379,299366.5193384577,-13224.226377143714,-195105.72662247616,2,1,Mixed — sensitive to cost assumptions,0.0,16700.0,18848.0,0.657,,12.0,8.0,226176.0,True
316061443,Maroochy Hinterland,Queensland,8.0,9733.375014993173,-9232.753104469908,-21621.34280445325,-1319.1375774382268,-3485.529618079755,-12457.45827501182,1,0,Mixed — sensitive to cost assumptions,0.0,1511.0,18848.0,0.657,,1.0,1.0,18848.0,True
316061444,Palmwoods,Queensland,101.0,158778.68895268394,12454.514016294044,-75771.0880404344,170400.77202628538,-7470.371167842022,-112033.29525859962,2,1,Mixed — sensitive to cost assumptions,0.0,9704.0,18848.0,0.657,,7.0,5.0,131936.0,True
316071547,Eumundi - Yandina,Queensland,664.0,852324.9179036223,147765.0210883657,-258305.0569074394,1182939.7616959843,-37499.39035791851,-720948.5936123405,2,1,Mixed — sensitive to cost assumptions,0.0,43675.0,18848.0,0.657,,45.0,27.0,848160.0,True
316071548,Nambour,Queensland,346.0,-315983.52466142806,-1509913.6092316997,-2168005.2937268317,-364426.9648153506,-1650768.574615194,-2345975.0547780897,0,0,Not viable under any scenario,2.0,39170.0,42500.0,0.0,173.0,22.0,12.0,935000.0,True
316081549,Noosa Hinterland,Queensland,243.0,-228542.64886975574,-1053875.2892851003,-1498619.3607614976,-229029.4274487962,-1128161.7388583499,-1610271.570863957,0,0,Not viable under any scenario,2.0,29537.0,42500.0,0.0,121.5,15.0,8.0,637500.0,True
317011451,Lockyer Valley - West,Queensland,44.0,-187201.61461947468,-492591.4679982245,-643250.3850954043,-42899.12853005321,-201061.03730553453,-287497.72941223026,0,0,Not viable under any scenario,1.0,15545.0,42500.0,0.0,44.0,2.0,1.0,85000.0,True
317011458,Toowoomba - West,Queensland,613.0,-888048.1217157171,-3551140.663100681,-4887390.2012406,-445076.1303262786,-2717218.6311591147,-3904434.8566244473,0,0,Not viable under any scenario,8.0,97181.0,42500.0,0.0,76.625,33.0,17.0,1402500.0,True
318011461,Burdekin,Queensland,14.0,-111933.52961749755,-385366.7059344659,-504758.87756052415,57644.25831054586,-15018.67741039445,-30484.09989466457,0,1,Not viable under any scenario,2.0,15908.0,42500.0,0.0,7.0,0.0,0.0,0.0,False
318011463,Dalrymple,Queensland,121.0,56885.98456418258,-547299.1933706172,-848307.2706161403,132516.28093881725,-193297.86733629095,-355264.00529220595,1,1,Mixed — sensitive to cost assumptions,4.0,43748.0,30500.000000000004,0.3333333333333333,30.25,5.0,1.0,152500.00000000003,True
318021467,Aitkenvale,Queensland,255.0,593782.4836283426,2152.3081618688884,-333004.1689899473,444511.55507452536,-21621.84090851684,-285630.440842867,2,1,Mixed — sensitive to cost assumptions,0.0,37206.0,18848.0,0.657,,17.0,11.0,320416.0,True
318021479,Hyde Park - Pimlico,Queensland,103.0,215314.51780171803,-30004.155860094455,-165394.46610080037,176559.35103488865,-15640.779882345043,-123650.04307862083,1,1,Mixed — sensitive to cost assumptions,0.0,14880.0,18848.0,0.657,,7.0,5.0,131936.0,True
318021483,Magnetic Island,Queensland,12.0,9040.873141085485,-26401.63206159187,-48514.35557680486,14957.59410697392,-6129.288940151189,-19909.741131525992,1,1,Mixed — sensitive to cost assumptions,0.0,2991.0,18848.0,0.657,,1.0,1.0,18848.0,True
318021486,Northern Beaches,Queensland,177.0,425755.0347008775,-7754.386595439137,-253443.45592389992,303810.4840307791,-8973.20561460036,-191093.0187012656,1,1,Mixed — sensitive to cost assumptions,0.0,28154.0,18848.0,0.657,,12.0,8.0,226176.0,True
318021489,Townsville - South,Queensland,269.0,375308.47086552694,-15808.776713794345,-241144.32422027813,469678.7978765726,-17447.099297518376,-295067.6586939554,1,1,Mixed — sensitive to cost assumptions,0.0,34345.0,18848.0,0.657,,18.0,11.0,339264.0,True
318021491,Wulguru - Roseneath,Queensland,74.0,24291.34727927622,-286033.7948667449,-426142.39874325506,50047.09129799601,-220617.82002395997,-338723.01082888385,1,1,Mixed — sensitive to cost assumptions,4.0,10375.0,42500.0,0.0,18.5,1.0,0.0,42500.0,True
319011498,Bundaberg Surrounds - North,Queensland,242.0,172049.01159870258,-424948.54691022803,-727446.9119719838,423610.86919035675,-21412.08108837498,-271958.05075802124,1,1,Mixed — sensitive to cost assumptions,0.0,74734.0,18848.0,0.657,,17.0,10.0,320416.0,True
319011499,Bundaberg Surrounds - South,Queensland,17.0,12656.97148677609,-35997.4837595644,-60087.0197639257,18693.26838031778,-16055.471998274172,-36095.08604031626,1,1,Mixed — sensitive to cost assumptions,0.0,8499.0,18848.0,0.657,,2.0,1.0,37696.0,True
319021503,Gayndah - Mundubbera,Queensland,3.0,-12212.155723815933,-12181.474602908778,-16414.343282562666,-6651.382196172109,-6894.780084614769,-11464.990777724748,0,0,Not viable under any scenario,0.0,6454.0,18848.0,0.657,,1.0,1.0,18848.0,True
319021504,Gin Gin,Queensland,7.0,-2343.8130785569483,-17499.751744157234,-27735.52750371,11124.476573113301,-7736.550380623102,-16470.16619622239,0,1,Not viable under any scenario,0.0,6482.0,18848.0,0.657,,1.0,1.0,18848.0,True
319021506,Kingaroy Surrounds - North,Queensland,3.0,-4150.957469587642,-4506.685648600274,-9214.87056895021,-6651.382196172109,-6894.780084614769,-11464.990777724748,0,0,Not viable under any scenario,0.0,8239.0,18848.0,0.657,,1.0,1.0,18848.0,True
319021507,Kingaroy Surrounds - South,Queensland,36.0,-103379.13776392302,-463865.95521178015,-601010.2167636338,117133.24045645887,-1160.8884729041529,-34993.20126494202,0,1,Not viable under any scenario,5.0,14012.0,42500.0,0.0,7.2,0.0,0.0,0.0,False
319021508,Monto - Eidsvold,Queensland,0.0,-18429.052163272117,-18154.568818377593,-22085.360289597702,0.0,0.0,0.0,0,0,Not viable under any scenario,0.0,3208.0,18848.0,0.657,,0.0,0.0,0.0,False
319021509,Nanango,Queensland,9.0,-1848.8999994130668,-31786.630204656,-47557.264965756185,3124.827114883128,-15668.927724513675,-27700.818928352164,0,1,Not viable under any scenario,0.0,7251.0,18848.0,0.657,,1.0,1.0,18848.0,True
319031511,Cooloola,Queensland,14.0,10537.220479855498,-52995.87180403357,-85687.68216279315,23845.523491616623,-12259.677257978658,-28693.286425639242,1,1,Mixed — sensitive to cost assumptions,0.0,5130.0,18848.0,0.657,,1.0,1.0,18848.0,True
319031514,Gympie Surrounds,Queensland,142.0,-109550.74656478266,-735273.9575111887,-983929.2996628395,118065.94493030671,-395894.8156186322,-617813.9299012019,0,1,Not viable under any scenario,8.0,46052.0,42500.0,0.0,17.75,2.0,0.0,85000.0,True
319031515,Kilkivan,Queensland,0.0,-16874.828053408073,-16661.29526451039,-20667.606037838945,0.0,0.0,0.0,0,0,Not viable under any scenario,0.0,2172.0,18848.0,0.657,,0.0,0.0,0.0,False
319041516,Booral - River Heads,Queensland,247.0,-801866.8305650186,-2253447.5881020064,-2970305.10471838,-165465.4041580565,-1074001.7944767175,-1548010.217356835,0,0,Not viable under any scenario,4.0,58175.0,42500.0,0.0,61.75,13.0,6.0,552500.0,True
319051522,Burrum - Fraser,Queensland,18.0,9973.514920921476,-54841.4306051325,-91170.42514482989,23137.23307263913,-14903.436580050096,-36145.5692821534,1,1,Mixed — sensitive to cost assumptions,0.0,8091.0,18848.0,0.657,,2.0,1.0,37696.0,True
319051525,Maryborough Surrounds - South,Queensland,83.0,-439062.6288463356,-1234845.122802733,-1623840.8792866853,-29009.14432770807,-343452.0596499307,-498744.12922759017,0,0,Not viable under any scenario,2.0,31719.0,42500.0,0.0,41.5,4.0,2.0,170000.0,True
401011001,Adelaide,South Australia,503.0,851235.9968814873,817480.3229751226,775674.1397445528,1684772.5612782412,773212.2448861201,437266.96717001824,3,3,Robust — viable even without subsidy,45.0,19521.0,18500.0,0.6666666666666666,11.177777777777777,0.0,0.0,0.0,False
401011002,North Adelaide,South Australia,99.0,180549.6769532356,139893.23973247575,119316.94829588139,338190.0467268952,255721.3950932672,208952.15315936878,3,3,Robust — viable even without subsidy,2.0,4694.0,6500.0,1.0,49.5,5.0,2.0,32500.0,True
401021003,Adelaide Hills,South Australia,52.0,72335.61667275755,-6302.2155659661075,-54160.674817293904,82012.12043253629,-15576.019825497355,-71662.15225126223,1,1,Mixed — sensitive to cost assumptions,0.0,6284.0,18848.0,0.657,,4.0,3.0,75392.0,True
401021004,Aldgate - Stirling,South Australia,144.0,148497.18290061527,22564.658806416403,-50160.67754934773,247880.4342783299,-20836.490005147745,-171389.74627714648,2,1,Mixed — sensitive to cost assumptions,0.0,7639.0,18848.0,0.657,,10.0,6.0,188480.0,True
401021005,Hahndorf - Echunga,South Australia,149.0,-48611.97388654759,-345389.9468057045,-516126.3766136194,-166806.06447287646,-718336.3975079271,-1019621.7028182766,0,0,Not viable under any scenario,1.0,9439.0,42500.0,0.0,149.0,9.0,5.0,382500.0,True
401021006,Lobethal - Woodside,South Australia,99.0,291374.11000086874,222492.0942758915,182461.0135919677,332086.7603419187,249702.87657474866,201565.78952300517,3,3,Robust — viable even without subsidy,1.0,10008.0,6500.0,1.0,99.0,6.0,3.0,39000.0,True
401021007,Mount Barker,South Australia,234.0,693869.097030967,529768.1494172342,436699.3422580423,793366.1847125409,593199.71742252,479699.60993734177,3,3,Robust — viable even without subsidy,2.0,20900.0,6500.0,1.0,117.0,14.0,8.0,91000.0,True
401021008,Mount Barker Surrounds,South Australia,98.0,148702.25743994466,-10187.34794225097,-106172.91168636025,172823.6767615448,-17248.04132281689,-120210.46814331722,1,1,Mixed — sensitive to cost assumptions,0.0,11365.0,18848.0,0.657,,7.0,4.0,131936.0,True
401021010,Uraidla - Summertown,South Australia,494.0,968701.7361136345,744267.0277673412,616840.8683584702,1667361.6625997103,1240170.2621106214,997676.7435093767,3,3,Robust — viable even without subsidy,2.0,27932.0,6500.0,1.0,247.0,31.0,18.0,201500.0,True
401031011,Burnside - Wattle Park,South Australia,455.0,480589.9903012832,99460.35355863685,-125194.69298545193,812163.2448278134,-22441.39026438736,-490358.38178221654,2,1,Mixed — sensitive to cost assumptions,0.0,19455.0,18848.0,0.657,,31.0,19.0,584288.0,True
401031012,Beaumont - Glen Osmond,South Australia,226.0,196143.23565316177,29195.323940004593,-67052.93205257966,390877.4163140974,-16109.530209681223,-249267.7773334672,2,1,Mixed — sensitive to cost assumptions,0.0,7835.0,18848.0,0.657,,16.0,10.0,301568.0,True
401031013,Toorak Gardens,South Australia,197.0,262237.1863204833,71600.49514921238,-12392.253261389269,329972.66439287673,-110037.34861963417,-331385.4877428881,2,1,Mixed — sensitive to cost assumptions,6.0,8341.0,24500.0,0.5,32.833333333333336,8.0,2.0,196000.0,True
401041015,Paradise - Newton,South Australia,130.0,463299.28674872185,356537.9433464862,298008.3785260569,451113.14306053787,340653.8785486906,280077.8281069656,3,3,Robust — viable even without subsidy,3.0,10818.0,6500.0,1.0,43.333333333333336,6.0,3.0,39000.0,True
401041016,Rostrevor - Magill,South Australia,163.0,474836.65782697813,364691.23218932276,300351.94385629386,547898.0685261883,409592.23763656506,329738.19080464,3,3,Robust — viable even without subsidy,1.0,12531.0,6500.0,1.0,163.0,10.0,6.0,65000.0,True
401051017,Norwood (SA),South Australia,190.0,222845.18913265638,-11798.241137809338,-134141.80998565676,253220.67123354826,-181230.66432219069,-410794.099697686,1,1,Mixed — sensitive to cost assumptions,3.0,9451.0,24500.0,0.5,63.333333333333336,10.0,5.0,245000.0,True
401051018,Payneham - Felixstow,South Australia,163.0,196056.02990459008,-176861.54816530636,-357187.3574209413,123279.61559450453,-356181.00906438567,-594229.139419947,1,1,Mixed — sensitive to cost assumptions,5.0,11597.0,33500.0,0.25,32.6,6.0,2.0,201000.0,True
401051019,St Peters - Marden,South Australia,155.0,296699.1526470437,231889.97346627165,193447.91680896108,519846.32809171744,390173.6850517285,314342.64382044814,3,3,Robust — viable even without subsidy,1.0,7056.0,6500.0,1.0,155.0,10.0,6.0,65000.0,True
401061020,Nailsworth - Broadview,South Australia,79.0,122070.45211255789,3725.47100277392,-64704.88615407545,128080.04911875218,-9828.091518226625,-92363.26225796898,2,1,Mixed — sensitive to cost assumptions,0.0,6258.0,18848.0,0.657,,6.0,4.0,113088.0,True
401061021,Prospect,South Australia,178.0,272854.1116814759,30608.6770232743,-105269.54157378724,308254.44872310036,-21394.635091646676,-206722.47444249742,2,1,Mixed — sensitive to cost assumptions,0.0,12025.0,18848.0,0.657,,12.0,8.0,226176.0,True
401061022,Walkerville,South Australia,213.0,186045.31035949237,37932.018497994286,-50721.79086128002,368569.09936432017,-19246.67456140404,-240064.89752797387,2,1,Mixed — sensitive to cost assumptions,0.0,7582.0,18848.0,0.657,,15.0,9.0,282720.0,True
401071023,Goodwood - Millswood,South Australia,524.0,560447.0779915807,119690.73831198429,-132196.55338992004,949050.4354110897,-18403.6648509159,-555032.8717518351,2,1,Mixed — sensitive to cost assumptions,1.0,22690.0,18848.0,0.657,524.0,34.0,20.0,640832.0,True
401071024,Unley - Parkside,South Australia,195.0,229680.03023990226,41140.37901284045,-70132.95266716763,345431.8662916811,-22446.16520779702,-225400.0399458409,2,1,Mixed — sensitive to cost assumptions,0.0,9624.0,18848.0,0.657,,13.0,8.0,245024.0,True
402011025,Gawler - North,South Australia,102.0,305051.5776222666,19087.599114692115,-129398.46185369855,226615.9751546549,34132.26326813308,-61183.56241981631,2,2,Mixed — sensitive to cost assumptions,3.0,17166.0,18848.0,0.657,34.0,4.0,2.0,75392.0,True
402011026,Gawler - South,South Australia,51.0,134185.56529109075,-15799.804800463236,-96881.02986010644,77568.15574021495,-16613.61708477314,-71427.81420566724,1,1,Mixed — sensitive to cost assumptions,0.0,8714.0,18848.0,0.657,,4.0,3.0,75392.0,True
402021030,Elizabeth,South Australia,48.0,75788.75536107809,-202117.4705292884,-333429.090971183,112856.84533416835,-3633.8778670341526,-51742.92196815648,1,1,Mixed — sensitive to cost assumptions,3.0,13222.0,24500.0,0.5,16.0,1.0,0.0,24500.0,True
402021032,Munno Para West - Angle Vale,South Australia,89.0,220819.65156206558,-58907.377990532696,-213439.45209902455,151214.70045839885,-18013.53246728042,-111765.71778951591,1,1,Mixed — sensitive to cost assumptions,0.0,15927.0,18848.0,0.657,,6.0,4.0,113088.0,True
402021033,One Tree Hill,South Australia,100.0,346667.17805461574,-127921.939531701,-385366.4611831035,165956.8073339641,-10290.91494353184,-114207.45514223195,1,1,Mixed — sensitive to cost assumptions,0.0,27277.0,18848.0,0.657,,7.0,4.0,131936.0,True
402021034,Smithfield - Elizabeth North,South Australia,34.0,123723.21757353598,-104267.31722841326,-227179.2322928761,55870.68594889846,-17107.00211442451,-54772.651543659755,1,1,Mixed — sensitive to cost assumptions,0.0,12630.0,18848.0,0.657,,3.0,2.0,56544.0,True
402021035,Virginia - Waterloo Corner,South Australia,74.0,191385.63229482216,-48905.61332999097,-179323.6867824478,122925.21227446085,-10004.875971845111,-87085.13928508724,1,1,Mixed — sensitive to cost assumptions,0.0,14081.0,18848.0,0.657,,5.0,3.0,94240.0,True
402031036,Enfield - Blair Athol,South Australia,45.0,57996.24082990149,-67042.53103389686,-137070.20968513077,69291.07351403299,-9269.946431727672,-57030.53409261801,1,1,Mixed — sensitive to cost assumptions,0.0,8133.0,18848.0,0.657,,3.0,2.0,56544.0,True
402031038,Windsor Gardens,South Australia,196.0,822239.5287735574,618025.7305800363,502665.75668577023,669709.0942444733,497344.32196149055,402437.8003868415,3,3,Robust — viable even without subsidy,2.0,22889.0,6500.0,1.0,98.0,12.0,6.0,78000.0,True
402031175,Northgate - Northfield,South Australia,242.0,-134094.9162597502,-799694.8847915732,-1184298.989140086,-273379.49542750244,-1171764.611472745,-1662579.7333306223,0,0,Not viable under any scenario,1.0,18190.0,42500.0,0.0,242.0,16.0,9.0,680000.0,True
402031176,Valley View - Gilles Plains,South Australia,26.0,81315.5855550117,-48337.64948438235,-122574.11379004162,40302.244683463796,-15289.980853810594,-44539.8363941175,1,1,Mixed — sensitive to cost assumptions,0.0,7091.0,18848.0,0.657,,2.0,2.0,37696.0,True
402041039,Dry Creek - North,South Australia,17.0,4506.940986667942,-12867.031391310846,-24504.86156559102,18693.26838031778,-16055.471998274172,-36095.08604031626,1,1,Mixed — sensitive to cost assumptions,0.0,3490.0,18848.0,0.657,,2.0,1.0,37696.0,True
402041040,Ingle Farm,South Australia,47.0,116456.91873503051,-46895.251582577024,-137728.07868315006,78179.00289867571,-15638.366120167524,-66200.17447462262,1,1,Mixed — sensitive to cost assumptions,0.0,9691.0,18848.0,0.657,,4.0,2.0,75392.0,True
402041041,Para Hills,South Australia,70.0,176790.83178952173,-31457.247158267914,-148610.70691892633,123633.50269343838,-12262.091020156033,-86143.15502963733,1,1,Mixed — sensitive to cost assumptions,0.0,11520.0,18848.0,0.657,,5.0,3.0,94240.0,True
402041042,Parafield,South Australia,12.0,5659.871983610878,-11717.135357417816,-23854.89105935387,14957.59410697392,-6129.288940151189,-19909.741131525992,1,1,Mixed — sensitive to cost assumptions,0.0,906.0,18848.0,0.657,,1.0,1.0,18848.0,True
402041043,Parafield Gardens,South Australia,87.0,198981.87997529484,-44808.12812083878,-180245.6252988184,143648.49038418685,-11883.144149452957,-102982.17249540263,1,1,Mixed — sensitive to cost assumptions,0.0,14040.0,18848.0,0.657,,6.0,4.0,113088.0,True
402041044,Paralowie,South Australia,98.0,-551552.3346193884,-1615673.977470897,-2153230.6649446446,-43781.112204075645,-430205.1707125327,-618132.1283627508,0,0,Not viable under any scenario,2.0,30110.0,42500.0,0.0,49.0,5.0,2.0,212500.0,True
402041047,Salisbury East,South Australia,66.0,80913.68085623358,-166183.8724266594,-295985.0387765366,107356.77100902618,-9618.331698084643,-78690.87217312318,1,1,Mixed — sensitive to cost assumptions,0.0,15911.0,18848.0,0.657,,5.0,3.0,94240.0,True
402041048,Salisbury North,South Australia,6.0,3513.2320371107926,-13345.508933189125,-21111.265623932784,6680.511880791946,-11987.571143166442,-20482.874117432966,1,1,Mixed — sensitive to cost assumptions,0.0,576.0,18848.0,0.657,,1.0,1.0,18848.0,True
402041171,Mawson Lakes - Globe Derby Park,South Australia,169.0,342143.93962874194,18924.145978505432,-167159.9247443357,288242.04276534426,-20358.13721004725,-195830.61665067973,2,1,Mixed — sensitive to cost assumptions,0.0,16583.0,18848.0,0.657,,12.0,7.0,226176.0,True
402051050,Greenwith,South Australia,132.0,282206.64766110433,-11143.7714036338,-180349.60987513274,231601.12086092524,-17806.18640931585,-155543.1963086682,1,1,Mixed — sensitive to cost assumptions,0.0,15931.0,18848.0,0.657,,9.0,6.0,169632.0,True
402051051,Highbury - Dernancourt,South Australia,152.0,287443.9437177896,9906.700161900793,-147275.333652073,266544.5729740279,-20851.52223969852,-179175.45398867212,2,1,Mixed — sensitive to cost assumptions,0.0,14391.0,18848.0,0.657,,11.0,7.0,207328.0,True
402051052,Hope Valley - Modbury,South Australia,53.0,142153.28816552393,-27861.55878283971,-123688.75884036733,86456.08512485764,-12755.476049807432,-69487.99236762986,1,1,Mixed — sensitive to cost assumptions,0.0,9241.0,18848.0,0.657,,4.0,3.0,75392.0,True
402051053,Modbury Heights,South Australia,147.0,388424.38209154276,17687.239348613715,-183035.3786067768,295285.9142091826,23844.88385353092,-120376.20975606513,2,2,Mixed — sensitive to cost assumptions,2.0,20160.0,18848.0,0.657,73.5,8.0,4.0,150784.0,True
402051054,Redwood Park,South Australia,35.0,91288.55022967495,-21381.730375003506,-83856.56444231953,60314.650641219836,-15954.966696200423,-54823.13478549689,1,1,Mixed — sensitive to cost assumptions,0.0,5801.0,18848.0,0.657,,3.0,2.0,56544.0,True
402051055,St Agnes - Ridgehaven,South Australia,106.0,291806.04651035275,-36640.31817893873,-223743.0926849258,174233.88956014597,-19065.06258343083,-130443.28329285944,1,1,Mixed — sensitive to cost assumptions,0.0,16980.0,18848.0,0.657,,8.0,5.0,150784.0,True
403011056,Brighton (SA),South Australia,162.0,261243.18158510415,34480.39164934294,-97968.36828085518,274021.86876196787,-19067.476345608025,-187893.15189685737,2,1,Mixed — sensitive to cost assumptions,0.0,11593.0,18848.0,0.657,,11.0,7.0,207328.0,True
403011057,Glenelg (SA),South Australia,285.0,485488.2863090376,69793.58702722081,-175061.35783074945,502589.65852727444,-19536.226672944555,-313510.886151704,2,1,Mixed — sensitive to cost assumptions,0.0,21633.0,18848.0,0.657,,19.0,12.0,358112.0,True
403021058,Edwardstown,South Australia,96.0,326150.3587821255,244127.56328408845,200255.80176465836,330892.7455192569,249408.94314271718,204245.6665789896,3,3,Robust — viable even without subsidy,2.0,8958.0,6500.0,1.0,48.0,5.0,2.0,32500.0,True
403021060,Marino - Seaview Downs,South Australia,114.0,193701.1986908802,27150.44575172168,-72059.02329075885,191301.45791045396,-20882.083844044697,-140676.09844240165,2,1,Mixed — sensitive to cost assumptions,0.0,8297.0,18848.0,0.657,,8.0,5.0,150784.0,True
403021061,Mitchell Park,South Australia,197.0,740620.1407175035,554837.5045709055,449065.2717462169,661384.4742945286,494818.6545240198,398183.9886962522,3,3,Robust — viable even without subsidy,1.0,20743.0,6500.0,1.0,197.0,13.0,7.0,84500.0,True
403021062,Morphettville,South Australia,103.0,205731.0297343445,-22698.525344125563,-150561.43283804506,176559.35103488865,-15640.779882345043,-123650.04307862083,1,1,Mixed — sensitive to cost assumptions,0.0,12748.0,18848.0,0.657,,7.0,5.0,131936.0,True
403021063,Sheidow Park - Trott Park,South Australia,142.0,365640.3509302322,-23385.45915378793,-243914.88410503513,240491.6319785605,-12666.081290644725,-159772.99845712524,1,1,Mixed — sensitive to cost assumptions,0.0,19393.0,18848.0,0.657,,10.0,6.0,188480.0,True
403021064,Warradale,South Australia,57.0,110872.01682096359,-6518.074881940513,-76438.21187077386,87069.51401631089,-11928.737988349909,-72268.52466065789,1,1,Mixed — sensitive to cost assumptions,0.0,6909.0,18848.0,0.657,,4.0,3.0,75392.0,True
403031065,Belair,South Australia,113.0,137520.20001793728,28177.63943971478,-41309.32040161196,186857.4932181326,-8955.759617872172,-125857.44238574189,2,1,Mixed — sensitive to cost assumptions,0.0,5344.0,18848.0,0.657,,8.0,5.0,150784.0,True
403031066,Bellevue Heights,South Australia,81.0,104091.69567002286,18328.98929862739,-35474.94433440339,135646.25919296424,-17741.42635246813,-103555.30548130957,2,1,Mixed — sensitive to cost assumptions,0.0,4538.0,18848.0,0.657,,6.0,4.0,113088.0,True
403031068,Colonel Light Gardens,South Australia,130.0,220077.963028127,30642.918143521252,-82832.33932108466,224034.91078671336,-10007.289734022444,-144535.00788908527,2,1,Mixed — sensitive to cost assumptions,0.0,10120.0,18848.0,0.657,,9.0,6.0,169632.0,True
403031069,Mitcham (SA),South Australia,297.0,301341.6197574668,51014.80764353681,-93561.87952884499,520276.6030102878,-22452.09210982814,-329173.5813164243,2,1,Mixed — sensitive to cost assumptions,0.0,11994.0,18848.0,0.657,,20.0,12.0,376960.0,True
403031070,Panorama,South Australia,140.0,453372.4713723016,167670.48343124666,92917.92978621676,444918.9596987541,-86646.33309683496,-235433.97725786385,3,1,Mixed — sensitive to cost assumptions,16.0,9223.0,42500.0,0.0,8.75,0.0,0.0,0.0,False
403041071,Aberfoyle Park,South Australia,262.0,544942.9338826463,25445.671402009757,-271283.76327995484,457232.60199302866,-26144.96778587246,-297853.561072284,2,1,Mixed — sensitive to cost assumptions,0.0,27228.0,18848.0,0.657,,18.0,11.0,339264.0,True
403041072,Aldinga,South Australia,83.0,157827.2507907548,-29562.104967298263,-129675.49745111799,144534.1885776069,-10669.861814234944,-97368.43767646665,1,1,Mixed — sensitive to cost assumptions,0.0,10384.0,18848.0,0.657,,6.0,4.0,113088.0,True
403041073,Christie Downs,South Australia,52.0,97683.13826935667,-15468.60873444927,-78837.68433601777,82012.12043253629,-15576.019825497355,-71662.15225126223,1,1,Mixed — sensitive to cost assumptions,0.0,7629.0,18848.0,0.657,,4.0,3.0,75392.0,True
403041074,Christies Beach,South Australia,39.0,86172.72938507047,-26039.147601974168,-87706.66074721672,61111.434548367775,-13697.751647889505,-55765.11904094684,1,1,Mixed — sensitive to cost assumptions,0.0,6144.0,18848.0,0.657,,3.0,2.0,56544.0,True
403041076,Coromandel Valley,South Australia,231.0,314215.7063810663,62993.33944390323,-83416.57263848106,410190.48162522214,-14502.268769209448,-252707.3522687709,2,1,Mixed — sensitive to cost assumptions,0.0,12259.0,18848.0,0.657,,16.0,10.0,301568.0,True
403041078,Hackham - Onkaparinga Hills,South Australia,51.0,103634.508198431,-87228.38163561867,-191234.2584647099,77568.15574021495,-16613.61708477314,-71427.81420566724,1,1,Mixed — sensitive to cost assumptions,0.0,11235.0,18848.0,0.657,,4.0,3.0,75392.0,True
403041082,Lonsdale,South Australia,7.0,-442.174853530576,-14150.296973839188,-20813.336396545194,11124.476573113301,-7736.550380623102,-16470.16619622239,0,1,Not viable under any scenario,0.0,1937.0,18848.0,0.657,,1.0,1.0,18848.0,True
403041083,McLaren Vale,South Australia,43.0,183115.5418624485,139026.8591816784,117000.4753773649,156533.76536207303,119495.2064329744,101422.00332200367,3,3,Robust — viable even without subsidy,3.0,5742.0,6500.0,1.0,14.333333333333334,0.0,0.0,0.0,False
403041084,Morphett Vale - East,South Australia,138.0,397406.06783701095,-88402.13458767292,-354694.8760330579,241199.9223975379,-13492.81935210232,-156992.46616409722,1,1,Mixed — sensitive to cost assumptions,0.0,26606.0,18848.0,0.657,,10.0,6.0,188480.0,True
403041086,Reynella,South Australia,54.0,144045.3645198546,-14233.787374885127,-108824.91496482483,90900.04981717904,-8504.45528726407,-65475.28444641923,1,1,Mixed — sensitive to cost assumptions,0.0,8444.0,18848.0,0.657,,4.0,3.0,75392.0,True
403041088,Willunga,South Australia,18.0,26237.584534735575,-10308.419397379894,-34879.58062973841,23137.23307263913,-14903.436580050096,-36145.5692821534,1,1,Mixed — sensitive to cost assumptions,0.0,2785.0,18848.0,0.657,,2.0,1.0,37696.0,True
403041177,Seaford - Seaford Meadows,South Australia,50.0,93922.2595708804,-4223.701268675046,-61882.651458233726,74445.91035832433,-5860.695965192637,-58023.001589905056,1,1,Mixed — sensitive to cost assumptions,0.0,5110.0,18848.0,0.657,,4.0,2.0,75392.0,True
403041178,Seaford Rise - Moana,South Australia,146.0,312112.8959267133,-4659.026196211431,-185700.32238235098,255446.6443525419,-13764.92546691456,-165202.87847230345,1,1,Mixed — sensitive to cost assumptions,0.0,16680.0,18848.0,0.657,,10.0,6.0,188480.0,True
404011090,Beverley,South Australia,170.0,623242.7283003264,471845.6680742302,386941.39881155646,577554.8765282715,431536.45765887224,349387.54947942117,3,3,Robust — viable even without subsidy,2.0,16124.0,6500.0,1.0,85.0,10.0,5.0,65000.0,True
404011091,Flinders Park,South Australia,63.0,116746.95128407516,-5344.42440807516,-80122.42196571274,109504.82470932632,-7738.964142800505,-73920.03480022053,1,1,Mixed — sensitive to cost assumptions,0.0,7354.0,18848.0,0.657,,5.0,3.0,94240.0,True
404011093,Hindmarsh - Brompton,South Australia,202.0,712066.8820718268,542310.9354949472,449238.0096987909,700190.5450924016,526869.8802991968,432106.8104551635,3,3,Robust — viable even without subsidy,4.0,19219.0,6500.0,1.0,50.5,10.0,5.0,65000.0,True
404011094,Royal Park - Hendon - Albert Park,South Australia,107.0,440519.42122255306,336892.7022873588,285480.09040614456,390654.9327012721,299214.0217521777,253893.15468901506,3,3,Robust — viable even without subsidy,6.0,11459.0,6500.0,1.0,17.833333333333332,2.0,0.0,13000.0,True
404011095,Seaton - Grange,South Australia,274.0,514027.79016892274,18979.337415734713,-262508.84353403596,490576.9020277486,-14171.329499580606,-296282.5905037895,2,1,Mixed — sensitive to cost assumptions,0.0,26052.0,18848.0,0.657,,19.0,11.0,358112.0,True
404011096,West Lakes,South Australia,68.0,109880.82575986898,-22136.219514838325,-93812.09194602951,114745.57330879566,-17665.147200923486,-90105.37970901073,1,1,Mixed — sensitive to cost assumptions,0.0,8360.0,18848.0,0.657,,5.0,3.0,94240.0,True
404011097,Woodville - Cheltenham,South Australia,56.0,127438.1984736363,-23778.669441512175,-108191.70958267876,98380.34813621303,-13204.366618238124,-72420.28170295432,1,1,Mixed — sensitive to cost assumptions,0.0,8369.0,18848.0,0.657,,4.0,3.0,75392.0,True
404021099,Largs Bay - Semaphore,South Australia,81.0,286582.0798752463,220391.60416190577,181847.00703503855,274018.87592951325,202429.23574047032,162846.0968694985,3,3,Robust — viable even without subsidy,1.0,6857.0,6500.0,1.0,81.0,5.0,3.0,32500.0,True
404021100,North Haven,South Australia,116.0,508413.5392497262,375080.0968986696,301851.4158868929,397848.55931630504,297925.19190898695,242690.96631868492,3,3,Robust — viable even without subsidy,2.0,15668.0,6500.0,1.0,58.0,6.0,3.0,39000.0,True
404021101,Port Adelaide,South Australia,61.0,-42396.82180871288,-276536.3904233263,-399753.4266785055,-48783.16702177808,-279312.10684304987,-398860.3127049697,0,0,Not viable under any scenario,1.0,5974.0,42500.0,0.0,61.0,4.0,2.0,170000.0,True
404021102,The Parks,South Australia,73.0,166284.25194853308,-112193.42100063791,-262253.8063098025,118481.24758213948,-14255.896734388501,-91097.84720629785,1,1,Mixed — sensitive to cost assumptions,0.0,16860.0,18848.0,0.657,,5.0,3.0,94240.0,True
404031104,Adelaide Airport,South Australia,228.0,310328.62405715825,242234.65540615737,208735.88825899863,785625.2104262712,587945.1389232086,479867.3860423439,3,3,Robust — viable even without subsidy,4.0,4639.0,6500.0,1.0,57.0,12.0,6.0,78000.0,True
404031105,Fulham,South Australia,106.0,204843.89021507875,4686.070088822758,-112018.23645925832,174233.88956014597,-19065.06258343083,-130443.28329285944,2,1,Mixed — sensitive to cost assumptions,0.0,11449.0,18848.0,0.657,,8.0,5.0,150784.0,True
404031106,Lockleys,South Australia,103.0,219233.0652831777,1700.1951716600743,-119154.3226679748,176559.35103488865,-15640.779882345043,-123650.04307862083,2,1,Mixed — sensitive to cost assumptions,0.0,10940.0,18848.0,0.657,,7.0,5.0,131936.0,True
404031107,Plympton,South Australia,121.0,222611.9874371549,-8295.447381462625,-134866.13606869878,204022.50482895726,-12441.289235951946,-138314.9006607537,1,1,Mixed — sensitive to cost assumptions,0.0,12351.0,18848.0,0.657,,9.0,5.0,169632.0,True
404031108,Richmond (SA),South Australia,218.0,-102652.00224596405,-815750.01813727,-1182473.1165903967,-174155.45272101453,-965347.8267548067,-1387616.5211310908,0,0,Not viable under any scenario,3.0,19429.0,42500.0,0.0,72.66666666666667,12.0,6.0,510000.0,True
405011110,Barossa - Angaston,South Australia,10.0,-2442.1622296092482,-5950.757043724659,-14838.95089133256,6069.664722331219,-12962.822107772035,-25710.51384847756,0,1,Not viable under any scenario,0.0,2752.0,18848.0,0.657,,1.0,1.0,18848.0,True
405011111,Light,South Australia,80.0,109380.2213335766,-25692.679728149356,-104636.75158800633,132524.01381107356,-7245.579113149099,-90575.19746222801,1,1,Mixed — sensitive to cost assumptions,0.0,15232.0,18848.0,0.657,,6.0,4.0,113088.0,True
405011112,Lyndoch,South Australia,35.0,59518.56704956581,-28274.553974738294,-75293.93893859709,60314.650641219836,-15954.966696200423,-54823.13478549689,1,1,Mixed — sensitive to cost assumptions,0.0,6631.0,18848.0,0.657,,3.0,2.0,56544.0,True
405011113,Mallala,South Australia,45.0,135709.73303313728,-15900.772442110072,-101156.42100949389,69291.07351403299,-9269.946431727672,-57030.53409261801,1,1,Mixed — sensitive to cost assumptions,0.0,11035.0,18848.0,0.657,,3.0,2.0,56544.0,True
405011114,Nuriootpa,South Australia,56.0,223194.87232016135,212580.54467145124,199511.21508093705,210006.42002339457,200725.32385574706,189267.78729382303,3,3,Robust — viable even without subsidy,17.0,8517.0,42500.0,0.0,3.2941176470588234,0.0,0.0,0.0,False
405021117,Gilbert Valley,South Australia,15.0,6175.214759002209,-42403.89201769862,-69379.17330535046,11212.970061283779,-9553.571641237015,-26702.981345764634,1,1,Mixed — sensitive to cost assumptions,0.0,9976.0,18848.0,0.657,,1.0,1.0,18848.0,True
405021118,Goyder,South Australia,0.0,-18429.052163272117,-18154.568818377593,-22085.360289597702,0.0,0.0,0.0,0,0,Not viable under any scenario,0.0,3115.0,18848.0,0.657,,0.0,0.0,0.0,False
405021119,Wakefield - Barunga West,South Australia,15.0,9600.72421380541,-10927.249009279942,-20141.654258588893,11212.970061283779,-9553.571641237015,-26702.981345764634,1,1,Mixed — sensitive to cost assumptions,0.0,9699.0,18848.0,0.657,,1.0,1.0,18848.0,True
405031120,Jamestown,South Australia,4.0,-8659.769659881567,-8806.6494332983,-13257.946861553173,-2207.4175038507547,-2643.7593220714275,-7452.282856514177,0,0,Not viable under any scenario,0.0,4855.0,18848.0,0.657,,1.0,1.0,18848.0,True
405031121,Peterborough - Mount Remarkable,South Australia,9.0,-2742.7484291718456,-2635.188624471536,-2501.9192678095756,21710.692703079865,20691.262699746505,19434.909505497977,0,3,Robust — viable even without subsidy,8.0,5479.0,30500.000000000004,0.3333333333333333,1.125,0.0,0.0,0.0,False
405031122,Port Pirie,South Australia,20.0,288970.17056234245,204693.18617090484,158499.03421897406,70704.78297539741,52760.868582956886,43692.00419977323,3,3,Robust — viable even without subsidy,1.0,12715.0,6500.0,1.0,20.0,1.0,0.0,6500.0,True
405031123,Port Pirie Surrounds,South Australia,7.0,-4909.428895238627,-5198.904864321723,-9826.991325729115,11124.476573113301,-7736.550380623102,-16470.16619622239,0,1,Not viable under any scenario,0.0,2199.0,18848.0,0.657,,1.0,1.0,18848.0,True
405041124,Kadina,South Australia,7.0,-8174.338835823727,-39400.06317902819,-58543.897026407765,11124.476573113301,-7736.550380623102,-16470.16619622239,0,1,Not viable under any scenario,0.0,5826.0,18848.0,0.657,,1.0,1.0,18848.0,True
405041126,Wallaroo,South Australia,5.0,-1391.3406556589252,-46227.15397068222,-67637.42603274737,2236.5471884705994,-14570.083548243949,-22270.938913173963,0,1,Not viable under any scenario,0.0,4276.0,18848.0,0.657,,1.0,1.0,18848.0,True
405041127,Yorke Peninsula - North,South Australia,19.0,61452.01399989762,45818.17622763879,39530.74951412906,73198.78351486294,54528.36633893207,47065.6599149263,3,3,Robust — viable even without subsidy,2.0,11894.0,6500.0,1.0,9.5,0.0,0.0,0.0,False
405041128,Yorke Peninsula - South,South Australia,3.0,1385.900296221981,1322.6564992023432,1244.5488696127309,4189.399313057904,3969.1002060582405,3698.392870933132,3,3,Robust — viable even without subsidy,4.0,6211.0,6500.0,1.0,0.75,0.0,0.0,0.0,False
406011130,Eyre Peninsula,South Australia,25.0,20776.831544377743,-16941.428991769208,-40725.53774891184,35858.279991142466,-4537.059734230075,-31135.0237783553,1,1,Mixed — sensitive to cost assumptions,0.0,21709.0,18848.0,0.657,,2.0,1.0,37696.0,True
406011131,Kimba - Cleve - Franklin Harbour,South Australia,3.0,-5942.621596538998,-5709.575353021661,-5420.82508025408,-381.84806889517154,-422.8808347276531,-471.47257541616085,0,0,Not viable under any scenario,6.0,4713.0,24500.0,0.5,0.5,0.0,0.0,0.0,False
406011132,Le Hunte - Elliston,South Australia,0.0,-2285.623690976538,-2195.9905203929466,-2084.932723174646,-2285.623690976538,-2195.9905203929466,-2084.932723174646,0,0,Not viable under any scenario,1.0,2457.0,42500.0,0.0,0.0,0.0,0.0,0.0,False
406011134,West Coast (SA),South Australia,0.0,-17183.655526802282,-16698.87608861079,-19978.252851581172,0.0,0.0,0.0,0,0,Not viable under any scenario,0.0,3033.0,18848.0,0.657,,0.0,0.0,0.0,False
406011135,Western,South Australia,3.0,-15320.603943544025,-15168.021710643188,-19249.851786080184,-6651.382196172109,-6894.780084614769,-11464.990777724748,0,0,Not viable under any scenario,0.0,3438.0,18848.0,0.657,,1.0,1.0,18848.0,True
406011136,Whyalla,South Australia,30.0,64660.76218820847,-16741.44658544377,-44420.862583902,73264.95337375617,-11724.397035669306,-42592.37475975611,1,1,Mixed — sensitive to cost assumptions,3.0,16980.0,30500.000000000004,0.3333333333333333,10.0,0.0,0.0,0.0,False
406021140,Quorn - Lake Gilles,South Australia,24.0,129344.65246868467,35663.78287210308,6272.2328951698555,92941.41046985322,88848.55517868252,83795.39377000584,3,3,Robust — viable even without subsidy,6.0,10838.0,18500.0,0.6666666666666666,4.0,0.0,0.0,0.0,False
406021141,Outback,South Australia,21.0,17949.813263010255,17111.96266029182,16079.982241650157,65895.77424702994,62919.54976869483,59247.67366732625,3,3,Robust — viable even without subsidy,12.0,14080.0,24500.0,0.5,1.75,0.0,0.0,0.0,False
406021142,Port Augusta,South Australia,4.0,-9026.15035911309,-9169.649294542087,-13615.804931357146,-2207.4175038507547,-2643.7593220714275,-7452.282856514177,0,0,Not viable under any scenario,0.0,2001.0,18848.0,0.657,,1.0,1.0,18848.0,True
406021143,Roxby Downs,South Australia,0.0,-3125.971717067596,-31885.06314453078,-41876.770091461694,-4571.247381953076,-4391.981040785893,-4169.865446349292,0,0,Not viable under any scenario,2.0,3920.0,42500.0,0.0,0.0,0.0,0.0,0.0,False
407011144,Goolwa - Port Elliot,South Australia,80.0,274624.75232573785,203150.02093887702,164340.96807843473,276414.09997559065,209813.66829154867,172574.41663516968,3,3,Robust — viable even without subsidy,2.0,12618.0,6500.0,1.0,40.0,4.0,2.0,26000.0,True
407011145,Kangaroo Island,South Australia,26.0,125101.38859020465,119134.48105141385,111790.52250529334,92686.84509058976,88566.63462219742,83481.0787197284,3,3,Robust — viable even without subsidy,10.0,6320.0,18848.0,0.657,2.6,0.0,0.0,0.0,False
407011147,Strathalbyn Surrounds,South Australia,141.0,413997.8503528136,301370.5305637565,239154.53887277935,473519.7095792716,354347.84604704,285407.1343988093,3,3,Robust — viable even without subsidy,1.0,17716.0,6500.0,1.0,141.0,9.0,5.0,58500.0,True
407011149,Yankalilla,South Australia,127.0,534004.0716162098,406600.58830264903,345272.5185189784,474400.9672934328,364830.75062818686,313326.0577344956,3,3,Robust — viable even without subsidy,9.0,21010.0,6500.0,1.0,14.11111111111111,0.0,0.0,0.0,False
407021151,Kingston - Robe,South Australia,7.0,12945.255888311922,12309.823504326843,11528.916057646333,21965.258082343316,20973.18325623161,19749.22455577542,3,3,Robust — viable even without subsidy,4.0,4388.0,24500.0,0.5,1.75,0.0,0.0,0.0,False
407021152,Millicent,South Australia,13.0,6361.441677265293,-27221.00712967197,-44977.717244847896,19401.558799295268,-15080.221033668584,-30867.44630927165,1,1,Mixed — sensitive to cost assumptions,0.0,7731.0,18848.0,0.657,,1.0,1.0,18848.0,True
407021155,Naracoorte Surrounds,South Australia,10.0,41272.03417371075,-22026.445505570555,-33477.97182259035,39868.39954126045,3165.1614313226164,-5086.772300769068,1,2,Mixed — sensitive to cost assumptions,2.0,9350.0,42500.0,0.0,5.0,0.0,0.0,0.0,False
407021156,Penola,South Australia,3.0,-5315.47246131813,-18876.08111544663,-25353.65194876157,-6651.382196172109,-6894.780084614769,-11464.990777724748,0,0,Not viable under any scenario,0.0,4010.0,18848.0,0.657,,1.0,1.0,18848.0,True
407021157,Tatiara,South Australia,6.0,-11245.268559604565,-10804.273360333296,-10257.868998019258,6093.17493513927,5742.2098917235335,5311.853018691617,0,3,Robust — viable even without subsidy,9.0,6832.0,42500.0,0.0,0.6666666666666666,0.0,0.0,0.0,False
407021158,Wattle Range,South Australia,0.0,-17183.655526802282,-16698.87608861079,-19978.252851581172,0.0,0.0,0.0,0,0,Not viable under any scenario,0.0,486.0,18848.0,0.657,,0.0,0.0,0.0,False
407021174,Mount Gambier - West,South Australia,69.0,159236.29840801988,-251041.42551066773,-357747.832798306,274634.8320965018,166307.0376231055,136313.59641295607,1,3,Robust — viable even without subsidy,14.0,33086.0,42500.0,0.0,4.928571428571429,0.0,0.0,0.0,False
407031159,Barmera,South Australia,15.0,-102213.8667205772,-268178.8086681445,-347293.49914002384,-11683.073806626157,-53055.21773177198,-78808.57864103134,0,0,Not viable under any scenario,1.0,10744.0,42500.0,0.0,15.0,0.0,0.0,0.0,False
407031161,Karoonda - Lameroo,South Australia,3.0,-15320.603943544025,-15168.021710643188,-19249.851786080184,-6651.382196172109,-6894.780084614769,-11464.990777724748,0,0,Not viable under any scenario,0.0,3312.0,18848.0,0.657,,1.0,1.0,18848.0,True
407031162,Loxton,South Australia,9.0,-6815.816076034546,-24611.987449636403,-38189.292956889425,3124.827114883128,-15668.927724513675,-27700.818928352164,0,1,Not viable under any scenario,0.0,5829.0,18848.0,0.657,,1.0,1.0,18848.0,True
407031163,Loxton Surrounds,South Australia,0.0,0.0,0.0,0.0,0.0,0.0,0.0,0,0,Not viable under any scenario,0.0,1257.0,18848.0,0.657,,0.0,0.0,0.0,False
407031164,Mannum,South Australia,35.0,49651.16834883022,-54010.29935590217,-112840.78385107823,60314.650641219836,-15954.966696200423,-54823.13478549689,1,1,Mixed — sensitive to cost assumptions,0.0,10435.0,18848.0,0.657,,3.0,2.0,56544.0,True
407031166,Murray Bridge Surrounds,South Australia,48.0,88856.5848293297,-193463.23885854156,-309846.345070816,178029.98117582238,64421.67768852139,31779.80530457078,1,3,Robust — viable even without subsidy,6.0,20724.0,24500.0,0.5,8.0,0.0,0.0,0.0,False
407031168,Renmark Surrounds,South Australia,4.0,-5869.195022177852,-22193.107485469103,-32235.18053287467,-2207.4175038507547,-2643.7593220714275,-7452.282856514177,0,0,Not viable under any scenario,0.0,1458.0,18848.0,0.657,,1.0,1.0,18848.0,True
407031169,The Coorong,South Australia,15.0,27722.97136687232,26417.68367444293,24810.250665938114,43803.233475054905,41805.406234220674,39341.29158641213,3,3,Robust — viable even without subsidy,10.0,6932.0,42500.0,0.0,1.5,0.0,0.0,0.0,False
407031170,Waikerie,South Australia,4.0,-7455.671699484303,-7260.191368582986,-7013.73540058739,-5080.378140479972,-4955.822153756098,-4798.495546904174,0,0,Not viable under any scenario,10.0,7203.0,24500.0,0.5,0.4,0.0,0.0,0.0,False
501011001,Augusta,Western Australia,136.0,498953.3287555622,301269.80742156866,244554.22717027518,554095.4769542201,256297.4090601658,180516.75422672453,3,3,Robust — viable even without subsidy,22.0,17844.0,30500.000000000004,0.3333333333333333,6.181818181818182,0.0,0.0,0.0,False
501011003,Busselton Surrounds,Western Australia,88.0,175014.12194525247,29389.35789325276,-27576.792568813617,218948.75796338468,23484.45207420393,-59181.870271766136,2,2,Mixed — sensitive to cost assumptions,6.0,10394.0,24500.0,0.5,14.666666666666666,0.0,0.0,0.0,False
501011294,Busselton - West,Western Australia,110.0,200895.67533911281,-367223.410396346,-607862.5612383656,280144.1174789437,-40583.0954790922,-156271.1170618175,1,1,Mixed — sensitive to cost assumptions,9.0,29019.0,30500.000000000004,0.3333333333333333,12.222222222222221,0.0,0.0,0.0,False
501021007,Capel,Western Australia,24.0,10927.940245100452,-9519.235970377402,-26071.934977119046,31414.315298821108,-8788.080496773444,-35147.7316995659,1,1,Mixed — sensitive to cost assumptions,0.0,6537.0,18848.0,0.657,,2.0,1.0,37696.0,True
501021008,College Grove - Carey Park,Western Australia,189.0,-368061.60412243434,-1469898.967712314,-1982395.6500735788,5597.609834706178,-705428.9121627269,-1042605.8045204992,0,1,Not viable under any scenario,6.0,40512.0,42500.0,0.0,31.5,7.0,2.0,297500.0,True
501021009,Collie,Western Australia,15.0,35863.009857070225,-64999.29026998361,-106959.73114106708,59802.59931189068,36513.25506200944,29796.417602394646,1,3,Robust — viable even without subsidy,3.0,9212.0,24500.0,0.5,5.0,0.0,0.0,0.0,False
501021010,Dardanup,Western Australia,17.0,23126.400731866954,-13227.256995950982,-33486.34929308107,18693.26838031778,-16055.471998274172,-36095.08604031626,1,1,Mixed — sensitive to cost assumptions,0.0,3512.0,18848.0,0.657,,2.0,1.0,37696.0,True
501021012,Eaton - Pelican Point,Western Australia,35.0,104619.60601124674,-197280.36403748387,-308841.315483915,141825.0220853881,30515.731368119054,4399.049491533377,1,3,Robust — viable even without subsidy,6.0,9339.0,42500.0,0.0,5.833333333333333,0.0,0.0,0.0,False
501021014,Harvey,Western Australia,112.0,140490.1378887365,-200429.14368320876,-373722.3147946923,186363.0814416911,-77594.35855623057,-206568.6082488466,1,1,Mixed — sensitive to cost assumptions,3.0,27346.0,24500.0,0.5,37.333333333333336,5.0,2.0,122500.0,True
501021015,East Bunbury - Glen Iris,Western Australia,11.0,2351.0874548883057,-307.56043300023066,-10160.874257222871,10513.629414652574,-8711.80134522869,-21697.805927266985,1,1,Mixed — sensitive to cost assumptions,0.0,1028.0,18848.0,0.657,,1.0,1.0,18848.0,True
501021016,Waroona,Western Australia,10.0,3390.2919810580006,-29739.447241521597,-46664.300128530704,6069.664722331219,-12962.822107772035,-25710.51384847756,1,1,Mixed — sensitive to cost assumptions,0.0,5154.0,18848.0,0.657,,1.0,1.0,18848.0,True
501031017,Bridgetown - Boyup Brook,Western Australia,21.0,-23376.842769316852,-122640.95785832327,-163024.1118030934,9606.196586584054,-69096.93552875673,-105112.71838239708,0,1,Not viable under any scenario,1.0,7743.0,42500.0,0.0,21.0,1.0,0.0,42500.0,True
501031018,Donnybrook - Balingup,Western Australia,31.0,40640.71233859331,-31403.202905977443,-74562.22798989138,43946.422937543095,-13311.207374128997,-47370.85192898272,1,1,Mixed — sensitive to cost assumptions,0.0,6680.0,18848.0,0.657,,3.0,2.0,56544.0,True
501031020,Pemberton,Western Australia,25.0,17440.818231073583,-4005.3048953484795,-22152.936274844615,35858.279991142466,-4537.059734230075,-31135.0237783553,1,1,Mixed — sensitive to cost assumptions,0.0,11150.0,18848.0,0.657,,2.0,1.0,37696.0,True
502011021,Dawesville - Bouvard,Western Australia,52.0,122904.92495216444,-13387.741728342116,-92093.96625913528,82012.12043253629,-15576.019825497355,-71662.15225126223,1,1,Mixed — sensitive to cost assumptions,0.0,8374.0,18848.0,0.657,,4.0,3.0,75392.0,True
502011026,Mandurah - East,Western Australia,7.0,54791.869605044936,19943.705308007084,11483.879516426468,21965.258082343316,20973.18325623161,19749.22455577542,3,3,Robust — viable even without subsidy,4.0,2283.0,42500.0,0.0,1.75,0.0,0.0,0.0,False
502011027,Mandurah - North,Western Australia,40.0,63709.27975920736,-29138.29011157438,-81106.71948637388,64147.76817508045,-12545.716229665399,-55815.60228278396,1,1,Mixed — sensitive to cost assumptions,0.0,6461.0,18848.0,0.657,,3.0,2.0,56544.0,True
502011028,Mandurah - South,Western Australia,419.0,-29463.201127552777,-1583421.1510291342,-2356742.088406778,215812.5625191026,-1048820.2330023693,-1689876.7861577237,0,1,Not viable under any scenario,8.0,64408.0,33500.0,0.25,52.375,20.0,9.0,670000.0,True
502011029,Pinjarra,Western Australia,60.0,-187951.0823972183,-582079.0139555577,-784983.3416743762,-53227.131714099385,-283563.1276055932,-402873.0206261802,0,0,Not viable under any scenario,1.0,13543.0,42500.0,0.0,60.0,3.0,2.0,127500.0,True
503011030,City Beach,Western Australia,205.0,269287.7810024825,209176.67696222433,176954.26678505563,694650.568142123,521013.8953088707,421846.0552922442,3,3,Robust — viable even without subsidy,2.0,5860.0,6500.0,1.0,102.5,12.0,7.0,78000.0,True
503011031,Claremont (WA),Western Australia,457.0,606013.03872431,474807.0369157734,404557.3430776585,1559793.0977216044,1167505.7720841877,947651.7215194562,3,3,Robust — viable even without subsidy,5.0,14359.0,6500.0,1.0,91.4,26.0,14.0,169000.0,True
503011032,Cottesloe,Western Australia,266.0,194861.98697615654,29758.57752789114,-65791.35429149776,475008.46076231403,-25556.26109502747,-301020.1884532034,2,1,Mixed — sensitive to cost assumptions,0.0,8145.0,18848.0,0.657,,18.0,11.0,339264.0,True
503011034,Mosman Park - Peppermint Grove,Western Australia,188.0,152441.19362188692,26211.65234048834,-47275.560412540144,332710.81937317783,-16140.091814027255,-210768.42178719665,2,1,Mixed — sensitive to cost assumptions,0.0,7052.0,18848.0,0.657,,13.0,8.0,245024.0,True
503011035,Nedlands - Dalkeith - Crawley,Western Australia,552.0,-71262.02167385299,-746214.1370070905,-1127934.960043713,-638681.5987163463,-2677441.846675461,-3800237.7670599744,0,0,Not viable under any scenario,1.0,13579.0,42500.0,0.0,552.0,36.0,22.0,1530000.0,True
503021037,Kings Park (WA),Western Australia,232.0,259102.05877137426,-81068.45257272907,-205320.35311795652,6159.131142221566,-859140.3826390113,-1268768.3520550565,1,1,Mixed — sensitive to cost assumptions,8.0,9680.0,42500.0,0.0,29.0,8.0,2.0,340000.0,True
503021038,Mount Hawthorn - Leederville,Western Australia,192.0,162861.4852653554,20758.39814837459,-60490.20136478507,332099.97221471695,-15551.385123182336,-213935.04916811615,2,1,Mixed — sensitive to cost assumptions,0.0,7487.0,18848.0,0.657,,13.0,8.0,245024.0,True
503021039,Mount Lawley - Inglewood,Western Australia,493.0,-63930.96877879754,-826463.3050691596,-1254686.6187729354,-540787.3506754283,-2346817.8784548445,-3339425.4826389784,0,0,Not viable under any scenario,2.0,20496.0,42500.0,0.0,246.5,31.0,18.0,1317500.0,True
503021040,North Perth,Western Australia,149.0,259962.4363432983,201920.18801153282,170480.90157776105,507674.7363987188,378900.58803389844,307124.05628908664,3,3,Robust — viable even without subsidy,2.0,6683.0,6500.0,1.0,74.5,8.0,4.0,52000.0,True
503021042,Subiaco - Shenton Park,Western Australia,404.0,485436.6639078969,267230.10592723184,164789.20882205007,1005373.5808763981,372729.8106767725,41697.10440313368,3,3,Robust — viable even without subsidy,8.0,13980.0,15500.0,0.75,50.5,19.0,9.0,294500.0,True
503021043,Wembley - West Leederville - Glendalough,Western Australia,654.0,918857.478628997,716302.3499699314,604188.6519798075,2221739.583888446,1658019.1532170007,1340500.9901580869,3,3,Robust — viable even without subsidy,5.0,24098.0,6500.0,1.0,130.8,39.0,22.0,253500.0,True
503021295,East Perth,Western Australia,204.0,487494.0932617106,378311.7494942297,318672.63941236,703196.9122261492,528799.9115833641,432606.0746437607,3,3,Robust — viable even without subsidy,4.0,12771.0,6500.0,1.0,51.0,10.0,5.0,65000.0,True
503021296,Perth (North) - Highgate,Western Australia,63.0,152013.63324900993,145839.66786808218,138197.4701181613,249058.9743701617,161487.40209540844,132762.76009083883,3,3,Robust — viable even without subsidy,8.0,3581.0,13699.999999999998,0.8,7.875,0.0,0.0,0.0,False
503021297,Perth (West) - Northbridge,Western Australia,339.0,993775.9297736424,704506.2899529558,594985.552899392,1195097.8066136772,780731.8609380067,603982.2220228477,3,3,Robust — viable even without subsidy,25.0,24191.0,11000.0,0.875,13.56,0.0,0.0,0.0,False
504011044,Bassendean - Eden Hill - Ashfield,Western Australia,199.0,370665.1325668157,12430.156467666733,-189943.89988264593,344723.57587270346,-21619.427146339614,-228180.57223886903,2,1,Mixed — sensitive to cost assumptions,0.0,19950.0,18848.0,0.657,,14.0,8.0,263872.0,True
504011045,Bayswater - Embleton - Bedford,Western Australia,234.0,309924.63740832,44120.136676612296,-107538.38796406116,408042.4279249221,-17926.55147029509,-259500.5924830094,2,1,Mixed — sensitive to cost assumptions,0.0,14114.0,18848.0,0.657,,16.0,10.0,301568.0,True
504011046,Maylands,Western Australia,173.0,241139.91772957653,35644.05818157435,-82823.7606720853,301514.5730387578,-23001.896532118582,-203282.89950719377,2,1,Mixed — sensitive to cost assumptions,0.0,11542.0,18848.0,0.657,,12.0,7.0,226176.0,True
504011047,Morley,Western Australia,277.0,934803.7537566638,707677.8443647309,577674.0122694052,937624.6837890102,701211.3785408583,566488.6740040785,3,3,Robust — viable even without subsidy,2.0,28493.0,6500.0,1.0,138.5,17.0,10.0,110500.0,True
504021049,Chidlow,Western Australia,7.0,-3598.28353387669,-7045.723489600985,-15860.321016324024,11124.476573113301,-7736.550380623102,-16470.16619622239,0,1,Not viable under any scenario,0.0,882.0,18848.0,0.657,,1.0,1.0,18848.0,True
504021050,Glen Forrest - Darlington,Western Australia,147.0,138820.66453251083,16472.144690184396,-54760.157093094735,259890.60904486335,-11058.81985017279,-163212.57339242878,2,1,Mixed — sensitive to cost assumptions,0.0,6745.0,18848.0,0.657,,10.0,6.0,188480.0,True
504021052,Malmalling - Reservoir,Western Australia,305.0,455570.9397675167,62880.375303150155,-163495.38692712248,537441.6146211126,-24507.144741054304,-339792.49155385804,2,1,Mixed — sensitive to cost assumptions,0.0,23978.0,18848.0,0.657,,21.0,13.0,395808.0,True
504021053,Mundaring,Western Australia,99.0,324910.39550349995,250209.56419537734,212438.04546385922,350396.61949684826,267758.4321303042,223724.88043209608,3,3,Robust — viable even without subsidy,4.0,8984.0,6500.0,1.0,24.75,3.0,0.0,19500.0,True
504031056,Ballajura,Western Australia,94.0,181585.08932594984,-58083.537620670395,-190622.6091113995,159276.29545317215,-16406.271026808514,-115205.29272481948,1,1,Mixed — sensitive to cost assumptions,0.0,14559.0,18848.0,0.657,,7.0,4.0,131936.0,True
504031057,Beechboro,Western Australia,103.0,199974.7206221969,-11680.1206705152,-129500.69518351331,176559.35103488865,-15640.779882345043,-123650.04307862083,1,1,Mixed — sensitive to cost assumptions,0.0,12220.0,18848.0,0.657,,7.0,5.0,131936.0,True
504031060,Gidgegannup,Western Australia,66.0,106644.95922773663,-10205.310683245778,-79269.09364114475,107356.77100902618,-9618.331698084643,-78690.87217312318,1,1,Mixed — sensitive to cost assumptions,0.0,7621.0,18848.0,0.657,,5.0,3.0,94240.0,True
504031062,Lockridge - Kiara,Western Australia,376.0,-186855.58375084464,-1293179.1118793928,-1904823.9720957954,-388596.3828073678,-1794523.3734264132,-2550651.497628078,0,0,Not viable under any scenario,2.0,30761.0,42500.0,0.0,188.0,24.0,14.0,1020000.0,True
504031063,Malaga,Western Australia,96.0,123793.87752041561,4284.486253900694,-64022.18154497646,163935.74737690215,-9449.144647523579,-109202.27972373438,2,1,Mixed — sensitive to cost assumptions,0.0,6529.0,18848.0,0.657,,7.0,4.0,131936.0,True
504031064,Melaleuca - Lexia,Western Australia,0.0,0.0,0.0,0.0,0.0,0.0,0.0,0,0,Not viable under any scenario,0.0,38.0,18848.0,0.657,,0.0,0.0,0.0,False
504031065,Middle Swan - Herne Hill,Western Australia,299.0,-318237.7621369488,-1570824.2084188017,-2239862.8765422134,-260443.3629939078,-1357882.0005095683,-1945487.08389115,0,0,Not viable under any scenario,3.0,38687.0,42500.0,0.0,99.66666666666667,17.0,9.0,722500.0,True
504031068,The Vines,Western Australia,387.0,779064.4329848473,184105.0884607446,-133859.75858578976,800577.0942341187,109227.76140530832,-259961.26529417335,2,2,Mixed — sensitive to cost assumptions,6.0,36731.0,18500.0,0.6666666666666666,64.5,20.0,10.0,370000.0,True
505011072,Duncraig,Western Australia,195.0,279814.5574204799,45872.46346010876,-93191.65084352165,345431.8662916811,-22446.16520779702,-225400.0399458409,2,1,Mixed — sensitive to cost assumptions,0.0,12395.0,18848.0,0.657,,13.0,8.0,245024.0,True
505011073,Greenwood - Warwick,Western Australia,113.0,-32777.490822191394,-433829.2777108388,-641650.8605969537,-90154.62006457616,-484488.60917219706,-699746.270148376,0,0,Not viable under any scenario,2.0,10986.0,42500.0,0.0,56.5,6.0,3.0,255000.0,True
505011074,Heathridge - Connolly,Western Australia,405.0,364862.01581337885,-548066.8204867456,-1031652.4615184013,291322.01505177503,-838386.839509419,-1421725.2703513298,1,1,Mixed — sensitive to cost assumptions,6.0,35738.0,30500.000000000004,0.3333333333333333,67.5,21.0,11.0,640500.0000000001,True
505011076,Iluka - Burns Beach,Western Australia,267.0,410788.1601175491,60099.86638703552,-142930.70542871515,477953.2983697621,-22735.717319337535,-298846.0285695711,2,1,Mixed — sensitive to cost assumptions,0.0,19008.0,18848.0,0.657,,18.0,11.0,339264.0,True
505011081,Padbury,Western Australia,332.0,541641.166256921,69921.48764362317,-201197.82925905468,583686.9510817709,-21972.63993705125,-364740.64752737025,2,1,Mixed — sensitive to cost assumptions,0.0,25925.0,18848.0,0.657,,23.0,14.0,433504.0,True
505011083,Woodvale,Western Australia,225.0,372293.48764912994,42321.728529566666,-152653.57011133127,389351.7412775969,-20360.550972224417,-253280.48525467768,2,1,Mixed — sensitive to cost assumptions,0.0,18198.0,18848.0,0.657,,15.0,9.0,282720.0,True
505021084,Balcatta - Hamersley,Western Australia,44.0,77771.96109845629,-1251.2016908326332,-46721.88375110991,64847.108821711656,-13520.967194271005,-61043.24201382857,1,1,Mixed — sensitive to cost assumptions,0.0,4200.0,18848.0,0.657,,3.0,2.0,56544.0,True
505021085,Balga - Mirrabooka,Western Australia,243.0,494893.52627793956,-11675.97260543963,-295403.0406517192,428054.83388267807,-17161.06032583161,-267945.3428368106,1,1,Mixed — sensitive to cost assumptions,0.0,30086.0,18848.0,0.657,,17.0,10.0,320416.0,True
505021088,Innaloo - Doubleview,Western Australia,716.0,887854.8375883545,268972.5213216587,-28571.771053889912,1350813.3045153772,-85856.57803125284,-828157.531664374,2,1,Mixed — sensitive to cost assumptions,13.0,31900.0,20900.0,0.6,55.07692307692308,35.0,16.0,731500.0,True
505021089,Karrinyup - Gwelup - Carine,Western Australia,395.0,420219.5981346127,82239.16584726618,-113081.49989754803,694599.4068567061,-23265.7145636676,-430127.98088519054,2,1,Mixed — sensitive to cost assumptions,0.0,18278.0,18848.0,0.657,,27.0,16.0,508896.0,True
505021091,Osborne Park Industrial,Western Australia,424.0,553670.4418013891,38748.181990446974,-146509.87625038042,426627.0946868451,-845878.2379860231,-1446464.8538065162,2,1,Mixed — sensitive to cost assumptions,15.0,17492.0,33500.0,0.25,28.266666666666666,14.0,2.0,469000.0,True
505021092,Scarborough,Western Australia,350.0,726996.3221855669,563367.7608266608,467262.3188306809,1179774.1565900526,877867.4653150396,705617.977824474,3,3,Robust — viable even without subsidy,1.0,18695.0,6500.0,1.0,350.0,23.0,13.0,149500.0,True
505021093,Stirling - Osborne Park,Western Australia,319.0,755130.1533423951,577524.0585363051,475116.91780864436,1073690.248994809,799837.8294946314,642943.6552435191,3,3,Robust — viable even without subsidy,1.0,20536.0,6500.0,1.0,319.0,21.0,12.0,136500.0,True
505021094,Trigg - North Beach - Watermans Bay,Western Australia,53.0,50917.88823609147,8191.478197607648,-16578.789700157107,86456.08512485764,-12755.476049807432,-69487.99236762986,2,1,Mixed — sensitive to cost assumptions,0.0,2434.0,18848.0,0.657,,4.0,3.0,75392.0,True
505021097,Yokine - Coolbinia - Menora,Western Australia,237.0,387830.32783613645,43373.76305386875,-151785.41344046296,419966.69093627745,-24821.331554910023,-270965.5832607342,2,1,Mixed — sensitive to cost assumptions,0.0,19040.0,18848.0,0.657,,16.0,10.0,301568.0,True
505021301,Dianella - North,Western Australia,265.0,411252.671280861,59101.33394829297,-148102.69094882993,470564.4960699928,-16605.329001509905,-290062.48327545763,2,1,Mixed — sensitive to cost assumptions,0.0,19384.0,18848.0,0.657,,18.0,11.0,339264.0,True
505031099,Butler - Merriwa - Ridgewood,Western Australia,125.0,233700.1226966516,-70690.40595914386,-231136.47018646268,197167.6637439899,-90567.8815222344,-235363.5002119794,1,1,Mixed — sensitive to cost assumptions,3.0,12811.0,24500.0,0.5,41.666666666666664,6.0,2.0,147000.0,True
505031100,Carramar,Western Australia,111.0,507578.8926233203,385989.47202389693,322741.89492769365,400807.866725764,301985.07724492106,253086.32637795547,3,3,Robust — viable even without subsidy,5.0,14583.0,6500.0,1.0,22.2,3.0,0.0,19500.0,True
505031101,Clarkson,Western Australia,271.0,537189.538576263,5060.728991413693,-295291.47040378524,477245.00795078464,-25379.476641408924,-306298.31142608525,2,1,Mixed — sensitive to cost assumptions,0.0,31449.0,18848.0,0.657,,19.0,11.0,358112.0,True
505031104,Marangaroo,Western Australia,119.0,329465.6725828826,-50753.79302409585,-267925.71943049104,209292.80391114808,-19274.822403572733,-144115.6733777052,1,1,Mixed — sensitive to cost assumptions,0.0,23662.0,18848.0,0.657,,8.0,5.0,150784.0,True
505031107,Tapping - Ashby - Sinagra,Western Australia,33.0,46140.109460195716,5308.472387478705,-18699.35386927124,51426.721256577104,-4809.1658490423215,-39345.43608656159,2,1,Mixed — sensitive to cost assumptions,0.0,2408.0,18848.0,0.657,,3.0,2.0,56544.0,True
505031255,Alkimos - Eglinton,Western Australia,143.0,539172.2915859988,423087.44533294404,368613.93303984444,535718.801575498,415313.4018662816,357876.6626652451,3,3,Robust — viable even without subsidy,10.0,12817.0,6500.0,1.0,14.3,0.0,0.0,0.0,False
505031256,Carabooda - Pinjar,Western Australia,84.0,357157.33454621735,286015.6069065051,256384.77016597224,342269.6113033567,273654.23808597366,246696.2134180244,3,3,Robust — viable even without subsidy,11.0,10918.0,6500.0,1.0,7.636363636363637,0.0,0.0,0.0,False
505031257,Two Rocks,Western Australia,29.0,53380.53639384817,-4531.909127294519,-39709.276688750775,36380.21286333108,-7180.8190563015305,-38587.306634869514,1,1,Mixed — sensitive to cost assumptions,0.0,3750.0,18848.0,0.657,,2.0,2.0,37696.0,True
505031303,Hocking - Pearsall,Western Australia,784.0,2066178.9709706642,1580463.6581761937,1307344.074671998,2667464.4830547506,1992389.1817135578,1612364.0710731684,3,3,Robust — viable even without subsidy,6.0,63762.0,6500.0,1.0,130.66666666666666,47.0,26.0,305500.0,True
506011110,Armadale - Wungong - Brookdale,Western Australia,683.0,1059144.7450625827,-65856.93353159248,-604611.6284282617,1136833.933955816,-415851.46863752016,-1190961.0679530222,1,1,Mixed — sensitive to cost assumptions,18.0,57454.0,24500.0,0.5,37.94444444444444,28.0,10.0,686000.0,True
506011111,Ashendon - Lesley,Western Australia,172.0,637161.9636491579,479305.25946331647,390330.05079136405,585608.127066104,438396.0003859671,355467.8206161281,3,3,Robust — viable even without subsidy,2.0,21014.0,6500.0,1.0,86.0,10.0,5.0,65000.0,True
506021118,Belmont - Ascot - Redcliffe,Western Australia,180.0,-80754.66217752406,-693554.1387856232,-1024446.4592582475,-149228.08652527584,-821424.03293682,-1176031.7153237225,0,0,Not viable under any scenario,2.0,16940.0,42500.0,0.0,90.0,10.0,6.0,425000.0,True
506021119,East Victoria Park - Carlisle,Western Australia,227.0,293190.0352117657,44795.730950099474,-98414.18333322993,395321.3810064187,-14833.901579793077,-249116.02029117086,2,1,Mixed — sensitive to cost assumptions,0.0,13256.0,18848.0,0.657,,16.0,10.0,301568.0,True
506021121,Perth Airport,Western Australia,306.0,417509.89915781526,-261576.25028512633,-618647.7283593396,411240.163511685,-288929.51968384243,-659270.923395828,1,1,Mixed — sensitive to cost assumptions,4.0,31689.0,24500.0,0.5,76.5,17.0,9.0,416500.0,True
506021123,Victoria Park - Lathlain - Burswood,Western Australia,299.0,-30040.86069348277,-615368.6555324388,-933893.4209039373,-300349.46628029284,-1397233.85236142,-1993782.5384366047,0,0,Not viable under any scenario,2.0,15616.0,42500.0,0.0,149.5,18.0,10.0,765000.0,True
506021311,Rivervale,Western Australia,108.0,165263.2603396217,8335.094300213917,-82162.17322463072,183121.81894478877,-10563.021058344093,-122417.86745043824,2,1,Mixed — sensitive to cost assumptions,0.0,8747.0,18848.0,0.657,,8.0,5.0,150784.0,True
506031124,Bentley - Wilson - St James,Western Australia,168.0,468282.56169788464,360264.86636229494,299957.2515538555,580804.8263979311,435624.94489322347,356274.6489271876,3,3,Robust — viable even without subsidy,3.0,12936.0,6500.0,1.0,56.0,9.0,4.0,58500.0,True
506031125,Canning Vale - West,Western Australia,776.0,757055.4975592146,-227664.27086397592,-776677.8622299768,917908.618667192,-843741.4917840414,-1808759.7545308378,1,1,Mixed — sensitive to cost assumptions,4.0,44726.0,24500.0,0.5,194.0,48.0,28.0,1176000.0,True
506031128,Parkwood - Ferndale - Lynwood,Western Australia,105.0,423902.7768565463,325166.94788320805,268251.57844409527,362499.517674196,271436.0176921049,221708.77677867765,3,3,Robust — viable even without subsidy,2.0,11808.0,6500.0,1.0,52.5,5.0,3.0,32500.0,True
506031129,Riverton - Shelley - Rossmoyne,Western Australia,331.0,65021.96973423245,-450009.9988312698,-718477.9127108804,-269842.7903662132,-1486017.721808221,-2131212.340490586,1,0,Mixed — sensitive to cost assumptions,4.0,14477.0,42500.0,0.0,82.75,19.0,10.0,807500.0,True
506031130,Welshpool,Western Australia,55.0,137806.505571172,89035.17328532408,62159.85172398803,189418.88944245392,137440.19469386715,110764.01753505794,3,3,Robust — viable even without subsidy,1.0,11001.0,6500.0,1.0,55.0,3.0,2.0,19500.0,True
506041132,Beckenham - Kenwick - Langford,Western Australia,397.0,917805.9710605608,236642.78491386125,-107138.2922179932,898161.5146451043,162459.82932992675,-203495.38098306186,2,2,Mixed — sensitive to cost assumptions,11.0,41488.0,18848.0,0.657,36.09090909090909,16.0,5.0,301568.0,True
506041134,Gosnells,Western Australia,296.0,335731.86656887253,-356992.86232393887,-730768.9707608148,345750.8340432249,-327499.1801303165,-695981.899944802,1,1,Mixed — sensitive to cost assumptions,2.0,35361.0,24500.0,0.5,148.0,18.0,10.0,441000.0,True
506041136,Maddington - Orange Grove - Martin,Western Australia,86.0,217451.9049033135,-27860.52273528569,-166514.25449081342,140612.15675747427,-16134.164911996246,-106994.88041661317,1,1,Mixed — sensitive to cost assumptions,0.0,14884.0,18848.0,0.657,,6.0,4.0,113088.0,True
506041137,Thornlie,Western Australia,104.0,357194.29417581577,16584.86759305076,-158278.1666677015,251793.92605584854,56872.73314180404,-35987.01072601891,2,2,Mixed — sensitive to cost assumptions,4.0,18204.0,18848.0,0.657,26.0,3.0,1.0,56544.0,True
506051138,Forrestfield - Wattle Grove,Western Australia,74.0,-81583.0689641187,-500513.6349583979,-707038.047264531,-29765.115274773954,-299321.5237276637,-435313.9199197929,0,0,Not viable under any scenario,2.0,12137.0,42500.0,0.0,37.0,3.0,1.0,127500.0,True
506051139,High Wycombe,Western Australia,94.0,217134.47241731692,-33088.80251994109,-176512.0469913257,159276.29545317215,-16406.271026808514,-115205.29272481948,1,1,Mixed — sensitive to cost assumptions,0.0,14688.0,18848.0,0.657,,7.0,4.0,131936.0,True
506061143,Mundijong,Western Australia,144.0,797362.5182565249,598984.1504478354,493390.83147574356,521852.90711288975,395755.6800883652,333172.29959652084,3,3,Robust — viable even without subsidy,7.0,25317.0,6500.0,1.0,20.571428571428573,3.0,0.0,19500.0,True
506061144,Serpentine - Jarrahdale,Western Australia,32.0,124995.88332645578,91396.53660031385,72161.7876945812,108978.15095001087,82742.89388088668,67806.74568555478,3,3,Robust — viable even without subsidy,1.0,5285.0,6500.0,1.0,32.0,2.0,1.0,13000.0,True
506071146,Manning - Waterford,Western Australia,451.0,425266.75179407327,85433.71871460306,-114363.15129989885,795709.1053689583,-21599.619968379207,-485353.2063637191,2,1,Mixed — sensitive to cost assumptions,0.0,19033.0,18848.0,0.657,,31.0,19.0,584288.0,True
506071147,South Perth - Kensington,Western Australia,313.0,622734.7684871228,489447.35001070105,420115.5371900825,1090410.2539014176,818460.4193050731,672365.5542661061,3,3,Robust — viable even without subsidy,7.0,14776.0,6500.0,1.0,44.714285714285715,14.0,6.0,91000.0,True
507011153,Coolbellup,Western Australia,599.0,731410.7512401956,-423422.42069030093,-1000080.7249256447,698807.9390275441,-847904.3997389276,-1628139.1271838644,1,1,Mixed — sensitive to cost assumptions,13.0,50752.0,28100.0,0.4,46.07692307692308,27.0,11.0,758700.0,True
507011161,Success - Hammond Park,Western Australia,838.0,1227193.8028091106,292948.966314995,-222636.21579499677,1617376.9181110822,105746.5045150363,-723447.6583503073,2,2,Mixed — sensitive to cost assumptions,5.0,55443.0,18500.0,0.6666666666666666,167.6,51.0,29.0,943500.0,True
507011259,Beeliar - Wattleup,Western Australia,129.0,216179.71936305746,16646.44398350337,-98076.03976380159,219590.94609439193,-14258.310496565842,-148547.7158102959,2,1,Mixed — sensitive to cost assumptions,0.0,10790.0,18848.0,0.657,,9.0,6.0,169632.0,True
507021164,East Fremantle,Western Australia,152.0,245755.53917944236,188444.88989997632,159383.7422307219,520222.8944692883,386036.7155264254,312807.5160022003,3,3,Robust — viable even without subsidy,2.0,6102.0,6500.0,1.0,76.0,9.0,5.0,58500.0,True
507021165,Fremantle,Western Australia,260.0,483732.51773344027,376769.64640582027,321790.64228101645,902157.592605425,676244.3140246789,553940.7801808733,3,3,Robust — viable even without subsidy,5.0,12232.0,6500.0,1.0,52.0,13.0,6.0,84500.0,True
507021166,Fremantle - South,Western Australia,203.0,376443.6873443435,295735.01037047623,254819.23663932536,710737.7961696994,530567.4093393392,435979.7303589138,3,3,Robust — viable even without subsidy,5.0,9422.0,6500.0,1.0,40.6,9.0,4.0,58500.0,True
507031169,Wellard (West) - Bertram,Western Australia,148.0,264560.0926126642,19848.49589240484,-122465.46125140486,250176.34527035116,-20009.751943690222,-174170.27857017447,2,1,Mixed — sensitive to cost assumptions,0.0,13369.0,18848.0,0.657,,10.0,6.0,188480.0,True
507031172,Hope Valley - Postans,Western Australia,184.0,-231995.2947413969,-1057268.3286155525,-1509457.119421798,-213550.05801973704,-881895.432862458,-1253766.2295851954,0,0,Not viable under any scenario,1.0,23656.0,42500.0,0.0,184.0,12.0,7.0,510000.0,True
507041175,Applecross - Ardross,Western Australia,577.0,752476.5282585847,583301.9446603145,491127.57350156154,1957260.687270696,1462802.4985502816,1182386.1010654764,3,3,Robust — viable even without subsidy,4.0,18116.0,6500.0,1.0,144.25,35.0,20.0,227500.0,True
507041177,Bicton - Palmyra,Western Australia,152.0,231591.49549849122,27965.472499055148,-89621.03818045222,266544.5729740279,-20851.52223969852,-179175.45398867212,2,1,Mixed — sensitive to cost assumptions,0.0,11022.0,18848.0,0.657,,11.0,7.0,207328.0,True
507041178,Booragoon,Western Australia,212.0,327107.4289573032,125071.40852261426,31638.913139316057,461981.00663221,79084.01546071371,-118329.29994347514,3,2,Mixed — sensitive to cost assumptions,5.0,10131.0,18500.0,0.6666666666666666,42.4,10.0,4.0,185000.0,True
507041180,Leeming,Western Australia,305.0,344070.5895541976,56482.62400055969,-106616.28701467249,537441.6146211126,-24507.144741054304,-339792.49155385804,2,1,Mixed — sensitive to cost assumptions,0.0,14479.0,18848.0,0.657,,21.0,13.0,395808.0,True
507041181,Melville,Western Australia,300.0,623115.4556586563,483311.461580314,404903.57650682074,1022496.0396881818,761927.1978723573,616832.3094899452,3,3,Robust — viable even without subsidy,3.0,15403.0,6500.0,1.0,100.0,17.0,9.0,110500.0,True
507041182,Murdoch - Kardinya,Western Australia,252.0,256232.5756720496,70682.42016970349,-27689.28202867422,483651.4842845346,18508.134522335575,-233553.72955424836,2,2,Mixed — sensitive to cost assumptions,2.0,9943.0,18848.0,0.657,126.0,15.0,9.0,282720.0,True
507051187,Port Kennedy,Western Australia,64.0,140708.13708139732,-30534.308668946047,-129910.37634041389,99790.56093481419,-16689.896236317916,-84877.73997796616,1,1,Mixed — sensitive to cost assumptions,0.0,10343.0,18848.0,0.657,,5.0,3.0,94240.0,True
507051188,Rockingham,Western Australia,99.0,-93246.73451302736,-807870.9363890921,-1145000.481214025,46007.77664163836,-307898.5943944338,-469233.0568051764,0,1,Not viable under any scenario,5.0,20848.0,42500.0,0.0,19.8,2.0,0.0,85000.0,True
507051191,Singleton - Golden Bay - Secret Harbour,Western Australia,161.0,592845.398069456,445837.10926901945,361499.1246251187,544990.4778858285,401848.3657929739,322592.93093765515,3,3,Robust — viable even without subsidy,1.0,17617.0,6500.0,1.0,161.0,10.0,6.0,65000.0,True
507051192,Waikiki,Western Australia,145.0,880865.6101044412,648445.5559925225,514145.40083575994,489677.15349535196,363137.42005830194,291986.6697241133,3,3,Robust — viable even without subsidy,1.0,27814.0,6500.0,1.0,145.0,9.0,5.0,58500.0,True
507051312,Baldivis - North,Western Australia,290.0,272719.4865880017,-944266.6346224142,-1493815.5966743454,185766.31345276607,-883599.3435058836,-1354481.1765125557,1,1,Mixed — sensitive to cost assumptions,14.0,30559.0,42500.0,0.0,20.714285714285715,6.0,0.0,255000.0,True
507051314,Karnup,Western Australia,12.0,5077.714788948231,-15409.26277869109,-31313.404822074997,14957.59410697392,-6129.288940151189,-19909.741131525992,1,1,Mixed — sensitive to cost assumptions,0.0,1867.0,18848.0,0.657,,1.0,1.0,18848.0,True
509011226,Albany Surrounds,Western Australia,5.0,4675.899001169848,4475.902101811656,4228.8846390273875,17648.576079653685,16863.122771930823,15893.674159703569,3,3,Robust — viable even without subsidy,2.0,1967.0,6500.0,1.0,2.5,0.0,0.0,0.0,False
509011228,Denmark,Western Australia,57.0,63384.002419244076,-13092.605921133938,-59387.00908407895,87069.51401631089,-11928.737988349909,-72268.52466065789,1,1,Mixed — sensitive to cost assumptions,0.0,6283.0,18848.0,0.657,,4.0,3.0,75392.0,True
509011229,Gnowangerup,Western Australia,3.0,-14447.294114356213,-14341.68917186515,-18481.188443412335,-6651.382196172109,-6894.780084614769,-11464.990777724748,0,0,Not viable under any scenario,0.0,2702.0,18848.0,0.657,,1.0,1.0,18848.0,True
509011230,Katanning,Western Australia,3.0,-13280.883840887833,-13237.06705674516,-17452.201352366643,-6651.382196172109,-6894.780084614769,-11464.990777724748,0,0,Not viable under any scenario,0.0,4172.0,18848.0,0.657,,1.0,1.0,18848.0,True
509011231,Kojonup,Western Australia,6.0,-6674.021177651492,-6412.292319547404,-6088.003551669966,10664.422317092347,10134.190932509428,9481.718465040907,0,3,Robust — viable even without subsidy,7.0,5140.0,42500.0,0.0,0.8571428571428571,0.0,0.0,0.0,False
509011233,McKail - Willyung,Western Australia,123.0,118896.72344792477,-16438.08570924603,-96307.7929351572,212910.43421359995,-20116.59269958113,-149120.84879620286,1,1,Mixed — sensitive to cost assumptions,0.0,35610.0,18848.0,0.657,,9.0,5.0,169632.0,True
509011234,Plantagenet,Western Australia,14.0,15431.941427663258,-20426.895065944747,-39697.88936423865,23845.523491616623,-12259.677257978658,-28693.286425639242,1,1,Mixed — sensitive to cost assumptions,0.0,5945.0,18848.0,0.657,,1.0,1.0,18848.0,True
509021236,Chittering,Western Australia,78.0,341762.1438411476,268646.8471117695,238166.5746875213,316341.72550285084,256165.71678530448,231799.93062242982,3,3,Robust — viable even without subsidy,11.0,13236.0,6500.0,1.0,7.090909090909091,0.0,0.0,0.0,False
509021237,Cunderdin,Western Australia,9.0,13010.713819343575,12471.70915178417,11805.327504951845,35424.43484893909,28310.924601520623,25677.857391571328,3,3,Robust — viable even without subsidy,2.0,4312.0,6500.0,1.0,4.5,0.0,0.0,0.0,False
509021238,Dowerin,Western Australia,14.0,24849.581672172768,23703.479404389473,22291.27928420189,46216.13985566316,44142.35703285617,41583.381834725486,3,3,Robust — viable even without subsidy,7.0,4431.0,6500.0,1.0,2.0,0.0,0.0,0.0,False
509021239,Gingin - Dandaragan,Western Australia,31.0,60831.283430159565,58067.357461442865,54658.416774810445,101192.9264063373,96645.79531255647,91035.0219867334,3,3,Robust — viable even without subsidy,16.0,11090.0,18500.0,0.6666666666666666,1.9375,0.0,0.0,0.0,False
509021240,Merredin,Western Australia,14.0,-9767.943315743523,-9393.777240315236,-8929.922819479541,27931.15032785086,26574.43286971259,24903.920049328317,0,3,Robust — viable even without subsidy,15.0,4788.0,18500.0,0.6666666666666666,0.9333333333333333,0.0,0.0,0.0,False
509021241,Moora,Western Australia,7.0,654.5007151094889,619.9395326766003,577.3703981968443,19679.634391366777,18777.19273583866,17664.291832600775,3,3,Robust — viable even without subsidy,5.0,5498.0,15500.0,0.75,1.4,0.0,0.0,0.0,False
509021242,Mukinbudin,Western Australia,0.0,-17183.655526802282,-16698.87608861079,-19978.252851581172,0.0,0.0,0.0,0,0,Not viable under any scenario,0.0,3533.0,18848.0,0.657,,0.0,0.0,0.0,False
509021243,Northam,Western Australia,43.0,168331.8755847807,64119.00804360916,22958.595662243628,153831.83580525767,87352.58225957917,63482.46864044318,3,3,Robust — viable even without subsidy,5.0,10936.0,15500.0,0.75,8.6,0.0,0.0,0.0,False
509021244,Toodyay,Western Australia,13.0,62080.12027443221,45482.23077200235,36709.64166630445,53200.293618224496,38813.743740094316,34309.03629561747,3,3,Robust — viable even without subsidy,2.0,4523.0,6500.0,1.0,6.5,0.0,0.0,0.0,False
509021245,York - Beverley,Western Australia,14.0,81576.27112176143,33227.78780990078,18919.42949748837,53073.010928592776,50730.328594034996,47838.18000424942,3,3,Robust — viable even without subsidy,4.0,6294.0,18500.0,0.6666666666666666,3.5,0.0,0.0,0.0,False
509031246,Brookton,Western Australia,3.0,2027.151710050232,1877.373980471125,1695.2503244313907,4189.399313057904,3969.1002060582405,3698.392870933132,3,3,Robust — viable even without subsidy,4.0,4268.0,15500.0,0.75,0.75,0.0,0.0,0.0,False
509031247,Kulin,Western Australia,9.0,8334.196316790656,7998.4676811969,7582.744348063655,33138.811157962555,31671.215301711243,29859.573121371206,3,3,Robust — viable even without subsidy,3.0,5647.0,6500.0,1.0,3.0,0.0,0.0,0.0,False
509031248,Murray,Western Australia,24.0,60041.412987951844,57522.66741641017,54407.9065637593,97512.65785180629,79605.99814977433,72430.63043416812,3,3,Robust — viable even without subsidy,4.0,4255.0,6500.0,1.0,6.0,0.0,0.0,0.0,False
509031250,Wagin,Western Australia,9.0,-6847.348049399684,-6673.3998903191705,-6453.067413428043,10282.574248197174,9711.310097781774,9010.245889624748,0,3,Robust — viable even without subsidy,13.0,9673.0,15500.0,0.75,0.6923076923076923,0.0,0.0,0.0,False
510011262,Broome,Western Australia,6.0,37031.846320320066,23098.96221363759,15832.0242656053,24378.164462951572,16050.70046177183,13691.506047856288,3,3,Robust — viable even without subsidy,1.0,3419.0,6500.0,1.0,6.0,0.0,0.0,0.0,False
510011263,Derby - West Kimberley,Western Australia,3.0,-4479.822434314015,-4304.141419970176,-4086.4681374223064,4189.399313057904,3969.1002060582405,3698.392870933132,0,3,Robust — viable even without subsidy,4.0,3188.0,18500.0,0.6666666666666666,0.75,0.0,0.0,0.0,False
510011264,Halls Creek,Western Australia,0.0,-13885.253033974646,-12947.414740370115,-14738.188524132102,0.0,0.0,0.0,0,0,Not viable under any scenario,0.0,732.0,18848.0,0.657,,0.0,0.0,0.0,False
510011265,Kununurra,Western Australia,12.0,15865.699239657934,-19920.776610371784,-42424.311056745995,14957.59410697392,-6129.288940151189,-19909.741131525992,1,1,Mixed — sensitive to cost assumptions,0.0,4862.0,18848.0,0.657,,1.0,1.0,18848.0,True
510011266,Roebuck,Western Australia,8.0,27629.035869977986,26195.124726224785,24434.80773171231,17266.72801075851,16440.241937203165,15422.201584287406,3,3,Robust — viable even without subsidy,8.0,9193.0,21928.57142857143,0.5714285714285714,1.0,0.0,0.0,0.0,False
510021267,East Pilbara,Western Australia,14.0,63140.381718603225,59958.617489123026,56052.66580151627,48501.7635466397,46338.347553249114,43668.31455790013,3,3,Robust — viable even without subsidy,6.0,15540.0,24500.0,0.5,2.3333333333333335,0.0,0.0,0.0,False
510031271,Ashburton (WA),Western Australia,0.0,5551.104112095552,5239.414144924069,4858.166791885798,-4571.247381953076,-4391.981040785893,-4169.865446349292,3,0,Subsidy-dependent — viable only with current incentives,2.0,4201.0,24500.0,0.5,0.0,0.0,0.0,0.0,False
510031273,Roebourne,Western Australia,40.0,87211.66230151014,83550.61585875494,79024.81387883339,159473.5981650418,118525.9064904484,104509.47797129703,3,3,Robust — viable even without subsidy,8.0,17474.0,20900.0,0.6,5.0,0.0,0.0,0.0,False
511011275,Esperance Surrounds,Western Australia,25.0,47298.62628395393,45076.72464181417,42340.85103476538,76814.76194338573,73335.66125768937,69043.70718264462,3,3,Robust — viable even without subsidy,15.0,16179.0,14500.0,0.7777777777777778,1.6666666666666667,0.0,0.0,0.0,False
511021277,Exmouth,Western Australia,3.0,-11360.279031792265,-11380.793641634165,-15676.589030803905,-6651.382196172109,-6894.780084614769,-11464.990777724748,0,0,Not viable under any scenario,0.0,7878.0,18848.0,0.657,,1.0,1.0,18848.0,True
511031280,Kalgoorlie - North,Western Australia,32.0,16065.40965564203,-169146.45830166712,-265388.5800150262,46982.756564255746,-9060.186611585672,-43358.14400777216,1,1,Mixed — sensitive to cost assumptions,0.0,19382.0,18848.0,0.657,,3.0,2.0,56544.0,True
511031282,Kambalda - Coolgardie - Norseman,Western Australia,3.0,-11336.693507243626,-10892.112981149014,-10341.266306946245,-2667.4717598717098,-2618.871355120599,-2556.4052985908065,0,0,Not viable under any scenario,7.0,3628.0,24500.0,0.5,0.42857142857142855,0.0,0.0,0.0,False
511031283,Leinster - Leonora,Western Australia,0.0,0.0,0.0,0.0,0.0,0.0,0.0,0,0,Not viable under any scenario,0.0,1281.0,18848.0,0.657,,0.0,0.0,0.0,False
511031284,Trafalgar (WA),Western Australia,4.0,-11603.589914795235,-40900.08144522784,-55639.16647521591,-2207.4175038507547,-2643.7593220714275,-7452.282856514177,0,0,Not viable under any scenario,0.0,6029.0,18848.0,0.657,,1.0,1.0,18848.0,True
511041287,Geraldton - North,Western Australia,42.0,84996.9801480594,-267135.6219536442,-446365.50372242316,73035.69755972314,-4043.674704578727,-47790.18644036284,1,1,Mixed — sensitive to cost assumptions,0.0,29325.0,18848.0,0.657,,3.0,2.0,56544.0,True
511041289,Irwin,Western Australia,4.0,-9593.184628546252,-24223.237435436713,-33602.583032703915,-2207.4175038507547,-2643.7593220714275,-7452.282856514177,0,0,Not viable under any scenario,0.0,3790.0,18848.0,0.657,,1.0,1.0,18848.0,True
511041290,Meekatharra,Western Australia,0.0,-16074.010392231108,-15660.360576593046,-19026.132094802266,0.0,0.0,0.0,0,0,Not viable under any scenario,0.0,2510.0,18848.0,0.657,,0.0,0.0,0.0,False
511041291,Morawa,Western Australia,6.0,-13530.892250581102,-13000.263880726245,-12342.801721193906,3807.5512441627325,3546.219371330587,3226.9202955169703,0,3,Robust — viable even without subsidy,10.0,4495.0,42500.0,0.0,0.6,0.0,0.0,0.0,False
511041292,Northampton - Mullewa - Greenough,Western Australia,19.0,25242.998656811713,-40969.819568835446,-73451.34323909816,27581.197764960496,-12197.33096330844,-34155.2642022788,1,1,Mixed — sensitive to cost assumptions,0.0,11495.0,18848.0,0.657,,2.0,1.0,37696.0,True
601011002,Brighton - Pontville,Tasmania,50.0,172915.0621425825,128776.15942803165,103700.45718437014,167934.96833426942,129197.71145914987,105558.26676608154,3,3,Robust — viable even without subsidy,1.0,5849.0,6500.0,1.0,50.0,3.0,1.0,19500.0,True
601021005,Cambridge,Tasmania,135.0,185252.7286750843,-9003.23385607003,-118476.39493079836,227868.028320574,-19799.992123548145,-160497.88848532853,1,1,Mixed — sensitive to cost assumptions,0.0,11375.0,18848.0,0.657,,9.0,6.0,169632.0,True
601021006,Geilston Bay - Risdon,Tasmania,95.0,169821.35264384863,6353.767802662558,-89522.78669489789,160990.90976945407,-13700.16541006686,-113214.98764494488,2,1,Mixed — sensitive to cost assumptions,0.0,8585.0,18848.0,0.657,,7.0,4.0,131936.0,True
601021007,Howrah - Tranmere,Tasmania,245.0,714072.5415486847,546481.0137873217,449071.8156981328,826973.8638607517,612912.2034393882,492415.2798655493,3,3,Robust — viable even without subsidy,1.0,18303.0,6500.0,1.0,245.0,16.0,9.0,104000.0,True
601021010,Risdon Vale,Tasmania,5.0,-4925.277016636559,-18484.04126530334,-24960.008071977194,2236.5471884705994,-14570.083548243949,-22270.938913173963,0,1,Not viable under any scenario,0.0,2066.0,18848.0,0.657,,1.0,1.0,18848.0,True
601021011,Rokeby,Tasmania,42.0,80828.29998482058,-16358.100376565286,-75371.90082644628,73035.69755972314,-4043.674704578727,-47790.18644036284,1,1,Mixed — sensitive to cost assumptions,0.0,5920.0,18848.0,0.657,,3.0,2.0,56544.0,True
601021012,South Arm,Tasmania,72.0,80974.28355289748,2966.640267443363,-42856.50967705883,115359.00220024883,-18506.917496931805,-95110.55512750839,2,1,Mixed — sensitive to cost assumptions,0.0,4418.0,18848.0,0.657,,5.0,3.0,94240.0,True
601031014,Berriedale - Chigwell,Tasmania,4.0,-7916.505224541916,-8131.133782524342,-12663.684174578237,-2207.4175038507547,-2643.7593220714275,-7452.282856514177,0,0,Not viable under any scenario,0.0,899.0,18848.0,0.657,,1.0,1.0,18848.0,True
601031015,Claremont (Tas.),Tasmania,91.0,186505.33882968506,-27262.344842711755,-150689.31220545043,160102.6298430416,-11056.406087995412,-105762.70478843071,1,1,Mixed — sensitive to cost assumptions,0.0,12246.0,18848.0,0.657,,7.0,4.0,131936.0,True
601031017,Glenorchy,Tasmania,102.0,220079.36866347215,-41919.53401746908,-183632.3269026582,173523.01740817603,-18223.29228742243,-125438.1078743618,1,1,Mixed — sensitive to cost assumptions,0.0,14136.0,18848.0,0.657,,7.0,5.0,131936.0,True
601031019,Moonah,Tasmania,122.0,203878.27884172,-13808.394663788742,-139504.41773102933,208466.4695212786,-8190.268473408578,-134302.1927395431,1,1,Mixed — sensitive to cost assumptions,0.0,12444.0,18848.0,0.657,,9.0,5.0,169632.0,True
601041022,Kingston - Huntingfield,Tasmania,200.0,79464.14400133939,-382581.93350894254,-607703.7647701659,-104159.75134462805,-846341.9676069609,-1224255.1571627818,1,0,Mixed — sensitive to cost assumptions,4.0,12386.0,42500.0,0.0,50.0,10.0,4.0,425000.0,True
601041023,Kingston Beach - Blackmans Bay,Tasmania,98.0,132197.4973591437,25093.899493529338,-42932.85977733764,172823.6767615448,-17248.04132281689,-120210.46814331722,2,1,Mixed — sensitive to cost assumptions,0.0,5939.0,18848.0,0.657,,7.0,4.0,131936.0,True
601041025,Mount Wellington,Tasmania,163.0,170128.5877504992,26031.612550698068,-59707.623672004534,278465.8334542891,-14816.455583064846,-183880.44397564695,2,1,Mixed — sensitive to cost assumptions,0.0,8168.0,18848.0,0.657,,11.0,7.0,207328.0,True
601041026,Taroona - Bonnet Hill,Tasmania,76.0,49745.38756747488,6651.723361228829,-22845.615736630036,131813.1416591036,-19348.68779294011,-100115.730546006,2,1,Mixed — sensitive to cost assumptions,0.0,2810.0,18848.0,0.657,,6.0,4.0,113088.0,True
601051027,Hobart,Tasmania,459.0,431836.34179976827,8840.192089195261,-207748.99125121857,617710.2058643423,-423844.6816887998,-977826.1395504049,2,1,Mixed — sensitive to cost assumptions,6.0,18411.0,24500.0,0.5,76.5,25.0,13.0,612500.0,True
601051028,Lenah Valley - Mount Stuart,Tasmania,179.0,238182.93783996315,32475.275458263073,-86405.84647099374,312698.4134154216,-18574.091315956815,-204548.31455886504,2,1,Mixed — sensitive to cost assumptions,0.0,10189.0,18848.0,0.657,,12.0,8.0,226176.0,True
601051029,Mount Nelson - Dynnyrne,Tasmania,85.0,60024.62194019422,1900.413972297676,-30266.73587869682,137667.31915002607,-18716.677317073823,-108782.94521235424,2,1,Mixed — sensitive to cost assumptions,0.0,2689.0,18848.0,0.657,,6.0,4.0,113088.0,True
601051031,Sandy Bay,Tasmania,258.0,254900.1073376579,17311.310711679966,-101795.84864421835,361980.4620449033,-238193.40913455596,-548622.8952811714,2,1,Mixed — sensitive to cost assumptions,4.0,9859.0,24500.0,0.5,64.5,14.0,7.0,343000.0,True
601051032,South Hobart - Fern Tree,Tasmania,187.0,129453.53774892444,19865.101704262175,-47787.275459326585,328266.85468085646,-18960.635589717233,-212942.58167082898,2,1,Mixed — sensitive to cost assumptions,0.0,5644.0,18848.0,0.657,,13.0,8.0,245024.0,True
601061034,Dodges Ferry - Lewisham,Tasmania,72.0,122777.82020301788,1546.1380612474386,-70511.39676251622,115359.00220024883,-18506.917496931805,-95110.55512750839,2,1,Mixed — sensitive to cost assumptions,0.0,7884.0,18848.0,0.657,,5.0,3.0,94240.0,True
601061035,Sorell - Richmond,Tasmania,68.0,105849.45340053929,-40689.31982763568,-120815.21741560128,114745.57330879566,-17665.147200923486,-90105.37970901073,1,1,Mixed — sensitive to cost assumptions,0.0,9362.0,18848.0,0.657,,5.0,3.0,94240.0,True
602011037,Kings Meadows - Punchbowl,Tasmania,68.0,-25409.185556712713,-229201.7495618307,-307266.679685317,22897.0811134151,-247352.16532711242,-365604.8215007413,0,1,Not viable under any scenario,3.0,11841.0,42500.0,0.0,22.666666666666668,2.0,0.0,85000.0,True
602011038,Launceston,Tasmania,360.0,713696.4015841275,51709.02215060691,-299765.41462021356,719840.6707796627,67517.48418184486,-283321.2666745427,2,2,Mixed — sensitive to cost assumptions,4.0,43556.0,18500.0,0.6666666666666666,90.0,20.0,11.0,370000.0,True
602011040,Mowbray,Tasmania,31.0,12236.061029691518,-53044.0042854832,-90533.01513185262,43946.422937543095,-13311.207374128997,-47370.85192898272,1,1,Mixed — sensitive to cost assumptions,0.0,13179.0,18848.0,0.657,,3.0,2.0,56544.0,True
602021053,Beauty Point - Beaconsfield,Tasmania,15.0,-3532.4869784637194,-35186.398239252645,-55136.43715344827,11212.970061283779,-9553.571641237015,-26702.981345764634,0,1,Not viable under any scenario,0.0,4440.0,18848.0,0.657,,1.0,1.0,18848.0,True
602021054,Deloraine,Tasmania,51.0,173824.14214651898,110348.90389560681,92393.66858945302,199164.5449662155,129837.37910608653,107196.06394473229,3,3,Robust — viable even without subsidy,7.0,10614.0,13699.999999999998,0.8,7.285714285714286,0.0,0.0,0.0,False
602021055,Grindelwald - Lanena,Tasmania,85.0,162727.43464339632,-77858.42678121757,-158230.82917833482,105129.81249671218,-213201.63783009406,-339797.07520844234,1,1,Mixed — sensitive to cost assumptions,6.0,10211.0,42500.0,0.0,14.166666666666666,0.0,0.0,0.0,False
602021056,Hadspen - Carrick,Tasmania,13.0,-3463.7072398548316,-8169.928016119977,-16905.02971108531,19401.558799295268,-15080.221033668584,-30867.44630927165,0,1,Not viable under any scenario,0.0,3632.0,18848.0,0.657,,1.0,1.0,18848.0,True
602021057,Westbury,Tasmania,11.0,40983.40341285954,4816.189790623081,-2340.613470267177,42026.74054260526,40173.25682679793,37884.988963792355,2,3,Robust — viable even without subsidy,3.0,3277.0,24500.0,0.5,3.6666666666666665,0.0,0.0,0.0,False
602031058,Dilston - Lilydale,Tasmania,39.0,29371.381060131913,-10424.450451173741,-36099.277247579965,61111.434548367775,-13697.751647889505,-55765.11904094684,1,1,Mixed — sensitive to cost assumptions,0.0,3783.0,18848.0,0.657,,3.0,2.0,56544.0,True
602031059,George Town,Tasmania,41.0,-90501.69863111076,-316030.7898747967,-433174.3982961918,-19413.813390373667,-175436.82319155434,-253601.3712415679,0,0,Not viable under any scenario,1.0,8381.0,42500.0,0.0,41.0,2.0,1.0,85000.0,True
602031061,Northern Midlands,Tasmania,44.0,128418.95787501975,101413.04884058415,91293.7539040428,174963.83324335067,118656.92291958924,101263.43785776489,3,3,Robust — viable even without subsidy,9.0,12640.0,30500.000000000004,0.3333333333333333,4.888888888888889,0.0,0.0,0.0,False
602031062,Perth - Evandale,Tasmania,7.0,-4947.8093180161595,-31744.07418279315,-43243.16346995671,11124.476573113301,-7736.550380623102,-16470.16619622239,0,1,Not viable under any scenario,0.0,3599.0,18848.0,0.657,,1.0,1.0,18848.0,True
602031064,St Helens - Scamander,Tasmania,31.0,128304.92969433115,97189.31667060073,85819.15989344988,121763.53962512616,93212.71230839455,83042.36438137857,3,3,Robust — viable even without subsidy,7.0,8384.0,30500.000000000004,0.3333333333333333,4.428571428571429,0.0,0.0,0.0,False
602031099,Flinders and Cape Barren Islands,Tasmania,0.0,-11978.843157805077,-12039.16002103854,-16380.508162010792,0.0,0.0,0.0,0,0,Not viable under any scenario,0.0,1268.0,18848.0,0.657,,0.0,0.0,0.0,False
602031100,Scottsdale - Bridport,Tasmania,13.0,21797.054445926937,20888.025032150526,19764.246977665454,50914.66992724796,35710.18844839161,31210.092482788004,3,3,Robust — viable even without subsidy,3.0,7312.0,18500.0,0.6666666666666666,4.333333333333333,0.0,0.0,0.0,False
603011065,Central Highlands,Tasmania,97.0,56113.81205116983,-431151.9671846782,-622534.4325710487,281864.20256178256,31559.561501788296,-56783.21170541167,1,2,Mixed — sensitive to cost assumptions,9.0,28595.0,29000.0,0.375,10.777777777777779,0.0,0.0,0.0,False
603011067,Southern Midlands,Tasmania,6.0,10455.275447836411,-21514.08316675269,-33076.037528484754,22092.540771975036,21114.143534474162,19906.38208091414,1,3,Robust — viable even without subsidy,2.0,3697.0,42500.0,0.0,3.0,0.0,0.0,0.0,False
603011068,Wilderness - East,Tasmania,14.0,20346.82367630792,19536.171772525944,18532.290144115836,20690.1707176961,-54370.529262246295,-78779.5544401191,3,1,Mixed — sensitive to cost assumptions,1.0,2411.0,42500.0,0.0,14.0,0.0,0.0,0.0,False
603021069,Bruny Island - Kettering,Tasmania,108.0,156081.91821712867,123594.76477197878,103847.5145140359,364582.46546871087,273372.44992212846,220974.04442840753,3,3,Robust — viable even without subsidy,1.0,5348.0,6500.0,1.0,108.0,7.0,4.0,45500.0,True
603021070,Cygnet,Tasmania,49.0,99143.28061546395,78219.83190426975,65861.78676319921,168636.66353942076,124946.69069660647,101545.55884487092,3,3,Robust — viable even without subsidy,1.0,3381.0,6500.0,1.0,49.0,3.0,1.0,19500.0,True
603021071,Geeveston - Dover,Tasmania,101.0,288570.55921494134,220681.2660678614,183547.703708763,347077.9761115379,262646.443680843,215129.24145337357,3,3,Robust — viable even without subsidy,2.0,10289.0,6500.0,1.0,50.5,5.0,3.0,32500.0,True
603021072,Huonville - Franklin,Tasmania,10.0,4337.018658296127,-16045.32420483316,-28609.532135783073,6069.664722331219,-12962.822107772035,-25710.51384847756,1,1,Mixed — sensitive to cost assumptions,0.0,1183.0,18848.0,0.657,,1.0,1.0,18848.0,True
603031073,Forestier - Tasman,Tasmania,26.0,49708.09418929259,40342.69805707152,36700.81415203879,96806.55925701234,71272.89109873603,60296.82652632383,3,3,Robust — viable even without subsidy,2.0,3333.0,6500.0,1.0,13.0,0.0,0.0,0.0,False
603031074,Triabunna - Bicheno,Tasmania,19.0,21955.214104952476,21077.590435982333,19990.976026227712,70721.58700824648,67593.45136596583,63731.854163953,3,3,Robust — viable even without subsidy,6.0,3738.0,15500.0,0.75,3.1666666666666665,0.0,0.0,0.0,False
604011075,Acton - Upper Burnie,Tasmania,55.0,-208220.85805733223,-603619.9219111253,-812423.0848613171,-33255.22819834462,-263270.3890460651,-372556.1729636039,0,0,Not viable under any scenario,1.0,14259.0,42500.0,0.0,55.0,3.0,2.0,127500.0,True
604011076,Burnie - Ulverstone Surrounds,Tasmania,97.0,89308.37730187894,-69091.66921564132,-158698.37939534683,168379.7120692235,-6628.600871833638,-107028.11984010196,1,1,Mixed — sensitive to cost assumptions,0.0,20203.0,18848.0,0.657,,7.0,4.0,131936.0,True
604011081,Somerset,Tasmania,0.0,-16084.951782599168,-17186.09641486979,-24396.030325797416,0.0,0.0,0.0,0,0,Not viable under any scenario,0.0,3562.0,18848.0,0.657,,0.0,0.0,0.0,False
604021089,Port Sorell,Tasmania,51.0,232630.10430785842,166895.07431123493,130989.44197800691,177746.317058145,133714.06375530755,110399.35824281177,3,3,Robust — viable even without subsidy,2.0,11125.0,6500.0,1.0,25.5,2.0,1.0,13000.0,True
604021091,Sheffield - Railton,Tasmania,109.0,147656.07794198018,-293343.11739911616,-513351.2909575227,176314.25431962038,-69370.95892589017,-193941.28907825254,1,1,Mixed — sensitive to cost assumptions,3.0,27074.0,24500.0,0.5,36.333333333333336,5.0,2.0,122500.0,True
604031093,King Island,Tasmania,0.0,-18996.086432705284,-18575.72711635806,-25263.17725441009,0.0,0.0,0.0,0,0,Not viable under any scenario,0.0,1676.0,18848.0,0.657,,0.0,0.0,0.0,False
604031094,North West,Tasmania,7.0,-2772.543932451892,-17871.326241085815,-28038.557351397998,11124.476573113301,-7736.550380623102,-16470.16619622239,0,1,Not viable under any scenario,0.0,6601.0,18848.0,0.657,,1.0,1.0,18848.0,True
604031096,Waratah,Tasmania,56.0,270189.09029918717,195916.41411432935,156575.2740436259,205285.69089833362,153728.2524934475,129549.45272899576,3,3,Robust — viable even without subsidy,3.0,14132.0,6500.0,1.0,18.666666666666668,1.0,0.0,6500.0,True
604031097,West Coast (Tas.),Tasmania,0.0,4950.769715766577,4667.6197218366515,4321.728024042072,-4571.247381953076,-4391.981040785893,-4169.865446349292,3,0,Subsidy-dependent — viable only with current incentives,2.0,2807.0,42500.0,0.0,0.0,0.0,0.0,0.0,False
701011002,Darwin City,Northern Territory,38.0,-37737.39917967723,-305963.91182966065,-439705.2988183866,12534.913579765169,-142949.2183677451,-209223.83319620742,0,1,Not viable under any scenario,2.0,6938.0,42500.0,0.0,19.0,1.0,0.0,42500.0,True
701011006,Ludmilla - The Narrows,Northern Territory,247.0,483290.50189589453,41375.45854189445,-210192.0878479489,430264.83311952127,-19804.819647903118,-275397.62569332495,2,1,Mixed — sensitive to cost assumptions,0.0,22684.0,18848.0,0.657,,17.0,10.0,320416.0,True
701021012,Berrimah,Northern Territory,23.0,38601.11763349103,-46259.39925946974,-90097.83484734647,28377.98167210843,-11494.186113515076,-37138.03677944049,1,1,Mixed — sensitive to cost assumptions,0.0,4912.0,18848.0,0.657,,2.0,1.0,37696.0,True
701021013,Brinkin - Nakara,Northern Territory,155.0,861179.0540935786,640988.7098926767,514543.85176124313,519846.32809171744,390173.6850517285,314342.64382044814,3,3,Robust — viable even without subsidy,1.0,22872.0,6500.0,1.0,155.0,10.0,6.0,65000.0,True
701021014,Buffalo Creek,Northern Territory,55.0,-150051.87863061362,-625358.4570622697,-855266.079502766,6650.875088040353,-223918.53719421325,-324260.71841814934,0,1,Not viable under any scenario,2.0,11951.0,42500.0,0.0,27.5,2.0,1.0,85000.0,True
701031031,Howard Springs,Northern Territory,19.0,47555.39131011693,-23251.113297340355,-59415.10266934078,27581.197764960496,-12197.33096330844,-34155.2642022788,1,1,Mixed — sensitive to cost assumptions,0.0,5022.0,18848.0,0.657,,2.0,1.0,37696.0,True
701031032,Humpty Doo,Northern Territory,25.0,25089.868979920902,-73621.20972350019,-127620.32883993268,35858.279991142466,-4537.059734230075,-31135.0237783553,1,1,Mixed — sensitive to cost assumptions,0.0,7405.0,18848.0,0.657,,2.0,1.0,37696.0,True
701031033,Koolpinyah,Northern Territory,49.0,28798.559964808126,-129574.45555260757,-213827.41255875464,84160.1741328364,-10111.716727736006,-62035.70951111569,1,1,Mixed — sensitive to cost assumptions,0.0,12291.0,18848.0,0.657,,4.0,2.0,75392.0,True
701031034,Virginia,Northern Territory,12.0,16663.744305476386,-19360.551392520698,-39217.28024042073,14957.59410697392,-6129.288940151189,-19909.741131525992,1,1,Mixed — sensitive to cost assumptions,0.0,1976.0,18848.0,0.657,,1.0,1.0,18848.0,True
701031035,Weddell,Northern Territory,6.0,-9103.707504087843,-9194.927495174374,-13578.834779045148,6680.511880791946,-11987.571143166442,-20482.874117432966,0,1,Not viable under any scenario,0.0,1908.0,18848.0,0.657,,1.0,1.0,18848.0,True
701041042,Palmerston - South,Northern Territory,56.0,142912.87506105966,-86220.69844762399,-207942.00930140138,98380.34813621303,-13204.366618238124,-72420.28170295432,1,1,Mixed — sensitive to cost assumptions,0.0,12703.0,18848.0,0.657,,4.0,3.0,75392.0,True
702011045,Charles,Northern Territory,0.0,-14406.37709685694,-14358.766113683781,-18566.925756437402,0.0,0.0,0.0,0,0,Not viable under any scenario,0.0,333.0,18848.0,0.657,,0.0,0.0,0.0,False
702011047,Flynn (NT),Northern Territory,68.0,308773.1093368736,209936.0253885539,156499.48028885253,231301.54326257837,169899.34205250884,136751.8077657643,3,3,Robust — viable even without subsidy,1.0,15434.0,6500.0,1.0,68.0,4.0,2.0,26000.0,True
702011048,Larapinta,Northern Territory,3.0,-15949.98836764061,-17028.23163116187,-24211.388566354755,-6651.382196172109,-6894.780084614769,-11464.990777724748,0,0,Not viable under any scenario,0.0,1261.0,18848.0,0.657,,1.0,1.0,18848.0,True
702011051,Ross,Northern Territory,5.0,-2843.928905664956,-18018.857021653283,-28275.47286263357,2236.5471884705994,-14570.083548243949,-22270.938913173963,0,1,Not viable under any scenario,0.0,1491.0,18848.0,0.657,,1.0,1.0,18848.0,True
702011053,Tanami,Northern Territory,0.0,-12159.518035995181,-11682.669568490475,-11091.842087289117,-13713.742145859227,-13175.94312235768,-12509.596339047876,0,0,Not viable under any scenario,6.0,1883.0,18500.0,0.6666666666666666,0.0,0.0,0.0,0.0,False
702021055,Barkly,Northern Territory,0.0,-3017.02327208903,-2898.7074869186895,-2752.111194590533,-4571.247381953076,-4391.981040785893,-4169.865446349292,0,0,Not viable under any scenario,2.0,1719.0,42500.0,0.0,0.0,0.0,0.0,0.0,False
702021056,Tennant Creek,Northern Territory,0.0,-11432.892292087403,-11530.083789657292,-15916.059012362544,0.0,0.0,0.0,0,0,Not viable under any scenario,0.0,1452.0,18848.0,0.657,,0.0,0.0,0.0,False
702031057,Alligator,Northern Territory,12.0,9575.783575356265,-22806.40654023334,-37077.44267343884,14957.59410697392,-6129.288940151189,-19909.741131525992,1,1,Mixed — sensitive to cost assumptions,0.0,8650.0,18848.0,0.657,,1.0,1.0,18848.0,True
702031058,Daly,Northern Territory,0.0,0.0,0.0,0.0,0.0,0.0,0.0,0,0,Not viable under any scenario,0.0,192.0,18848.0,0.657,,0.0,0.0,0.0,False
702041062,Anindilyakwa,Northern Territory,0.0,-18429.052163272117,-18154.568818377593,-22085.360289597702,0.0,0.0,0.0,0,0,Not viable under any scenario,0.0,685.0,18848.0,0.657,,0.0,0.0,0.0,False
702041063,East Arnhem,Northern Territory,3.0,-15320.603943544025,-15168.021710643188,-19249.851786080184,-6651.382196172109,-6894.780084614769,-11464.990777724748,0,0,Not viable under any scenario,0.0,2563.0,18848.0,0.657,,1.0,1.0,18848.0,True
702051066,Gulf,Northern Territory,0.0,0.0,0.0,0.0,0.0,0.0,0.0,0,0,Not viable under any scenario,0.0,353.0,18848.0,0.657,,0.0,0.0,0.0,False
702051067,Katherine,Northern Territory,11.0,-1989.6166302642596,-18752.095413957315,-29470.548335620384,10513.629414652574,-8711.80134522869,-21697.805927266985,0,1,Not viable under any scenario,0.0,6640.0,18848.0,0.657,,1.0,1.0,18848.0,True
801011019,Macgregor (ACT),Australian Capital Territory,716.0,1127824.7164845117,568730.7594229998,287235.6855902786,1760692.4173362912,631035.2735571644,37512.2949743924,3,3,Robust — viable even without subsidy,12.0,34361.0,15500.0,0.75,59.666666666666664,36.0,17.0,558000.0,True
801011021,McKellar,Australian Capital Territory,683.0,580473.1141875273,116080.82643158801,-156223.99413850278,1214846.8801823743,-30048.8789489817,-731600.7432732625,2,1,Mixed — sensitive to cost assumptions,0.0,25575.0,18848.0,0.657,,46.0,28.0,867008.0,True
801011026,Weetangera,Australian Capital Territory,455.0,59956.483293571306,-491523.300942016,-778135.6717437335,-396141.6746205348,-2081414.3178330166,-2978063.817327478,1,0,Mixed — sensitive to cost assumptions,4.0,13809.0,42500.0,0.0,113.75,27.0,15.0,1147500.0,True
801031114,Canberra Airport,Australian Capital Territory,309.0,460247.2433180089,312079.3374296732,264584.38140713185,664625.2894006014,-150442.6691885111,-487687.4382249399,3,1,Mixed — sensitive to cost assumptions,18.0,6147.0,28100.0,0.4,17.166666666666668,3.0,0.0,84300.0,True
801041038,Forde,Australian Capital Territory,791.0,-17029.7990100038,-955836.3342552852,-1477480.8227207528,-806160.9003923101,-3738772.2651278186,-5323842.595672568,0,0,Not viable under any scenario,4.0,21560.0,42500.0,0.0,197.75,49.0,28.0,2082500.0,True
801041044,Harrison,Australian Capital Territory,138.0,245057.4348594869,235334.8798309167,223293.69715183385,367338.5243609224,-141834.72240436962,-303048.0482467914,3,1,Mixed — sensitive to cost assumptions,14.0,5487.0,42500.0,0.0,9.857142857142858,0.0,0.0,0.0,False
801041045,Mitchell,Australian Capital Territory,210.0,296636.00275457045,235260.8250788718,207311.50424399716,740448.8582968254,558325.4699210705,462275.0847120827,3,3,Robust — viable even without subsidy,6.0,4602.0,6500.0,1.0,35.0,8.0,3.0,52000.0,True
801041046,Ngunnawal,Australian Capital Territory,784.0,572944.8403441049,-357113.5521437277,-803695.3745086959,350605.37442459597,-1996968.4562932951,-3206400.2101172614,1,1,Mixed — sensitive to cost assumptions,13.0,29066.0,33500.0,0.25,60.30769230769231,40.0,19.0,1340000.0,True
801051055,Downer,Australian Capital Territory,913.0,369331.72961787344,-736312.3167360416,-1253892.9216211017,-539165.4917913488,-3946687.7801478803,-5692535.231501566,1,0,Mixed — sensitive to cost assumptions,14.0,21381.0,42500.0,0.0,65.21428571428571,47.0,23.0,1997500.0,True
801051123,Black Mountain,Australian Capital Territory,183.0,244382.11950859634,234686.6280895123,222679.1161805887,625056.5711817062,-18175.96561152408,-192453.3993228494,3,1,Mixed — sensitive to cost assumptions,23.0,2574.0,42500.0,0.0,7.956521739130435,0.0,0.0,0.0,False
801051124,Campbell,Australian Capital Territory,384.0,311151.11810191046,-157945.96104079572,-341105.62803087226,-75987.56595507875,-1522653.6167185036,-2224382.1746350443,1,0,Mixed — sensitive to cost assumptions,10.0,10316.0,42500.0,0.0,38.4,16.0,6.0,680000.0,True
801061064,Griffith (ACT),Australian Capital Territory,306.0,462441.4420613464,217012.04693500343,147891.01427498116,438596.1983741984,-484430.1569449245,-889128.1192530409,3,1,Mixed — sensitive to cost assumptions,15.0,7211.0,33500.0,0.25,20.4,6.0,0.0,201000.0,True
801061067,Narrabundah,Australian Capital Territory,298.0,392631.1647368481,304220.1944684706,257500.9002117341,1015127.7486633561,758223.2678863584,614193.3861250621,3,3,Robust — viable even without subsidy,3.0,8321.0,6500.0,1.0,99.33333333333333,17.0,9.0,110500.0,True
801061069,Red Hill (ACT),Australian Capital Territory,361.0,155543.7434678072,-275282.50201565877,-477253.6650502017,-214200.00178546028,-1550815.1716380855,-2238853.283716231,1,0,Mixed — sensitive to cost assumptions,6.0,7900.0,42500.0,0.0,60.166666666666664,19.0,9.0,807500.0,True
801071071,Banks,Australian Capital Territory,79.0,183113.55941746436,175840.66133399564,166833.59879789627,279020.4973490846,79853.24375699676,20944.913413091694,3,3,Robust — viable even without subsidy,10.0,3794.0,30500.000000000004,0.3333333333333333,7.9,0.0,0.0,0.0,False
801071075,Conder,Australian Capital Territory,224.0,318522.9807468119,50503.68627380465,-102707.17698120473,399066.0050521089,-24611.571734767902,-257293.1931758884,2,1,Mixed — sensitive to cost assumptions,0.0,13176.0,18848.0,0.657,,15.0,9.0,282720.0,True
801071079,Gowrie (ACT),Australian Capital Territory,205.0,221549.7960863934,33428.07169215045,-76948.6017472727,353000.6580988857,-15761.144943324121,-227607.43925296183,2,1,Mixed — sensitive to cost assumptions,0.0,9714.0,18848.0,0.657,,14.0,9.0,263872.0,True
801071082,Kambah,Australian Capital Territory,256.0,287005.5832249904,55598.224296805274,-80623.90547093781,448955.51976684656,-17370.820145973674,-281617.7329216566,2,1,Mixed — sensitive to cost assumptions,0.0,11585.0,18848.0,0.657,,18.0,11.0,339264.0,True
801071087,Richardson,Australian Capital Territory,296.0,410309.8453625968,-212261.72959724412,-513262.4628844282,328091.7513277959,-487701.73162082396,-885927.2045377574,1,1,Mixed — sensitive to cost assumptions,9.0,21259.0,30500.000000000004,0.3333333333333333,32.888888888888886,11.0,3.0,335500.00000000006,True
801071089,Tuggeranong,Australian Capital Territory,605.0,803150.2198985813,156163.3067626683,-215921.7072852701,1072824.089828197,-33949.10068299103,-656503.24450997,2,1,Mixed — sensitive to cost assumptions,0.0,38233.0,18848.0,0.657,,41.0,25.0,772768.0,True
801071090,Wanniassa,Australian Capital Territory,148.0,172608.23685010464,26679.34917621247,-59743.822019111954,250176.34527035116,-20009.751943690222,-174170.27857017447,2,1,Mixed — sensitive to cost assumptions,0.0,6933.0,18848.0,0.657,,10.0,6.0,188480.0,True
801091103,Hughes,Australian Capital Territory,375.0,61569.92654385019,-373455.5895023921,-603267.7385424493,-313228.14092691906,-1688053.3345639973,-2421071.042513977,1,0,Mixed — sensitive to cost assumptions,4.0,8192.0,42500.0,0.0,93.75,21.0,11.0,892500.0,True
801091106,Mawson,Australian Capital Territory,295.0,163315.44825740496,-261193.86076932546,-451674.3023017554,-116309.18492667691,-1215282.6856319413,-1766271.1646709996,1,0,Mixed — sensitive to cost assumptions,6.0,10745.0,42500.0,0.0,49.166666666666664,14.0,6.0,595000.0,True
801091109,Phillip,Australian Capital Territory,394.0,349181.0519302871,38432.37031921663,-104704.76339792996,543483.7416814123,-350230.50797453907,-821752.7623110674,2,1,Mixed — sensitive to cost assumptions,6.0,11545.0,24500.0,0.5,65.66666666666667,21.0,10.0,514500.0,True
