Postcode,SA2_NAME21,STE_NAME21,GCC_NAME21,bev_count_2025,adoption_rate_2025,median_income_weekly,total_plugs,bev_count_2030,adoption_rate_2030,bev_growth_2025_2030,adoption_growth
0800,Darwin City,Northern Territory,Greater Darwin,38.0,0.005477082732776016,2151.0,2.0,270.0,0.03607768937945366,232.0,0.030600606646677644
0810,Brinkin - Nakara,Northern Territory,Greater Darwin,155.0,0.006776845050717034,2372.0,1.0,901.0,0.036561500281095505,746.0,0.02978465523037847
0812,Buffalo Creek,Northern Territory,Greater Darwin,55.0,0.0046021253451594005,1969.0,2.0,474.0,0.03683393448591232,419.0,0.03223180914075292
0820,Ludmilla - The Narrows,Northern Territory,Greater Darwin,247.0,0.010888732146005995,1988.0,0.0,811.0,0.03318631276488304,564.0,0.022297580618877044
0822,Alligator,Northern Territory,Rest of NT,9.0,0.0013062409288824384,1279.0,0.0,43.0,0.0057696872390806675,34.0,0.004463446310198229
0828,Berrimah,Northern Territory,Greater Darwin,23.0,0.004682410423452769,2250.0,0.0,170.0,0.03214659541845322,147.0,0.027464184995000446
0829,Howard Springs,Northern Territory,Greater Darwin,3.0,0.0014584346135148275,2442.0,0.0,21.0,0.009401881136000156,18.0,0.00794344652248533
0830,Koolpinyah,Northern Territory,Greater Darwin,49.0,0.00398665690342527,1062.0,0.0,386.0,0.029166433960199356,337.0,0.025179777056774086
0832,Palmerston - South,Northern Territory,Greater Darwin,56.0,0.004408407462804062,2527.0,0.0,468.0,0.03420412912964821,412.0,0.029795721666844147
0834,Virginia,Northern Territory,Greater Darwin,9.0,0.005558987029030266,2153.0,0.0,53.0,0.030523797497153282,44.0,0.024964810468123017
0835,Howard Springs,Northern Territory,Greater Darwin,16.0,0.005396290050590219,2442.0,0.0,102.0,0.03198852390050888,86.0,0.026592233849918663
0836,Humpty Doo,Northern Territory,Greater Darwin,25.0,0.00337609723160027,2569.0,0.0,233.0,0.029158469289541245,208.0,0.025782372057940976
0837,Weddell,Northern Territory,Greater Darwin,0.0,0.0,1969.0,0.0,1.0,0.0031848906073719263,1.0,0.0031848906073719263
0838,Weddell,Northern Territory,Greater Darwin,3.0,0.003537735849056604,1969.0,0.0,3.0,0.003537735849056604,0.0,0.0
0839,Virginia,Northern Territory,Greater Darwin,3.0,0.008403361344537815,2153.0,0.0,12.0,0.029952121898531914,9.0,0.0215487605539941
0840,Alligator,Northern Territory,Rest of NT,0.0,0.0,1279.0,0.0,0.0,0.0003616486210376024,0.0,0.0003616486210376024
0841,Weddell,Northern Territory,Greater Darwin,3.0,0.0046801872074883,1969.0,0.0,3.0,0.0046801872074883,0.0,0.0
0845,Alligator,Northern Territory,Rest of NT,0.0,0.0,1279.0,0.0,0.0,0.00039078164263628423,0.0,0.00039078164263628423
0846,Alligator,Northern Territory,Rest of NT,0.0,0.0,1279.0,0.0,0.0,0.00039078164263628423,0.0,0.00039078164263628423
0847,Daly,Northern Territory,Rest of NT,0.0,0.0,1182.0,0.0,0.0,0.00041208520997315645,0.0,0.00041208520997315645
0850,Katherine,Northern Territory,Rest of NT,8.0,0.0013201320132013201,2111.0,0.0,31.0,0.004791863262653351,23.0,0.0034717312494520307
0852,Barkly,Northern Territory,Rest of NT,0.0,0.0,1172.0,2.0,1.0,0.0004716776020359248,1.0,0.0004716776020359248
0853,Katherine,Northern Territory,Rest of NT,3.0,0.005172413793103448,2111.0,0.0,3.0,0.005172413793103448,0.0,0.0
0854,Gulf,Northern Territory,Rest of NT,0.0,0.0,1281.0,0.0,0.0,0.00022808714129496366,0.0,0.00022808714129496366
0860,Tennant Creek,Northern Territory,Rest of NT,0.0,0.0,1677.0,0.0,12.0,0.007354204077273607,12.0,0.007354204077273607
0862,Barkly,Northern Territory,Rest of NT,0.0,0.0,1172.0,0.0,0.0,0.0004240411799401045,0.0,0.0004240411799401045
0870,Flynn (NT),Northern Territory,Rest of NT,68.0,0.004405857198393158,2147.0,1.0,470.0,0.028285393491387367,402.0,0.02387953629299421
0872,Tanami,Northern Territory,Rest of NT,0.0,0.0,1277.0,6.0,1.0,0.00046135520096868277,1.0,0.00046135520096868277
0873,Ross,Northern Territory,Rest of NT,5.0,0.00335345405767941,1953.0,0.0,40.0,0.025088872760534286,35.0,0.021735418702854878
0874,Charles,Northern Territory,Rest of NT,0.0,0.0,2026.0,0.0,8.0,0.020937882363796234,8.0,0.020937882363796234
0875,Larapinta,Northern Territory,Rest of NT,3.0,0.0023790642347343376,2267.0,0.0,27.0,0.019742343574762344,24.0,0.017363279340028008
0880,East Arnhem,Northern Territory,Rest of NT,3.0,0.0011705033164260631,1552.0,0.0,3.0,0.0011705033164260631,0.0,0.0
0885,Anindilyakwa,Northern Territory,Rest of NT,0.0,0.0,1598.0,0.0,1.0,0.0010679485276341438,1.0,0.0010679485276341438
0886,Alligator,Northern Territory,Rest of NT,3.0,0.004739336492890996,1279.0,0.0,3.0,0.004739336492890996,0.0,0.0
2000,Sydney (North) - Millers Point,New South Wales,Greater Sydney,1571.0,0.07086791771923494,2457.0,96.0,1692.0,0.07086791771923494,121.0,0.0
2007,Ultimo,New South Wales,Greater Sydney,49.0,0.02078913873568095,1805.0,7.0,72.0,0.0283663272857666,23.0,0.007577188550085653
2008,Chippendale,New South Wales,Greater Sydney,88.0,0.03283582089552239,1606.0,6.0,95.0,0.03283582089552239,7.0,0.0
2009,Pyrmont,New South Wales,Greater Sydney,194.0,0.03222591362126246,2422.0,4.0,209.0,0.03222591362126246,15.0,0.0
2010,Surry Hills,New South Wales,Greater Sydney,323.0,0.03146001753189832,2308.0,16.0,348.0,0.03146001753189832,25.0,0.0
2011,Potts Point - Woolloomooloo,New South Wales,Greater Sydney,287.0,0.03429322499701278,2041.0,9.0,309.0,0.03429322499701278,22.0,0.0
2015,Erskineville - Alexandria,New South Wales,Greater Sydney,545.0,0.049325730835369716,2825.0,25.0,587.0,0.049325730835369716,42.0,0.0
2016,Redfern,New South Wales,Greater Sydney,120.0,0.022675736961451247,2116.0,12.0,177.0,0.031076574698090553,57.0,0.008400837736639306
2017,Waterloo,New South Wales,Greater Sydney,456.0,0.03721233882813775,2028.0,25.0,491.0,0.03721233882813775,35.0,0.0
2018,Eastlakes,New South Wales,Greater Sydney,206.0,0.021048329416573006,1411.0,6.0,341.0,0.03232390806078911,135.0,0.011275578644216102
2019,Botany,New South Wales,Greater Sydney,153.0,0.01321015368675531,2373.0,6.0,431.0,0.034531120210886,278.0,0.021320966524130694
2020,Sydney Airport,New South Wales,Greater Sydney,1145.0,0.036252532928064844,2750.0,23.0,1233.0,0.036252532928064844,88.0,0.0
2021,Paddington - Moore Park,New South Wales,Greater Sydney,243.0,0.03160358954350371,2810.0,32.0,262.0,0.03160358954350371,19.0,0.0
2022,Bondi Junction - Waverly,New South Wales,Greater Sydney,213.0,0.030780346820809247,2566.0,35.0,229.0,0.030780346820809247,16.0,0.0
2023,Bellevue Hill,New South Wales,Greater Sydney,323.0,0.05099463214398484,3301.0,6.0,348.0,0.05099463214398484,25.0,0.0
2024,Bondi - Tamarama - Bronte,New South Wales,Greater Sydney,210.0,0.034739454094292806,2951.0,24.0,226.0,0.034739454094292806,16.0,0.0
2025,Woollahra,New South Wales,Greater Sydney,169.0,0.04171809429770427,3021.0,9.0,182.0,0.04171809429770427,13.0,0.0
2026,Bondi Beach - North Bondi,New South Wales,Greater Sydney,509.0,0.031221247623136845,3013.0,47.0,548.0,0.031221247623136845,39.0,0.0
2027,Double Bay - Darling Point,New South Wales,Greater Sydney,181.0,0.03768478034561732,2921.0,9.0,195.0,0.03768478034561732,14.0,0.0
2028,Double Bay - Darling Point,New South Wales,Greater Sydney,101.0,0.03334433806536811,2921.0,12.0,109.0,0.03334433806536811,8.0,0.0
2029,Rose Bay - Vaucluse - Watsons Bay,New South Wales,Greater Sydney,209.0,0.034827528745209134,3469.0,26.0,225.0,0.034827528745209134,16.0,0.0
2030,Rose Bay - Vaucluse - Watsons Bay,New South Wales,Greater Sydney,495.0,0.05214368482039398,3469.0,13.0,533.0,0.05214368482039398,38.0,0.0
2031,Randwick - South,New South Wales,Greater Sydney,426.0,0.02455048409405256,2450.0,43.0,625.0,0.03344931825995445,199.0,0.008898834165901894
2032,Pagewood - Hillsdale - Daceyville,New South Wales,Greater Sydney,115.0,0.0176678445229682,1808.0,17.0,223.0,0.031740255653858185,108.0,0.014072411130889986
2033,Kensington (NSW),New South Wales,Greater Sydney,117.0,0.022426682001150087,2117.0,30.0,180.0,0.03207272291183472,63.0,0.00964604091068463
2034,Coogee - Clovelly,New South Wales,Greater Sydney,275.0,0.025268767802995497,3092.0,17.0,346.0,0.02951876074075699,71.0,0.004249992937761491
2035,Maroubra - West,New South Wales,Greater Sydney,364.0,0.018207282913165267,2148.0,37.0,683.0,0.031689561903476715,319.0,0.013482278990311448
2036,Matraville - Chifley,New South Wales,Greater Sydney,333.0,0.01588588875107337,2132.0,35.0,828.0,0.036663807928562164,495.0,0.020777919177488793
2037,Glebe - Forest Lodge,New South Wales,Greater Sydney,190.0,0.02434960912469563,2080.0,27.0,242.0,0.028759529814124107,52.0,0.004409920689428477
2038,Annandale (NSW),New South Wales,Greater Sydney,156.0,0.03033249076414544,2677.0,15.0,173.0,0.031232107430696487,17.0,0.0008996166665510459
2039,Lilyfield - Rozelle,New South Wales,Greater Sydney,150.0,0.025649794801641587,3059.0,11.0,211.0,0.03353568911552429,61.0,0.007885894313882705
2040,Leichhardt,New South Wales,Greater Sydney,378.0,0.027649769585253458,2721.0,21.0,519.0,0.03524714708328247,141.0,0.007597377498029013
2041,Balmain,New South Wales,Greater Sydney,277.0,0.031158605174353204,3149.0,22.0,298.0,0.031158605174353204,21.0,0.0
2042,Newtown (NSW),New South Wales,Greater Sydney,183.0,0.023797139141742522,2325.0,18.0,255.0,0.03082503192126751,72.0,0.007027892779524987
2043,Erskineville - Alexandria,New South Wales,Greater Sydney,97.0,0.023774509803921567,2825.0,0.0,141.0,0.03219016641378403,44.0,0.00841565660986246
2044,Sydenham - Tempe - St Peters,New South Wales,Greater Sydney,125.0,0.021132713440405747,2619.0,11.0,257.0,0.04030071943998337,132.0,0.01916800599957762
2045,Haberfield - Summer Hill,New South Wales,Greater Sydney,889.0,0.1470393648693351,2377.0,6.0,958.0,0.1470393648693351,69.0,0.0
2046,Five Dock - Abbotsford,New South Wales,Greater Sydney,390.0,0.021053768084646946,2333.0,6.0,648.0,0.032449375838041306,258.0,0.01139560775339436
2047,Drummoyne - Rodd Point,New South Wales,Greater Sydney,195.0,0.0260590672190298,2754.0,4.0,239.0,0.029657501727342606,44.0,0.003598434508312806
2048,Petersham - Stanmore,New South Wales,Greater Sydney,78.0,0.019812039624079247,2303.0,2.0,137.0,0.032393720000982285,59.0,0.012581680376903038
2049,Petersham - Stanmore,New South Wales,Greater Sydney,130.0,0.019917266738164546,2303.0,7.0,224.0,0.0318775437772274,94.0,0.011960277039062855
2050,Camperdown - Darlington,New South Wales,Greater Sydney,105.0,0.02593232897011608,2440.0,15.0,142.0,0.03249639272689819,37.0,0.006564063756782115
2060,North Sydney - Lavender Bay,New South Wales,Greater Sydney,379.0,0.0360574636095519,2709.0,27.0,408.0,0.0360574636095519,29.0,0.0
2061,Neutral Bay - Kirribilli,New South Wales,Greater Sydney,92.0,0.028203556100551808,2364.0,6.0,107.0,0.030573738738894463,15.0,0.002370182638342655
2062,Cremorne - Cammeray,New South Wales,Greater Sydney,136.0,0.032606089666746586,2689.0,12.0,147.0,0.032606089666746586,11.0,0.0
2063,Castle Cove - Northbridge,New South Wales,Greater Sydney,207.0,0.051060680809077455,3987.0,4.0,223.0,0.051060680809077455,16.0,0.0
2064,Artarmon,New South Wales,Greater Sydney,320.0,0.04047046920450234,2420.0,12.0,345.0,0.04047046920450234,25.0,0.0
2065,Greenwich - Riverview,New South Wales,Greater Sydney,745.0,0.03792892780775888,3662.0,62.0,803.0,0.03792892780775888,58.0,0.0
2066,Lane Cove,New South Wales,Greater Sydney,774.0,0.03655771774041187,2648.0,36.0,834.0,0.03655771774041187,60.0,0.0
2067,Chatswood (West) - Lane Cove North,New South Wales,Greater Sydney,638.0,0.040206705318880764,2415.0,48.0,687.0,0.040206705318880764,49.0,0.0
2068,Willoughby,New South Wales,Greater Sydney,481.0,0.04505432746346946,2880.0,4.0,518.0,0.04505432746346946,37.0,0.0
2069,Chatswood - East,New South Wales,Greater Sydney,439.0,0.04703739419264974,2123.0,1.0,473.0,0.04703739419264974,34.0,0.0
2070,Lindfield - Roseville,New South Wales,Greater Sydney,439.0,0.04739285328727194,3125.0,22.0,473.0,0.04739285328727194,34.0,0.0
2071,Gordon - Killara,New South Wales,Greater Sydney,410.0,0.04792518994739918,2640.0,0.0,442.0,0.04792518994739918,32.0,0.0
2072,Gordon - Killara,New South Wales,Greater Sydney,215.0,0.038885874480014467,2640.0,0.0,232.0,0.038885874480014467,17.0,0.0
2073,Pymble,New South Wales,Greater Sydney,556.0,0.04591246903385632,3414.0,4.0,599.0,0.04591246903385632,43.0,0.0
2074,Wahroonga (East) - Warrawee,New South Wales,Greater Sydney,570.0,0.036972173574625414,3233.0,12.0,614.0,0.036972173574625414,44.0,0.0
2075,St Ives,New South Wales,Greater Sydney,604.0,0.0419502708709543,2965.0,4.0,651.0,0.0419502708709543,47.0,0.0
2076,Wahroonga (East) - Warrawee,New South Wales,Greater Sydney,531.0,0.033482565104987705,3233.0,0.0,572.0,0.033482565104987705,41.0,0.0
2077,Asquith - Mount Colah,New South Wales,Greater Sydney,427.0,0.017388117441055503,2450.0,10.0,828.0,0.03130573779344559,401.0,0.013917620352390084
2079,Asquith - Mount Colah,New South Wales,Greater Sydney,92.0,0.016874541452677916,2450.0,0.0,184.0,0.03139796108007431,92.0,0.014523419627396394
2080,Asquith - Mount Colah,New South Wales,Greater Sydney,32.0,0.018923713778829097,2450.0,0.0,55.0,0.030054306611418724,23.0,0.011130592832589627
2081,Berowra - Brooklyn - Cowan,New South Wales,Greater Sydney,61.0,0.016402258671685935,2497.0,3.0,118.0,0.029398728162050247,57.0,0.012996469490364312
2082,Berowra - Brooklyn - Cowan,New South Wales,Greater Sydney,54.0,0.01415836392239119,2497.0,0.0,121.0,0.02941255271434784,67.0,0.01525418879195665
2083,Berowra - Brooklyn - Cowan,New South Wales,Greater Sydney,13.0,0.010682004930156122,2497.0,1.0,37.0,0.02846028283238411,24.0,0.01777827790222799
2084,Terrey Hills - Duffys Forest,New South Wales,Greater Sydney,82.0,0.023610711200691047,2899.0,3.0,106.0,0.028318902477622032,24.0,0.0047081912769309855
2085,Belrose,New South Wales,Greater Sydney,168.0,0.019123505976095617,2601.0,5.0,314.0,0.03321652114391327,146.0,0.014093015167817653
2086,Frenchs Forest - Oxford Falls,New South Wales,Greater Sydney,207.0,0.020353982300884955,3142.0,24.0,360.0,0.03289702907204628,153.0,0.012543046771161324
2087,Forestville - Killarney Heights,New South Wales,Greater Sydney,213.0,0.024479944833927136,2794.0,2.0,303.0,0.03231530636548996,90.0,0.007835361531562824
2088,Mosman - North,New South Wales,Greater Sydney,766.0,0.0414300394829358,2822.0,18.0,825.0,0.0414300394829358,59.0,0.0
2089,Neutral Bay - Kirribilli,New South Wales,Greater Sydney,164.0,0.025091799265605876,2364.0,0.0,210.0,0.029783254489302635,46.0,0.00469145522369676
2090,Cremorne - Cammeray,New South Wales,Greater Sydney,243.0,0.030888521672810473,2689.0,8.0,262.0,0.030888521672810473,19.0,0.0
2092,Balgowlah - Clontarf - Seaforth,New South Wales,Greater Sydney,202.0,0.04177869700103413,3409.0,0.0,218.0,0.04177869700103413,16.0,0.0
2093,Balgowlah - Clontarf - Seaforth,New South Wales,Greater Sydney,439.0,0.029111405835543766,3409.0,16.0,523.0,0.032206401228904724,84.0,0.003094995393360958
2094,Manly - Fairlight,New South Wales,Greater Sydney,128.0,0.03472599023331525,3185.0,2.0,138.0,0.03472599023331525,10.0,0.0
2095,Manly - Fairlight,New South Wales,Greater Sydney,263.0,0.028246160455375362,3185.0,8.0,320.0,0.031873032450675964,57.0,0.0036268719953006026
2096,Freshwater - Brookvale,New South Wales,Greater Sydney,217.0,0.02284932083815942,2724.0,9.0,316.0,0.030876118689775467,99.0,0.008026797851616047
2097,Collaroy - Collaroy Plateau,New South Wales,Greater Sydney,175.0,0.01638883686083536,2601.0,5.0,374.0,0.03249656409025192,199.0,0.01610772722941656
2099,Cromer,New South Wales,Greater Sydney,402.0,0.014468758997984452,2379.0,15.0,998.0,0.033354997634887695,596.0,0.018886238636903245
2100,Manly Vale - Allambie Heights,New South Wales,Greater Sydney,358.0,0.019969877837898144,2737.0,12.0,618.0,0.03200129419565201,260.0,0.012031416357753864
2101,Bayview - Elanora Heights,New South Wales,Greater Sydney,215.0,0.015093015093015093,2560.0,10.0,467.0,0.030458256602287292,252.0,0.015365241509272199
2102,Mona Vale - Warriewood (North),New South Wales,Greater Sydney,105.0,0.01627906976744186,2277.0,6.0,270.0,0.0388546958565712,165.0,0.022575626089129337
2103,Mona Vale - Warriewood (North),New South Wales,Greater Sydney,152.0,0.017890772128060263,2277.0,6.0,323.0,0.035276904702186584,171.0,0.01738613257412632
2104,Bayview - Elanora Heights,New South Wales,Greater Sydney,91.0,0.030383973288814693,2560.0,0.0,98.0,0.030383973288814693,7.0,0.0
2105,Bayview - Elanora Heights,New South Wales,Greater Sydney,54.0,0.03529411764705882,2560.0,2.0,58.0,0.03529411764705882,4.0,0.0
2106,Newport - Bilgola,New South Wales,Greater Sydney,146.0,0.019639494215765402,2607.0,5.0,267.0,0.03333136811852455,121.0,0.013691873902759149
2107,Avalon - Palm Beach,New South Wales,Greater Sydney,295.0,0.025027572749639432,2547.0,0.0,406.0,0.0319732204079628,111.0,0.006945647658323367
2108,Avalon - Palm Beach,New South Wales,Greater Sydney,60.0,0.03965631196298744,2547.0,2.0,65.0,0.03965631196298744,5.0,0.0
2110,Hunters Hill - Woolwich,New South Wales,Greater Sydney,284.0,0.04361849178313623,3368.0,0.0,306.0,0.04361849178313623,22.0,0.0
2111,Gladesville - Huntleys Point,New South Wales,Greater Sydney,258.0,0.02294557097118463,2315.0,6.0,394.0,0.03254587948322296,136.0,0.00960030851203833
2112,Ryde - North,New South Wales,Greater Sydney,539.0,0.023268865480918666,1889.0,3.0,780.0,0.031241435557603836,241.0,0.00797257007668517
2113,Macquarie Park - Marsfield,New South Wales,Greater Sydney,1149.0,0.050924079244781276,1924.0,39.0,1238.0,0.050924079244781276,89.0,0.0
2114,West Ryde - Meadowbank,New South Wales,Greater Sydney,306.0,0.01978533557480926,2019.0,4.0,531.0,0.031863871961832047,225.0,0.012078536387022786
2115,Ermington - Rydalmere,New South Wales,Greater Sydney,155.0,0.01949195171026157,1958.0,0.0,280.0,0.03262707218527794,125.0,0.01313512047501637
2116,Ermington - Rydalmere,New South Wales,Greater Sydney,186.0,0.02064372918978912,1958.0,7.0,350.0,0.03601894527673721,164.0,0.015375216086948092
2117,Oatlands - Dundas Valley,New South Wales,Greater Sydney,314.0,0.022877959927140257,1838.0,0.0,467.0,0.03160842880606651,153.0,0.008730468878926256
2118,Carlingford - West,New South Wales,Greater Sydney,414.0,0.0239251040221914,2101.0,0.0,602.0,0.03227772191166878,188.0,0.008352617889477377
2119,Pennant Hills - Cheltenham,New South Wales,Greater Sydney,291.0,0.03700406917599186,2784.0,2.0,313.0,0.03700406917599186,22.0,0.0
2120,Normanhurst - Thornleigh - Westleigh,New South Wales,Greater Sydney,410.0,0.027883569096844397,2781.0,6.0,516.0,0.032587096095085144,106.0,0.0047035269982407465
2121,Epping (NSW) - West,New South Wales,Greater Sydney,543.0,0.028266527850078084,2238.0,0.0,675.0,0.032595667988061905,132.0,0.004329140137983821
2122,Eastwood,New South Wales,Greater Sydney,466.0,0.02592201145908661,1953.0,4.0,626.0,0.03233053907752037,160.0,0.00640852761843376
2125,West Pennant Hills,New South Wales,Greater Sydney,391.0,0.03357952593610443,3217.0,0.0,421.0,0.03357952593610443,30.0,0.0
2126,Cherrybrook,New South Wales,Greater Sydney,405.0,0.03375,2924.0,2.0,436.0,0.03375,31.0,0.0
2127,Wentworth Point - Sydney Olympic Park,New South Wales,Greater Sydney,370.0,0.024509803921568627,2002.0,6.0,495.0,0.03042621910572052,125.0,0.005916415184151893
2128,Silverwater - Newington,New South Wales,Greater Sydney,56.0,0.010958904109589041,2272.0,0.0,177.0,0.03213857486844063,121.0,0.021179670758851587
2130,Haberfield - Summer Hill,New South Wales,Greater Sydney,68.0,0.018201284796573874,2377.0,7.0,197.0,0.04895884543657303,129.0,0.030757560639999154
2131,Ashfield - South,New South Wales,Greater Sydney,132.0,0.012225618227285358,1918.0,23.0,378.0,0.03246462717652321,246.0,0.02023900894923785
2132,Croydon,New South Wales,Greater Sydney,118.0,0.018694550063371358,2121.0,8.0,220.0,0.0323762483894825,102.0,0.01368169832611114
2133,Croydon Park - Enfield,New South Wales,Greater Sydney,63.0,0.00919573784848927,1844.0,0.0,242.0,0.03284287452697754,179.0,0.023647136678488268
2134,Burwood (NSW),New South Wales,Greater Sydney,192.0,0.023377572141726533,1662.0,12.0,266.0,0.03010542131960392,74.0,0.0067278491778773875
2135,Strathfield - West,New South Wales,Greater Sydney,356.0,0.025989195502993136,2726.0,10.0,466.0,0.031582269817590714,110.0,0.005593074314597577
2136,Strathfield South,New South Wales,Greater Sydney,84.0,0.0136986301369863,2045.0,0.0,212.0,0.0321207121014595,128.0,0.018422081964473203
2137,Concord - Mortlake - Cabarita,New South Wales,Greater Sydney,394.0,0.020892989712588822,2388.0,10.0,658.0,0.032365310937166214,264.0,0.011472321224577392
2138,Concord West - North Strathfield,New South Wales,Greater Sydney,321.0,0.03003087285994948,2385.0,6.0,375.0,0.03253982588648796,54.0,0.002508953026538481
2140,Homebush,New South Wales,Greater Sydney,313.0,0.022620510226205103,2037.0,12.0,456.0,0.030599702149629593,143.0,0.00797919192342449
2141,Lidcombe,New South Wales,Greater Sydney,345.0,0.015708236579702228,1886.0,0.0,717.0,0.030308306217193604,372.0,0.014600069637491376
2142,Granville - Clyde,New South Wales,Greater Sydney,192.0,0.010236178493362478,1585.0,14.0,644.0,0.031893447041511536,452.0,0.021657268548149058
2143,Regents Park,New South Wales,Greater Sydney,87.0,0.01244279176201373,1417.0,0.0,223.0,0.029586967080831528,136.0,0.017144175318817796
2144,Auburn - Central,New South Wales,Greater Sydney,205.0,0.008455351618890493,1564.0,2.0,798.0,0.030556920915842056,593.0,0.022101569296951562
2145,Pemulwuy - Greystanes (North),New South Wales,Greater Sydney,596.0,0.01133209111305472,2339.0,3.0,1783.0,0.03146481513977051,1187.0,0.020132724026715787
2146,Toongabbie - Constitution Hill,New South Wales,Greater Sydney,129.0,0.0111427831044312,2012.0,0.0,410.0,0.03286950662732124,281.0,0.021726723522890044
2147,Lalor Park - Kings Langley,New South Wales,Greater Sydney,251.0,0.009044393196886711,1971.0,11.0,940.0,0.03143811970949173,689.0,0.022393726512605017
2148,Blacktown - West,New South Wales,Greater Sydney,347.0,0.007344381653861621,1857.0,9.0,1557.0,0.030581826344132423,1210.0,0.023237444690270802
2150,Parramatta - North,New South Wales,Greater Sydney,335.0,0.016722408026755852,2149.0,34.0,697.0,0.032303959131240845,362.0,0.015581551104484993
2151,North Parramatta,New South Wales,Greater Sydney,208.0,0.014629343086228723,1862.0,4.0,491.0,0.032050613313913345,283.0,0.017421270227684624
2152,Northmead,New South Wales,Greater Sydney,120.0,0.01564333202972233,2075.0,2.0,271.0,0.03278893232345581,151.0,0.01714560029373348
2153,Baulkham Hills (West) - Bella Vista,New South Wales,Greater Sydney,1176.0,0.026032673661840883,2847.0,22.0,1416.0,0.029105445370078087,240.0,0.0030727717082372034
2154,Castle Hill - North,New South Wales,Greater Sydney,859.0,0.02865721434528774,2721.0,10.0,1014.0,0.03140988200902939,155.0,0.0027526676637416488
2155,Rouse Hill - Beaumont Hills,New South Wales,Greater Sydney,1586.0,0.031122448979591835,3206.0,18.0,1709.0,0.031122448979591835,123.0,0.0
2156,Dural - Kenthurst - Wisemans Ferry,New South Wales,Greater Sydney,204.0,0.01770525950355841,2595.0,0.0,364.0,0.029332203790545464,160.0,0.011626944286987052
2157,Dural - Kenthurst - Wisemans Ferry,New South Wales,Greater Sydney,45.0,0.012430939226519336,2595.0,4.0,112.0,0.028673944994807243,67.0,0.016243005768287907
2158,Dural - Kenthurst - Wisemans Ferry,New South Wales,Greater Sydney,158.0,0.02083058668424522,2595.0,4.0,233.0,0.028463443741202354,75.0,0.007632857056957133
2159,Galston - Laughtondale,New South Wales,Greater Sydney,62.0,0.013860943438408227,2364.0,0.0,152.0,0.03160642832517624,90.0,0.017745484886768012
2160,Merrylands - Holroyd,New South Wales,Greater Sydney,144.0,0.006027122049221497,1461.0,2.0,797.0,0.030945908278226852,653.0,0.024918786229005355
2161,Guildford West - Merrylands West,New South Wales,Greater Sydney,90.0,0.003930131004366812,1458.0,4.0,771.0,0.03126503899693489,681.0,0.02733490799256808
2162,Chester Hill - Sefton,New South Wales,Greater Sydney,68.0,0.005375069164492925,1415.0,0.0,455.0,0.03340912610292435,387.0,0.02803405693843142
2163,Bass Hill - Georges Hall,New South Wales,Greater Sydney,42.0,0.00617828773168579,1410.0,4.0,227.0,0.030976640060544014,185.0,0.024798352328858225
2164,Wetherill Park Industrial,New South Wales,Greater Sydney,131.0,0.005870753786860267,1062.0,4.0,741.0,0.030817672610282898,610.0,0.02494691882342263
2165,Fairfield,New South Wales,Greater Sydney,109.0,0.004080868588543616,1087.0,0.0,876.0,0.030458742752671242,767.0,0.026377874164127624
2166,Cabramatta - Lansvale,New South Wales,Greater Sydney,265.0,0.00800193254219887,1216.0,14.0,1046.0,0.02932336926460266,781.0,0.02132143672240379
2167,Glenfield,New South Wales,Greater Sydney,100.0,0.01675603217158177,2070.0,0.0,215.0,0.0334811732172966,115.0,0.01672514104571483
2168,Ashcroft - Busby - Miller,New South Wales,Greater Sydney,107.0,0.003987181398121925,1027.0,0.0,929.0,0.032129205763339996,822.0,0.028142024365218073
2170,Liverpool - East,New South Wales,Greater Sydney,636.0,0.007653613805386411,1345.0,29.0,2465.0,0.027532678097486496,1829.0,0.019879064292100086
2171,West Hoxton - Middleton Grange,New South Wales,Greater Sydney,287.0,0.010510895440395532,2412.0,0.0,959.0,0.03261723741889,672.0,0.022106341978494468
2172,Holsworthy - Wattle Grove,New South Wales,Greater Sydney,34.0,0.018589393110989613,2463.0,0.0,53.0,0.026671215891838074,19.0,0.008081822780848461
2173,Holsworthy Military Area,New South Wales,Greater Sydney,107.0,0.012127394310325286,2750.0,0.0,275.0,0.02892688289284706,168.0,0.016799488582521775
2174,Edmondson Park,New South Wales,Greater Sydney,203.0,0.024719922065270336,2562.0,30.0,289.0,0.03264449164271355,86.0,0.00792456957744321
2175,Horsley Park - Kemps Creek,New South Wales,Greater Sydney,11.0,0.006090808416389812,2372.0,0.0,64.0,0.032964304089546204,53.0,0.026873495673156392
2176,Edensor Park,New South Wales,Greater Sydney,204.0,0.00619797046849365,1817.0,2.0,1086.0,0.030641114339232445,882.0,0.024443143870738794
2177,Bonnyrigg Heights - Bonnyrigg,New South Wales,Greater Sydney,75.0,0.007007381108100533,1571.0,0.0,378.0,0.032767314463853836,303.0,0.025759933355753304
2178,Horsley Park - Kemps Creek,New South Wales,Greater Sydney,21.0,0.00631768953068592,2372.0,0.0,113.0,0.03150520846247673,92.0,0.02518751893179081
2179,Leppington - Catherine Field,New South Wales,Greater Sydney,269.0,0.015806792807615468,2271.0,16.0,637.0,0.034736473113298416,368.0,0.01892968030568295
2190,Greenacre - North,New South Wales,Greater Sydney,140.0,0.006834936288629596,1429.0,4.0,771.0,0.03495614230632782,631.0,0.028121206017698224
2191,Belmore - Belfield,New South Wales,Greater Sydney,30.0,0.007802340702210663,1525.0,0.0,133.0,0.03203326836228371,103.0,0.024230927660073044
2192,Belmore - Belfield,New South Wales,Greater Sydney,42.0,0.004754896411185328,1525.0,0.0,305.0,0.032093800604343414,263.0,0.027338904193158087
2193,Canterbury (North) - Ashbury,New South Wales,Greater Sydney,191.0,0.018507751937984495,2092.0,1.0,372.0,0.03345869109034538,181.0,0.014950939152360888
2194,Campsie - South,New South Wales,Greater Sydney,98.0,0.007182117991938439,1377.0,2.0,459.0,0.031250521540641785,361.0,0.024068403548703345
2195,Lakemba,New South Wales,Greater Sydney,57.0,0.004166666666666667,1227.0,4.0,520.0,0.035305969417095184,463.0,0.03113930275042852
2196,Punchbowl,New South Wales,Greater Sydney,114.0,0.0052363235496761746,1384.0,4.0,836.0,0.03566562011837959,722.0,0.03042929656870342
2197,Bass Hill - Georges Hall,New South Wales,Greater Sydney,38.0,0.005977662419380211,1410.0,0.0,211.0,0.030831575393676758,173.0,0.024853912974296545
2198,Bass Hill - Georges Hall,New South Wales,Greater Sydney,38.0,0.0059682739123606094,1410.0,0.0,212.0,0.030884528532624245,174.0,0.024916254620263634
2199,Yagoona - Birrong,New South Wales,Greater Sydney,78.0,0.006362672322375398,1453.0,0.0,410.0,0.031081153079867363,332.0,0.024718480757491966
2200,Condell Park,New South Wales,Greater Sydney,234.0,0.007570855441956775,1627.0,41.0,1035.0,0.031076550483703613,801.0,0.02350569504174684
2203,Dulwich Hill - Lewisham,New South Wales,Greater Sydney,134.0,0.01818922220713995,2162.0,16.0,248.0,0.031215067952871323,114.0,0.013025845745731374
2204,Marrickville - South,New South Wales,Greater Sydney,220.0,0.014641288433382138,2018.0,34.0,525.0,0.032427821308374405,305.0,0.017786532874992267
2205,Arncliffe - Bardwell Valley,New South Wales,Greater Sydney,218.0,0.0159205433433141,2067.0,2.0,545.0,0.036945734173059464,327.0,0.021025190829745362
2206,Earlwood,New South Wales,Greater Sydney,159.0,0.012543389081729252,2163.0,0.0,446.0,0.03266366571187973,287.0,0.02012027663015048
2207,Bexley - North,New South Wales,Greater Sydney,201.0,0.011392620302669614,1949.0,1.0,629.0,0.03310045227408409,428.0,0.021707831971414477
2208,Kingsgrove - North,New South Wales,Greater Sydney,115.0,0.012023000522739153,1841.0,2.0,331.0,0.03213750198483467,216.0,0.020114501462095518
2209,Narwee - Beverly Hills,New South Wales,Greater Sydney,134.0,0.013337314621279983,1646.0,5.0,359.0,0.033154234290122986,225.0,0.019816919668843004
2210,Peakhurst - Lugarno,New South Wales,Greater Sydney,238.0,0.010515154192807281,2091.0,8.0,780.0,0.03199158236384392,542.0,0.021476428171036635
2211,Padstow,New South Wales,Greater Sydney,155.0,0.012376237623762377,1899.0,0.0,428.0,0.03175242617726326,273.0,0.019376188553500883
2212,Revesby,New South Wales,Greater Sydney,137.0,0.009679242616928077,1932.0,0.0,486.0,0.031893134117126465,349.0,0.02221389150019839
2213,Panania (South) - Picnic Point,New South Wales,Greater Sydney,204.0,0.013285574731357865,2166.0,0.0,532.0,0.03216645494103432,328.0,0.018880880209676452
2214,Panania (North) - Milperra,New South Wales,Greater Sydney,38.0,0.009942438513867086,2064.0,0.0,140.0,0.03390493616461754,102.0,0.023962497650750453
2216,Rockdale - Banksia,New South Wales,Greater Sydney,141.0,0.008604906627608934,1910.0,2.0,565.0,0.03200627863407135,424.0,0.023401372006462418
2217,Kogarah,New South Wales,Greater Sydney,214.0,0.012433186149198234,1959.0,12.0,589.0,0.031745269894599915,375.0,0.01931208374540168
2218,Kogarah Bay - Carlton - Allawah,New South Wales,Greater Sydney,85.0,0.009319153601578775,1954.0,0.0,329.0,0.03346635401248932,244.0,0.024147200410910542
2219,Sans Souci - Ramsgate,New South Wales,Greater Sydney,131.0,0.013908058180273915,1798.0,0.0,328.0,0.032297518104314804,197.0,0.01838945992404089
2220,Hurstville - Central,New South Wales,Greater Sydney,326.0,0.018778801843317972,1717.0,6.0,586.0,0.03130767121911049,260.0,0.012528869375792517
2221,South Hurstville - Blakehurst,New South Wales,Greater Sydney,228.0,0.019517205957883924,2097.0,0.0,418.0,0.03324935585260391,190.0,0.013732149894719988
2222,Penshurst,New South Wales,Greater Sydney,104.0,0.01575996363085316,1689.0,0.0,221.0,0.031095992773771286,117.0,0.015336029142918126
2223,Mortdale - Oatley,New South Wales,Greater Sydney,275.0,0.020186449387065993,2151.0,3.0,501.0,0.03413662686944008,226.0,0.013950177482374086
2224,Sylvania - Taren Point,New South Wales,Greater Sydney,175.0,0.016137956473625967,2017.0,0.0,384.0,0.03289590775966644,209.0,0.016757951286040476
2225,Oyster Bay - Como - Jannali,New South Wales,Greater Sydney,81.0,0.02081727062451812,2745.0,0.0,134.0,0.03195638582110405,53.0,0.01113911519658593
2226,Oyster Bay - Como - Jannali,New South Wales,Greater Sydney,176.0,0.021176753699915774,2745.0,0.0,289.0,0.03226028382778168,113.0,0.011083530127865903
2227,Gymea - Grays Point,New South Wales,Greater Sydney,138.0,0.013428043203269437,2428.0,0.0,367.0,0.03314364701509476,229.0,0.01971560381182532
2228,Miranda - Yowie Bay,New South Wales,Greater Sydney,227.0,0.015796798886569242,2005.0,2.0,498.0,0.032186008989810944,271.0,0.0163892101032417
2229,Caringbah,New South Wales,Greater Sydney,317.0,0.012540053008425965,1894.0,10.0,873.0,0.03205891698598862,556.0,0.019518863977562653
2230,Cronulla - Kurnell - Bundeena,New South Wales,Greater Sydney,329.0,0.01499270871308786,2105.0,7.0,758.0,0.032052766531705856,429.0,0.017060057818617996
2231,Cronulla - Kurnell - Bundeena,New South Wales,Greater Sydney,15.0,0.007183908045977011,2105.0,0.0,69.0,0.030817674472928047,54.0,0.023633766426951038
2232,Royal National Park,New South Wales,Greater Sydney,399.0,0.015187271619975639,1875.0,12.0,834.0,0.029458703473210335,435.0,0.014271431853234696
2233,Heathcote - Waterfall,New South Wales,Greater Sydney,206.0,0.009747787819997161,2239.0,4.0,797.0,0.034999165683984756,591.0,0.025251377863987595
2234,Menai - Lucas Heights - Woronora,New South Wales,Greater Sydney,329.0,0.014249209580319633,2692.0,2.0,738.0,0.029682965949177742,409.0,0.015433756368858109
2250,Calga - Kulnura,New South Wales,Greater Sydney,645.0,0.01123712956671719,1777.0,58.0,1679.0,0.027149535715579987,1034.0,0.015912406148862794
2251,Kincumber - Picketts Valley,New South Wales,Greater Sydney,303.0,0.01198623363265952,1343.0,0.0,895.0,0.03285922110080719,592.0,0.02087298746814767
2256,Calga - Kulnura,New South Wales,Greater Sydney,91.0,0.008425145819831496,1777.0,0.0,354.0,0.030448993667960167,263.0,0.02202384784812867
2257,Box Head - MacMasters Beach,New South Wales,Greater Sydney,185.0,0.008735480215317783,1775.0,4.0,792.0,0.03470100462436676,607.0,0.02596552440904898
2258,Ourimbah - Fountaindale,New South Wales,Greater Sydney,49.0,0.010850310008857396,2011.0,2.0,143.0,0.029422860592603683,94.0,0.018572550583746288
2259,Jilliby - Yarramalong,New South Wales,Greater Sydney,343.0,0.006448823042791607,2575.0,16.0,1537.0,0.02681748941540718,1194.0,0.020368666372615574
2260,Wamberal - Forresters Beach,New South Wales,Greater Sydney,282.0,0.014492008839097589,2188.0,6.0,773.0,0.03689024969935417,491.0,0.02239824086025658
2261,Bateau Bay - Killarney Vale,New South Wales,Greater Sydney,262.0,0.006390711515476742,1515.0,21.0,1291.0,0.029239468276500702,1029.0,0.02284875676102396
2262,Blue Haven - San Remo,New South Wales,Greater Sydney,41.0,0.0026134625191228966,1497.0,1.0,567.0,0.03354385867714882,526.0,0.03093039615802592
2263,Gorokan - Kanwal - Charmhaven,New South Wales,Greater Sydney,82.0,0.004570791527313266,1239.0,12.0,615.0,0.031813088804483414,533.0,0.027242297277170147
2264,Morisset - Cooranbong,New South Wales,Rest of NSW,59.0,0.004371341779654738,1378.0,10.0,396.0,0.027231397107243538,337.0,0.0228600553275888
2265,Morisset - Cooranbong,New South Wales,Rest of NSW,56.0,0.008550923805161093,1378.0,0.0,186.0,0.026387978345155716,130.0,0.017837054539994623
2267,Wangi Wangi - Rathmines,New South Wales,Rest of NSW,21.0,0.008894536213468869,1553.0,0.0,83.0,0.03261997550725937,62.0,0.0237254392937905
2278,West Wallsend - Barnsley - Killingworth,New South Wales,Rest of NSW,4.0,0.0017953321364452424,1769.0,0.0,13.0,0.005594565998762846,9.0,0.0037992338623176036
2280,Belmont - Bennetts Green,New South Wales,Rest of NSW,146.0,0.007044292193380295,1538.0,4.0,666.0,0.02982456609606743,520.0,0.022780273902687134
2281,Swansea - Caves Beach,New South Wales,Rest of NSW,107.0,0.008956973045370836,1419.0,21.0,383.0,0.029745014384388924,276.0,0.020788041339018088
2282,Warners Bay - Boolaroo,New South Wales,Rest of NSW,125.0,0.009536888685435264,1648.0,4.0,421.0,0.02981138974428177,296.0,0.020274501058846504
2283,Toronto - Awaba,New South Wales,Rest of NSW,116.0,0.006018158236057069,1400.0,8.0,616.0,0.029648134484887123,500.0,0.023629976248830054
2284,Bolton Point - Teralba,New South Wales,Rest of NSW,98.0,0.009296148738379814,1470.0,6.0,351.0,0.030865328386425972,253.0,0.02156917964804616
2285,Edgeworth - Cameron Park,New South Wales,Rest of NSW,202.0,0.007022178961273726,2033.0,30.0,1059.0,0.03415876254439354,857.0,0.027136583583119815
2286,West Wallsend - Barnsley - Killingworth,New South Wales,Rest of NSW,20.0,0.005293806246691371,1769.0,4.0,145.0,0.035578396171331406,125.0,0.030284589924640035
2287,Wallsend - Elermore Vale,New South Wales,Rest of NSW,261.0,0.00866505096112347,1470.0,14.0,943.0,0.029046181589365005,682.0,0.020381130628241536
2289,Adamstown - Kotara,New South Wales,Rest of NSW,152.0,0.010378260275843234,2071.0,9.0,482.0,0.03057246096432209,330.0,0.020194200688478856
2290,Charlestown - Dudley,New South Wales,Rest of NSW,240.0,0.0088724584103512,1808.0,11.0,842.0,0.028878726065158844,602.0,0.020006267654807643
2291,Merewether - The Junction,New South Wales,Rest of NSW,148.0,0.014599980270296933,2277.0,0.0,349.0,0.031929560005664825,201.0,0.017329579735367893
2292,Hamilton - Broadmeadow,New South Wales,Rest of NSW,38.0,0.011652867218644588,1669.0,0.0,110.0,0.031377002596855164,72.0,0.019724135378210578
2293,Wickham - Carrington - Tighes Hill,New South Wales,Rest of NSW,37.0,0.011137868753762794,1915.0,4.0,152.0,0.042436618357896805,115.0,0.03129874960413401
2294,Wickham - Carrington - Tighes Hill,New South Wales,Rest of NSW,15.0,0.008147745790331342,1915.0,0.0,59.0,0.029989546164870262,44.0,0.021841800374538922
2295,Stockton - Fullerton Cove,New South Wales,Rest of NSW,51.0,0.00878401653461936,1419.0,4.0,182.0,0.029091451317071915,131.0,0.020307434782452553
2296,Wickham - Carrington - Tighes Hill,New South Wales,Rest of NSW,15.0,0.009113001215066828,1915.0,0.0,53.0,0.03000902384519577,38.0,0.020896022630128942
2297,Wickham - Carrington - Tighes Hill,New South Wales,Rest of NSW,27.0,0.018646408839779006,1915.0,0.0,47.0,0.030011054128408432,20.0,0.011364645288629426
2298,Waratah - North Lambton,New South Wales,Rest of NSW,46.0,0.00664835958953606,1639.0,4.0,228.0,0.030587458983063698,182.0,0.02393909939352764
2299,Waratah - North Lambton,New South Wales,Rest of NSW,42.0,0.004789599726308587,1639.0,7.0,336.0,0.03552842140197754,294.0,0.03073882167566895
2300,Newcastle - Cooks Hill,New South Wales,Rest of NSW,165.0,0.016566265060240965,1929.0,41.0,312.0,0.029122937470674515,147.0,0.01255667241043355
2302,Newcastle - Cooks Hill,New South Wales,Rest of NSW,12.0,0.008253094910591471,1929.0,0.0,45.0,0.02893161214888096,33.0,0.020678517238289486
2303,Hamilton - Broadmeadow,New South Wales,Rest of NSW,119.0,0.015008197755076303,1669.0,4.0,293.0,0.0342867337167263,174.0,0.019278535961650002
2304,Newcastle Port - Kooragang,New South Wales,Rest of NSW,85.0,0.0064340322458557265,1875.0,7.0,426.0,0.029950736090540886,341.0,0.02351670384468516
2305,Lambton - New Lambton,New South Wales,Rest of NSW,136.0,0.013563378877032014,1863.0,1.0,322.0,0.029767626896500587,186.0,0.016204248019468574
2306,Mount Hutton - Windale,New South Wales,Rest of NSW,0.0,0.0,1221.0,2.0,19.0,0.009818639606237411,19.0,0.009818639606237411
2307,Shortland - Jesmond,New South Wales,Rest of NSW,15.0,0.004545454545454545,1325.0,2.0,126.0,0.03544934466481209,111.0,0.03090389011935754
2308,Shortland - Jesmond,New South Wales,Rest of NSW,12.0,0.057971014492753624,1325.0,10.0,13.0,0.057971014492753624,1.0,0.0
2311,Dungog,New South Wales,Rest of NSW,3.0,0.0032822757111597373,1485.0,0.0,3.0,0.0032822757111597373,0.0,0.0
2312,Forster-Tuncurry Surrounds,New South Wales,Rest of NSW,5.0,0.003481894150417827,1142.0,2.0,32.0,0.02095530554652214,27.0,0.017473411396104314
2315,Nelson Bay Peninsula,New South Wales,Rest of NSW,108.0,0.008944099378881987,1267.0,10.0,353.0,0.027128713205456734,245.0,0.01818461382657475
2316,Anna Bay,New South Wales,Rest of NSW,30.0,0.005255781359495445,1283.0,9.0,171.0,0.027765536680817604,141.0,0.02250975532132216
2317,Nelson Bay Peninsula,New South Wales,Rest of NSW,37.0,0.006802721088435374,1267.0,11.0,157.0,0.02677622251212597,120.0,0.019973501423690594
2318,Williamtown - Medowie - Karuah,New South Wales,Rest of NSW,69.0,0.005695889053987122,1763.0,8.0,367.0,0.02815624326467514,298.0,0.022460354210688017
2319,Lemon Tree Passage - Tanilba Bay,New South Wales,Rest of NSW,27.0,0.004990757855822551,1111.0,10.0,171.0,0.029359621927142143,144.0,0.024368864071319593
2320,Rutherford (North) - Aberglasslyn,New South Wales,Rest of NSW,187.0,0.00544110800744879,1835.0,95.0,942.0,0.02543097920715809,755.0,0.019989871199709297
2321,Seaham - Woodville,New South Wales,Rest of NSW,98.0,0.005546437263003,2327.0,2.0,551.0,0.028970345854759216,453.0,0.023423908591756217
2322,Beresfield - Hexham,New South Wales,Rest of NSW,163.0,0.00683380848566158,1237.0,23.0,769.0,0.02994336187839508,606.0,0.0231095533927335
2323,Cessnock Surrounds,New South Wales,Rest of NSW,111.0,0.005497498885642118,1814.0,24.0,615.0,0.028264660388231277,504.0,0.02276716150258916
2324,Williamtown - Medowie - Karuah,New South Wales,Rest of NSW,101.0,0.004798555682250095,1763.0,36.0,736.0,0.0324406661093235,635.0,0.027642110427073405
2325,Cessnock Surrounds,New South Wales,Rest of NSW,86.0,0.003530377668308703,1814.0,38.0,717.0,0.027338214218616486,631.0,0.023807836550307784
2326,Kurri Kurri - Abermain,New South Wales,Rest of NSW,27.0,0.004198413932514383,1464.0,0.0,182.0,0.026311062276363373,155.0,0.02211264834384899
2327,Kurri Kurri - Abermain,New South Wales,Rest of NSW,14.0,0.002232498804018498,1464.0,0.0,79.0,0.011727511882781982,65.0,0.009495013078763485
2328,Muswellbrook Surrounds,New South Wales,Rest of NSW,7.0,0.003298774740810556,1741.0,5.0,53.0,0.023264247924089432,46.0,0.019965473183278876
2329,Scone Surrounds,New South Wales,Rest of NSW,0.0,0.0,1362.0,0.0,1.0,0.0006303382688201964,1.0,0.0006303382688201964
2330,Singleton Surrounds,New South Wales,Rest of NSW,52.0,0.0024642214008150885,2034.0,34.0,704.0,0.030963674187660217,652.0,0.02849945278684513
2331,Singleton Surrounds,New South Wales,Rest of NSW,0.0,0.0,2034.0,0.0,0.0,0.004310315009206533,0.0,0.004310315009206533
2333,Muswellbrook Surrounds,New South Wales,Rest of NSW,26.0,0.0020991441950589376,1741.0,12.0,430.0,0.03225209563970566,404.0,0.03015295144464672
2334,Branxton - Greta - Pokolbin,New South Wales,Rest of NSW,9.0,0.003094910591471802,2128.0,0.0,91.0,0.02898014523088932,82.0,0.02588523463941752
2335,Branxton - Greta - Pokolbin,New South Wales,Rest of NSW,25.0,0.0030513853289393386,2128.0,2.0,243.0,0.02758125215768814,218.0,0.024529866828748803
2336,Scone Surrounds,New South Wales,Rest of NSW,5.0,0.002268602540834846,1362.0,0.0,8.0,0.0035612736828625202,3.0,0.0012926711420276744
2337,Scone Surrounds,New South Wales,Rest of NSW,13.0,0.001813363091086623,1362.0,9.0,50.0,0.006430006120353937,37.0,0.004616643029267314
2338,Scone Surrounds,New South Wales,Rest of NSW,6.0,0.004995836802664446,1362.0,0.0,26.0,0.020050380378961563,20.0,0.015054543576297118
2339,Quirindi,New South Wales,Rest of NSW,0.0,0.0,1165.0,2.0,1.0,0.0010411202674731612,1.0,0.0010411202674731612
2340,Tamworth Surrounds,New South Wales,Rest of NSW,134.0,0.0030706478150278422,1431.0,39.0,945.0,0.020104415714740753,811.0,0.01703376789971291
2341,Quirindi,New South Wales,Rest of NSW,0.0,0.0,1165.0,0.0,1.0,0.0006452911766245961,1.0,0.0006452911766245961
2342,Quirindi,New South Wales,Rest of NSW,0.0,0.0,1165.0,4.0,0.0,0.0007908160914666951,0.0,0.0007908160914666951
2343,Quirindi,New South Wales,Rest of NSW,5.0,0.0011251125112511251,1165.0,4.0,23.0,0.004722387995570898,18.0,0.003597275484319773
2344,Tamworth Surrounds,New South Wales,Rest of NSW,0.0,0.0,1431.0,0.0,1.0,0.0010426297085359693,1.0,0.0010426297085359693
2345,Tamworth Surrounds,New South Wales,Rest of NSW,0.0,0.0,1431.0,0.0,1.0,0.0010426297085359693,1.0,0.0010426297085359693
2346,Tamworth Surrounds,New South Wales,Rest of NSW,3.0,0.0011169024571854058,1431.0,0.0,3.0,0.0011169024571854058,0.0,0.0
2347,Tamworth Surrounds,New South Wales,Rest of NSW,0.0,0.0,1431.0,0.0,7.0,0.004007486626505852,7.0,0.004007486626505852
2350,Armidale Surrounds - North,New South Wales,Rest of NSW,82.0,0.004163493272404163,1228.0,24.0,560.0,0.026372214779257774,478.0,0.022208721506853612
2352,Tamworth Surrounds,New South Wales,Rest of NSW,0.0,0.0,1431.0,0.0,3.0,0.0010377271100878716,3.0,0.0010377271100878716
2353,Tamworth Surrounds,New South Wales,Rest of NSW,0.0,0.0,1431.0,0.0,1.0,0.0010540978983044624,1.0,0.0010540978983044624
2354,Walcha,New South Wales,Rest of NSW,4.0,0.001215436037678517,1211.0,3.0,12.0,0.003451067488640547,8.0,0.00223563145096203
2355,Tamworth Surrounds,New South Wales,Rest of NSW,4.0,0.006024096385542169,1431.0,0.0,4.0,0.006024096385542169,0.0,0.0
2356,Narrabri Surrounds,New South Wales,Rest of NSW,0.0,0.0,1434.0,0.0,0.0,9.149600373348221e-05,0.0,9.149600373348221e-05
2357,Coonabarabran,New South Wales,Rest of NSW,3.0,0.0008422234699606962,1079.0,4.0,3.0,0.0008422234699606962,0.0,0.0
2358,Armidale Surrounds - South,New South Wales,Rest of NSW,6.0,0.001774622892635315,1402.0,4.0,16.0,0.004390103742480278,10.0,0.002615480849844963
2359,Inverell Surrounds - East,New South Wales,Rest of NSW,0.0,0.0,1057.0,0.0,0.0,0.00033106355112977326,0.0,0.00033106355112977326
2360,Inverell Surrounds - East,New South Wales,Rest of NSW,5.0,0.0004253871022630594,1057.0,10.0,14.0,0.0011127572506666183,9.0,0.000687370148403559
2361,Inverell Surrounds - East,New South Wales,Rest of NSW,3.0,0.003865979381443299,1057.0,0.0,3.0,0.003865979381443299,0.0,0.0
2365,Armidale Surrounds - North,New South Wales,Rest of NSW,3.0,0.0009354536950420954,1228.0,0.0,3.0,0.0009354536950420954,0.0,0.0
2369,Inverell Surrounds - East,New South Wales,Rest of NSW,0.0,0.0,1057.0,0.0,0.0,0.00034725561272352934,0.0,0.00034725561272352934
2370,Glen Innes,New South Wales,Rest of NSW,7.0,0.00109838380668445,934.0,8.0,37.0,0.005403058137744665,30.0,0.004304674331060215
2371,Glen Innes,New South Wales,Rest of NSW,3.0,0.0027149321266968325,934.0,0.0,3.0,0.0027149321266968325,0.0,0.0
2372,Tenterfield,New South Wales,Rest of NSW,8.0,0.0019885657469550086,885.0,14.0,50.0,0.011473234742879868,42.0,0.009484668995924858
2379,Coonabarabran,New South Wales,Rest of NSW,3.0,0.009708737864077669,1079.0,0.0,3.0,0.009708737864077669,0.0,0.0
2380,Gunnedah Surrounds,New South Wales,Rest of NSW,6.0,0.0006359300476947536,1585.0,13.0,11.0,0.001072020037099719,5.0,0.0004360899894049655
2381,Gunnedah Surrounds,New South Wales,Rest of NSW,3.0,0.0025252525252525255,1585.0,0.0,3.0,0.0025252525252525255,0.0,0.0
2382,Gunnedah Surrounds,New South Wales,Rest of NSW,3.0,0.002191380569758948,1585.0,0.0,3.0,0.002191380569758948,0.0,0.0
2386,Walgett - Lightning Ridge,New South Wales,Rest of NSW,0.0,0.0,991.0,0.0,0.0,0.0003969277604483068,0.0,0.0003969277604483068
2387,Walgett - Lightning Ridge,New South Wales,Rest of NSW,0.0,0.0,991.0,0.0,0.0,0.00035443014348857105,0.0,0.00035443014348857105
2388,Narrabri Surrounds,New South Wales,Rest of NSW,0.0,0.0,1434.0,0.0,1.0,0.0003583845682442188,1.0,0.0003583845682442188
2390,Narrabri Surrounds,New South Wales,Rest of NSW,9.0,0.0012175324675324675,1434.0,11.0,27.0,0.003356244880706072,18.0,0.0021387124131736043
2395,Coonabarabran,New South Wales,Rest of NSW,0.0,0.0,1079.0,0.0,0.0,0.0005589128704741597,0.0,0.0005589128704741597
2396,Coonabarabran,New South Wales,Rest of NSW,0.0,0.0,1079.0,0.0,0.0,0.0005439882515929639,0.0,0.0005439882515929639
2397,Narrabri Surrounds,New South Wales,Rest of NSW,0.0,0.0,1434.0,0.0,0.0,0.0001824185746954754,0.0,0.0001824185746954754
2398,Moree Surrounds,New South Wales,Rest of NSW,0.0,0.0,1627.0,0.0,0.0,0.0001529587316326797,0.0,0.0001529587316326797
2399,Moree Surrounds,New South Wales,Rest of NSW,3.0,0.005338078291814947,1627.0,0.0,3.0,0.005338078291814947,0.0,0.0
2400,Moree Surrounds,New South Wales,Rest of NSW,3.0,0.00039411455596426696,1627.0,11.0,3.0,0.00039411455596426696,0.0,0.0
2401,Inverell Surrounds - West,New South Wales,Rest of NSW,0.0,0.0,1034.0,0.0,0.0,0.000354782328940928,0.0,0.000354782328940928
2402,Inverell Surrounds - West,New South Wales,Rest of NSW,0.0,0.0,1034.0,1.0,1.0,0.0003912986721843481,1.0,0.0003912986721843481
2403,Inverell Surrounds - West,New South Wales,Rest of NSW,0.0,0.0,1034.0,0.0,0.0,0.00034311131457798183,0.0,0.00034311131457798183
2404,Inverell Surrounds - West,New South Wales,Rest of NSW,0.0,0.0,1034.0,6.0,1.0,0.0004099825455341488,1.0,0.0004099825455341488
2405,Moree Surrounds,New South Wales,Rest of NSW,0.0,0.0,1627.0,0.0,0.0,0.0002130501961801201,0.0,0.0002130501961801201
2406,Moree Surrounds,New South Wales,Rest of NSW,0.0,0.0,1627.0,0.0,0.0,0.0002717377501539886,0.0,0.0002717377501539886
2408,Moree Surrounds,New South Wales,Rest of NSW,0.0,0.0,1627.0,0.0,0.0,0.00015875929966568947,0.0,0.00015875929966568947
2409,Moree Surrounds,New South Wales,Rest of NSW,0.0,0.0,1627.0,0.0,0.0,0.00019714096561074257,0.0,0.00019714096561074257
2410,Inverell Surrounds - East,New South Wales,Rest of NSW,0.0,0.0,1057.0,0.0,0.0,0.00024272047448903322,0.0,0.00024272047448903322
2411,Moree Surrounds,New South Wales,Rest of NSW,0.0,0.0,1627.0,0.0,0.0,0.00022012903355062008,0.0,0.00022012903355062008
2415,Bulahdelah - Stroud,New South Wales,Rest of NSW,3.0,0.007407407407407408,1189.0,0.0,3.0,0.007407407407407408,0.0,0.0
2420,Dungog,New South Wales,Rest of NSW,22.0,0.006002728512960437,1485.0,4.0,104.0,0.026343699544668198,82.0,0.02034097103170776
2421,Dungog,New South Wales,Rest of NSW,5.0,0.002651113467656416,1485.0,6.0,11.0,0.00546380365267396,6.0,0.002812690185017544
2422,Gloucester,New South Wales,Rest of NSW,21.0,0.004171632896305125,1069.0,0.0,27.0,0.004980664700269699,6.0,0.0008090318039645737
2423,Bulahdelah - Stroud,New South Wales,Rest of NSW,11.0,0.0034108527131782944,1189.0,12.0,83.0,0.023872876539826393,72.0,0.0204620238266481
2424,Taree Surrounds,New South Wales,Rest of NSW,0.0,0.0,1069.0,0.0,1.0,0.002384912921115756,1.0,0.002384912921115756
2425,Bulahdelah - Stroud,New South Wales,Rest of NSW,3.0,0.001611170784103115,1189.0,0.0,3.0,0.001696807681582868,0.0,8.56368974797531e-05
2426,Taree Surrounds,New South Wales,Rest of NSW,3.0,0.004373177842565598,1069.0,2.0,3.0,0.004373177842565598,0.0,0.0
2427,Taree Surrounds,New South Wales,Rest of NSW,3.0,0.0009646302250803858,1069.0,4.0,4.0,0.0010591583559289575,1.0,9.452813084857164e-05
2428,Forster-Tuncurry Surrounds,New South Wales,Rest of NSW,88.0,0.0042985541227041815,1142.0,19.0,593.0,0.026873251423239708,505.0,0.022574697300535525
2429,Taree Surrounds,New South Wales,Rest of NSW,21.0,0.0024093620927030748,1069.0,0.0,65.0,0.006933499127626419,44.0,0.004524137034923345
2430,Taree,New South Wales,Rest of NSW,112.0,0.0036576205871787335,1021.0,38.0,865.0,0.026220617815852165,753.0,0.022562997228673432
2431,South West Rocks,New South Wales,Rest of NSW,17.0,0.0035520267446719597,997.0,10.0,147.0,0.028607768937945366,130.0,0.025055742193273407
2439,Laurieton - Bonny Hills,New South Wales,Rest of NSW,14.0,0.003937007874015748,1089.0,8.0,95.0,0.024918079376220703,81.0,0.020981071502204955
2440,Kempsey Surrounds,New South Wales,Rest of NSW,24.0,0.00128783000643915,1160.0,6.0,385.0,0.01918487250804901,361.0,0.01789704250160986
2441,Kempsey,New South Wales,Rest of NSW,16.0,0.0035437430786267998,1081.0,0.0,135.0,0.02766553685069084,119.0,0.02412179377206404
2443,Taree Surrounds,New South Wales,Rest of NSW,29.0,0.003848195329087049,1069.0,2.0,213.0,0.02625052072107792,184.0,0.02240232539199087
2444,Port Macquarie Surrounds,New South Wales,Rest of NSW,278.0,0.006750030350855894,1334.0,77.0,1153.0,0.025998102501034737,875.0,0.019248072150178843
2445,Laurieton - Bonny Hills,New South Wales,Rest of NSW,29.0,0.004554020100502512,1089.0,10.0,172.0,0.02510172687470913,143.0,0.020547706774206618
2446,Port Macquarie Surrounds,New South Wales,Rest of NSW,62.0,0.0047169811320754715,1334.0,4.0,396.0,0.027987631037831306,334.0,0.023270649905755836
2447,Nambucca Heads Surrounds,New South Wales,Rest of NSW,23.0,0.0032875929102344197,1111.0,5.0,48.0,0.006408758461475372,25.0,0.0031211655512409526
2448,Nambucca Heads Surrounds,New South Wales,Rest of NSW,21.0,0.0028594771241830064,1111.0,16.0,52.0,0.006632789503782988,31.0,0.0037733123795999812
2449,Nambucca Heads Surrounds,New South Wales,Rest of NSW,0.0,0.0,1111.0,0.0,7.0,0.003276173258200288,7.0,0.003276173258200288
2450,Coramba - Nana Glen - Bucca,New South Wales,Rest of NSW,208.0,0.0053477310708317264,1676.0,54.0,1094.0,0.026116473600268364,886.0,0.020768742529436637
2452,Sawtell - Boambee,New South Wales,Rest of NSW,40.0,0.003710230961877377,1352.0,2.0,313.0,0.02691231481730938,273.0,0.023202083855432
2453,Dorrigo,New South Wales,Rest of NSW,10.0,0.003913894324853229,939.0,8.0,14.0,0.004985833074897528,4.0,0.001071938750044299
2454,Bellingen,New South Wales,Rest of NSW,62.0,0.009432527004411988,1317.0,4.0,192.0,0.027169931679964066,130.0,0.017737404675552078
2455,Urunga,New South Wales,Rest of NSW,8.0,0.0030165912518853697,1178.0,2.0,43.0,0.015017242170870304,35.0,0.012000650918984935
2456,Woolgoolga - Arrawarra,New South Wales,Rest of NSW,69.0,0.005072410497684334,1346.0,0.0,409.0,0.027943912893533707,340.0,0.022871502395849373
2460,Grafton Surrounds,New South Wales,Rest of NSW,53.0,0.002137786382704098,1193.0,8.0,366.0,0.01370630320161581,313.0,0.011568516818911712
2462,Grafton Surrounds,New South Wales,Rest of NSW,5.0,0.0022036139268400176,1193.0,0.0,6.0,0.002431721892207861,1.0,0.00022810796536784335
2463,Maclean - Yamba - Iluka,New South Wales,Rest of NSW,17.0,0.002504050670201797,1079.0,8.0,34.0,0.004594862461090088,17.0,0.0020908117908882908
2464,Maclean - Yamba - Iluka,New South Wales,Rest of NSW,32.0,0.0059512739445787615,1079.0,12.0,142.0,0.02457047998905182,110.0,0.018619206044473056
2465,Maclean - Yamba - Iluka,New South Wales,Rest of NSW,3.0,0.010638297872340425,1079.0,8.0,3.0,0.010638297872340425,0.0,0.0
2466,Maclean - Yamba - Iluka,New South Wales,Rest of NSW,4.0,0.0028469750889679717,1079.0,0.0,8.0,0.004998108837753534,4.0,0.0021511337487855626
2469,Casino Surrounds,New South Wales,Rest of NSW,8.0,0.0021721422753190334,1147.0,6.0,132.0,0.033349357545375824,124.0,0.03117721527005679
2470,Casino Surrounds,New South Wales,Rest of NSW,24.0,0.0020251455573369334,1147.0,5.0,79.0,0.006205243058502674,55.0,0.004180097501165741
2471,Casino Surrounds,New South Wales,Rest of NSW,0.0,0.0,1147.0,0.0,1.0,0.0006268836441449821,1.0,0.0006268836441449821
2472,Evans Head,New South Wales,Rest of NSW,4.0,0.0024140012070006035,1127.0,12.0,20.0,0.01131635531783104,16.0,0.008902354110830436
2473,Evans Head,New South Wales,Rest of NSW,10.0,0.0038580246913580245,1127.0,7.0,73.0,0.02599160559475422,63.0,0.022133580903396195
2474,Kyogle,New South Wales,Rest of NSW,8.0,0.0014845054741139357,1013.0,8.0,34.0,0.005802965722978115,26.0,0.004318460248864179
2475,Tenterfield,New South Wales,Rest of NSW,0.0,0.0,885.0,0.0,0.0,0.0007010427652858198,0.0,0.0007010427652858198
2476,Tenterfield,New South Wales,Rest of NSW,0.0,0.0,885.0,2.0,0.0,0.0006447692285291851,0.0,0.0006447692285291851
2477,Ballina Surrounds,New South Wales,Rest of NSW,70.0,0.0068694798822374874,1565.0,1.0,291.0,0.026484353467822075,221.0,0.019614873585584586
2478,Ballina,New South Wales,Rest of NSW,266.0,0.010556812318926856,1150.0,23.0,722.0,0.026603171601891518,456.0,0.016046359282964662
2479,Bangalow,New South Wales,Rest of NSW,117.0,0.02378048780487805,2106.0,16.0,130.0,0.024475911632180214,13.0,0.0006954238273021648
2480,Lismore Surrounds,New South Wales,Rest of NSW,213.0,0.005676367125039975,1478.0,13.0,1088.0,0.026916634291410446,875.0,0.021240267166370473
2481,Bangalow,New South Wales,Rest of NSW,226.0,0.019417475728155338,2106.0,46.0,333.0,0.0265701562166214,107.0,0.007152680488466061
2482,Mullumbimby,New South Wales,Rest of NSW,96.0,0.015044663845792195,1364.0,4.0,179.0,0.02605058252811432,83.0,0.011005918682322124
2483,Mullumbimby,New South Wales,Rest of NSW,113.0,0.01219117488402201,1364.0,5.0,273.0,0.027373790740966797,160.0,0.015182615856944788
2484,Murwillumbah Surrounds,New South Wales,Rest of NSW,100.0,0.0064139567699313706,1387.0,2.0,464.0,0.027636799961328506,364.0,0.021222843191397136
2485,Tweed Heads,New South Wales,Rest of NSW,59.0,0.006470007676280294,1182.0,18.0,171.0,0.01736649125814438,112.0,0.010896483581864085
2486,Tweed Heads,New South Wales,Rest of NSW,136.0,0.00616919936493536,1182.0,14.0,613.0,0.025831449776887894,477.0,0.019662250411952534
2487,Kingscliff - Fingal Head,New South Wales,Rest of NSW,161.0,0.016019900497512438,1537.0,8.0,320.0,0.029589682817459106,159.0,0.013569782319946669
2488,Pottsville,New South Wales,Rest of NSW,20.0,0.009017132551848512,1466.0,5.0,63.0,0.02633076347410679,43.0,0.017313630922258277
2489,Pottsville,New South Wales,Rest of NSW,62.0,0.012291831879460745,1466.0,0.0,149.0,0.027379760518670082,87.0,0.015087928639209337
2490,Terranora - North Tumbulgum,New South Wales,Rest of NSW,5.0,0.01016260162601626,2100.0,0.0,16.0,0.029741071164608,11.0,0.019578469538591742
2500,Wollongong - West,New South Wales,Rest of NSW,395.0,0.012708319927932565,1595.0,40.0,921.0,0.027497947216033936,526.0,0.01478962728810137
2502,Port Kembla - Warrawong,New South Wales,Rest of NSW,33.0,0.003996124969726326,1108.0,8.0,281.0,0.03164171427488327,248.0,0.027645589305156943
2505,Port Kembla Industrial,New South Wales,Rest of NSW,25.0,0.005819366852886406,1627.0,0.0,134.0,0.02905474230647087,109.0,0.023235375453584464
2506,Berkeley - Lake Heights - Cringila,New South Wales,Rest of NSW,17.0,0.003168095415579575,1251.0,0.0,121.0,0.020947162061929703,104.0,0.01777906664635013
2508,Helensburgh,New South Wales,Rest of NSW,86.0,0.01242595000722439,2542.0,6.0,206.0,0.027595466002821922,120.0,0.015169515995597533
2515,Thirroul - Austinmer - Coalcliff,New South Wales,Rest of NSW,231.0,0.028091937249179133,2423.0,2.0,274.0,0.030944515019655228,43.0,0.0028525777704760946
2516,Woonona - Bulli - Russell Vale,New South Wales,Rest of NSW,107.0,0.02234753550543024,1968.0,2.0,154.0,0.029837509617209435,47.0,0.0074899741117791935
2517,Woonona - Bulli - Russell Vale,New South Wales,Rest of NSW,115.0,0.011875258157786039,1968.0,0.0,305.0,0.02920876070857048,190.0,0.01733350255078444
2518,Corrimal - Tarrawanna - Bellambi,New South Wales,Rest of NSW,116.0,0.008451730418943534,1431.0,2.0,435.0,0.029417740181088448,319.0,0.020966009762144914
2519,Balgownie - Fairy Meadow,New South Wales,Rest of NSW,163.0,0.013023330137424098,1635.0,10.0,394.0,0.029210954904556274,231.0,0.016187624767132175
2525,Figtree - Keiraville,New South Wales,Rest of NSW,142.0,0.016145537237066514,1938.0,12.0,280.0,0.02953791804611683,138.0,0.013392380809050315
2526,Illawarra Catchment Reserve,New South Wales,Rest of NSW,162.0,0.010613902902443819,3249.0,8.0,453.0,0.027565907686948776,291.0,0.016952004784504957
2527,Albion Park - Macquarie Pass,New South Wales,Rest of NSW,162.0,0.007274686784319009,2088.0,15.0,646.0,0.02691987343132496,484.0,0.01964518664700595
2528,Warilla,New South Wales,Rest of NSW,52.0,0.003027656477438137,1191.0,0.0,383.0,0.02069218084216118,331.0,0.01766452436472304
2529,Shellharbour - Flinders,New South Wales,Rest of NSW,214.0,0.009159782562170954,2127.0,23.0,711.0,0.02823059633374214,497.0,0.019070813771571188
2530,Dapto - Avondale,New South Wales,Rest of NSW,175.0,0.006651968982818914,1445.0,6.0,781.0,0.02757088653743267,606.0,0.020918917554613756
2533,Kiama Hinterland - Gerringong,New South Wales,Rest of NSW,194.0,0.014120387218866002,1985.0,16.0,424.0,0.028661731630563736,230.0,0.014541344411697734
2534,Kiama Hinterland - Gerringong,New South Wales,Rest of NSW,56.0,0.012014589143960523,1985.0,6.0,142.0,0.02821790613234043,86.0,0.016203316988379908
2535,Berry - Kangaroo Valley,New South Wales,Rest of NSW,96.0,0.013969732246798603,1429.0,22.0,194.0,0.026177803054451942,98.0,0.01220807080765334
2536,Eurobodalla Hinterland,New South Wales,Rest of NSW,99.0,0.0060919328041351304,1290.0,35.0,462.0,0.026363778859376907,363.0,0.020271846055241776
2537,Deua - Wadbilliga,New South Wales,Rest of NSW,84.0,0.007170906607478231,875.0,18.0,333.0,0.026414310559630394,249.0,0.019243403952152162
2538,Ulladulla Surrounds,New South Wales,Rest of NSW,21.0,0.008724553385957623,1144.0,1.0,65.0,0.024946676567196846,44.0,0.016222123181239223
2539,Ettrema - Sassafras - Budawang,New South Wales,Rest of NSW,127.0,0.0071966906556355185,1166.0,51.0,505.0,0.026569001376628876,378.0,0.01937231072099336
2540,Tomerong - Wandandian - Woollamia,New South Wales,Rest of NSW,206.0,0.005138694871283177,1716.0,36.0,1149.0,0.026608046144247055,943.0,0.02146935127296388
2541,North Nowra - Bomaderry,New South Wales,Rest of NSW,103.0,0.004305840056853811,1363.0,12.0,686.0,0.026630830019712448,583.0,0.022324989962858637
2545,Deua - Wadbilliga,New South Wales,Rest of NSW,0.0,0.0,875.0,3.0,7.0,0.0058621675707399845,7.0,0.0058621675707399845
2546,Deua - Wadbilliga,New South Wales,Rest of NSW,36.0,0.004202661685734298,875.0,19.0,58.0,0.0062460144981741905,22.0,0.0020433528124398923
2548,Bega-Eden Hinterland,New South Wales,Rest of NSW,35.0,0.005207558399047761,1220.0,21.0,189.0,0.02615061029791832,154.0,0.02094305189887056
2549,Bega-Eden Hinterland,New South Wales,Rest of NSW,15.0,0.00409724119093144,1220.0,1.0,21.0,0.0054064723663032055,6.0,0.0013092311753717658
2550,Bega-Eden Hinterland,New South Wales,Rest of NSW,111.0,0.0071121932466201064,1220.0,25.0,485.0,0.028827399015426636,374.0,0.02171520576880653
2551,Bega-Eden Hinterland,New South Wales,Rest of NSW,6.0,0.0019505851755526658,1220.0,13.0,16.0,0.004682698752731085,10.0,0.002732113577178419
2555,Badgerys Creek,New South Wales,Greater Sydney,0.0,0.0,2083.0,0.0,1.0,0.007383666466921568,1.0,0.007383666466921568
2556,Cobbitty - Bringelly,New South Wales,Greater Sydney,14.0,0.006102877070619006,2273.0,0.0,26.0,0.010421857237815857,12.0,0.004318980167196851
2557,Leppington - Catherine Field,New South Wales,Greater Sydney,278.0,0.01652204920955664,2271.0,4.0,588.0,0.03243441507220268,310.0,0.015912365862646043
2558,Claymore - Eagle Vale - Raby,New South Wales,Greater Sydney,24.0,0.0032423669278573357,1794.0,0.0,252.0,0.03164435923099518,228.0,0.028401992303137842
2559,Claymore - Eagle Vale - Raby,New South Wales,Greater Sydney,11.0,0.008481110254433308,1794.0,0.0,42.0,0.03022981807589531,31.0,0.021748707821462
2560,Douglas Park - Appin,New South Wales,Greater Sydney,430.0,0.007859767131550567,2484.0,22.0,1569.0,0.026615554466843605,1139.0,0.01875578733529304
2563,Rosemeadow - Glen Alpine,New South Wales,Greater Sydney,6.0,0.009966777408637873,1663.0,0.0,19.0,0.028531765565276146,13.0,0.018564988156638273
2564,Macquarie Fields,New South Wales,Greater Sydney,45.0,0.0057084866167702655,1378.0,0.0,280.0,0.032939545810222626,235.0,0.02723105919345236
2565,Denham Court - Bardia,New South Wales,Greater Sydney,336.0,0.014376176621598494,2437.0,8.0,911.0,0.03617984801530838,575.0,0.021803671393709888
2566,Minto - St Andrews,New South Wales,Greater Sydney,150.0,0.00783535311324697,1727.0,4.0,685.0,0.033230047672986984,535.0,0.025394694559740014
2567,Mount Annan,New South Wales,Greater Sydney,301.0,0.00934753579081395,2395.0,8.0,1094.0,0.03152363747358322,793.0,0.022176101682769272
2568,Douglas Park - Appin,New South Wales,Greater Sydney,10.0,0.008802816901408451,2484.0,0.0,36.0,0.02979322150349617,26.0,0.020990404602087717
2569,Douglas Park - Appin,New South Wales,Greater Sydney,6.0,0.004815409309791332,2484.0,0.0,37.0,0.027319323271512985,31.0,0.022503913961721654
2570,The Oaks - Oakdale,New South Wales,Greater Sydney,439.0,0.008581090326237807,2296.0,28.0,1535.0,0.0278492234647274,1096.0,0.019268133138489595
2571,Douglas Park - Appin,New South Wales,Greater Sydney,108.0,0.008897676717745922,2484.0,4.0,384.0,0.029396522790193558,276.0,0.020498846072447636
2572,Picton - Tahmoor - Buxton,New South Wales,Greater Sydney,31.0,0.006458333333333333,1886.0,0.0,146.0,0.028257908299565315,115.0,0.021799574966231982
2573,Picton - Tahmoor - Buxton,New South Wales,Greater Sydney,12.0,0.002364998029168309,1886.0,3.0,48.0,0.008790374733507633,36.0,0.006425376704339325
2574,Illawarra Catchment Reserve,New South Wales,Rest of NSW,27.0,0.00510879848628193,3249.0,18.0,154.0,0.026970718055963516,127.0,0.021861919569681587
2575,Southern Highlands,New South Wales,Rest of NSW,135.0,0.007439246156389486,1574.0,12.0,528.0,0.026983389630913734,393.0,0.01954414347452425
2576,Robertson - Fitzroy Falls,New South Wales,Rest of NSW,204.0,0.017282277194171466,1914.0,17.0,360.0,0.028339292854070663,156.0,0.011057015659899198
2577,Southern Highlands,New South Wales,Rest of NSW,145.0,0.009219226856561546,1574.0,20.0,455.0,0.0268351212143898,310.0,0.017615894357828253
2578,Southern Highlands,New South Wales,Rest of NSW,38.0,0.015644298065047343,1574.0,4.0,63.0,0.024242157116532326,25.0,0.008597859051484982
2579,Goulburn Surrounds,New South Wales,Rest of NSW,49.0,0.010043041606886656,1516.0,16.0,82.0,0.015587391331791878,33.0,0.005544349724905221
2580,Goulburn Surrounds,New South Wales,Rest of NSW,132.0,0.004576183047321893,1516.0,47.0,832.0,0.02678120695054531,700.0,0.022205023903223417
2581,Yass Surrounds,New South Wales,Rest of NSW,25.0,0.010080645161290322,2575.0,2.0,59.0,0.022166727110743523,34.0,0.0120860819494532
2582,Yass Surrounds,New South Wales,Rest of NSW,172.0,0.014273858921161826,2575.0,28.0,345.0,0.0266061220318079,173.0,0.012332263110646073
2583,Goulburn Surrounds,New South Wales,Rest of NSW,6.0,0.001234821979831241,1516.0,0.0,25.0,0.004715639166533947,19.0,0.003480817186702706
2584,Yass Surrounds,New South Wales,Rest of NSW,4.0,0.007029876977152899,2575.0,0.0,4.0,0.0071210432797670364,0.0,9.116630261413704e-05
2585,Young Surrounds,New South Wales,Rest of NSW,0.0,0.0,1169.0,0.0,1.0,0.0020338143222033978,1.0,0.0020338143222033978
2586,Young Surrounds,New South Wales,Rest of NSW,3.0,0.0010932944606413995,1169.0,0.0,12.0,0.004218794871121645,9.0,0.0031255004104802455
2587,Young Surrounds,New South Wales,Rest of NSW,6.0,0.002171552660152009,1169.0,5.0,47.0,0.015857579186558723,41.0,0.013686026526406714
2588,Cootamundra,New South Wales,Rest of NSW,4.0,0.010256410256410256,1054.0,2.0,4.0,0.010256410256410256,0.0,0.0
2590,Cootamundra,New South Wales,Rest of NSW,6.0,0.0009844134536505333,1054.0,4.0,51.0,0.00775477010756731,45.0,0.006770356653916777
2594,Young Surrounds,New South Wales,Rest of NSW,21.0,0.001757763455260735,1169.0,14.0,154.0,0.011976152658462524,133.0,0.01021838920320179
2600,Griffith (ACT),Australian Capital Territory,Australian Capital Territory,306.0,0.04243516849258078,2542.0,15.0,330.0,0.04243516849258078,24.0,0.0
2601,Black Mountain,Australian Capital Territory,Australian Capital Territory,183.0,0.07109557109557109,2353.0,23.0,197.0,0.07109557109557109,14.0,0.0
2602,Downer,Australian Capital Territory,Australian Capital Territory,913.0,0.04270146391656143,2267.0,14.0,984.0,0.04270146391656143,71.0,0.0
2603,Red Hill (ACT),Australian Capital Territory,Australian Capital Territory,361.0,0.04569620253164557,3938.0,6.0,389.0,0.04569620253164557,28.0,0.0
2604,Narrabundah,Australian Capital Territory,Australian Capital Territory,298.0,0.035813003244802306,2353.0,3.0,321.0,0.035813003244802306,23.0,0.0
2605,Hughes,Australian Capital Territory,Australian Capital Territory,375.0,0.0457763671875,2797.0,4.0,404.0,0.0457763671875,29.0,0.0
2606,Phillip,Australian Capital Territory,Australian Capital Territory,394.0,0.034127327847553054,2075.0,6.0,424.0,0.034127327847553054,30.0,0.0
2607,Mawson,Australian Capital Territory,Australian Capital Territory,295.0,0.027454630060493253,2204.0,6.0,368.0,0.03176768496632576,73.0,0.004313054905832506
2609,Canberra Airport,Australian Capital Territory,Australian Capital Territory,309.0,0.050268423621278674,2218.0,18.0,333.0,0.050268423621278674,24.0,0.0
2611,Tumut Surrounds,New South Wales,Rest of NSW,1120.0,0.040022870211549454,1390.0,0.0,1207.0,0.040022870211549454,87.0,0.0
2612,Campbell,Australian Capital Territory,Australian Capital Territory,384.0,0.03722373012795657,3048.0,10.0,414.0,0.03722373012795657,30.0,0.0
2614,Weetangera,Australian Capital Territory,Australian Capital Territory,455.0,0.032949525671663406,3349.0,4.0,490.0,0.032949525671663406,35.0,0.0
2615,Macgregor (ACT),Australian Capital Territory,Australian Capital Territory,716.0,0.02083757748610343,2344.0,12.0,1141.0,0.030829643830657005,425.0,0.009992066344553574
2617,McKellar,Australian Capital Territory,Australian Capital Territory,683.0,0.026705767350928642,2687.0,0.0,831.0,0.030148807913064957,148.0,0.0034430405621363146
2618,Yass Surrounds,New South Wales,Rest of NSW,32.0,0.02397003745318352,2575.0,0.0,34.0,0.02397003745318352,2.0,0.0
2619,Queanbeyan West - Jerrabomberra,New South Wales,Rest of NSW,140.0,0.019779598756710936,3014.0,0.0,229.0,0.030074995011091232,89.0,0.010295396254380296
2620,Tuggeranong,Australian Capital Territory,Australian Capital Territory,605.0,0.0158240263646588,1958.0,0.0,1142.0,0.02773497998714447,537.0,0.011910953622485669
2621,Queanbeyan Surrounds,New South Wales,Rest of NSW,106.0,0.018067155275268452,2926.0,10.0,162.0,0.025703441351652145,56.0,0.007636286076383694
2622,Braidwood,New South Wales,Rest of NSW,34.0,0.007674943566591422,1429.0,5.0,124.0,0.025888489559292793,90.0,0.01821354599270137
2623,Queanbeyan Surrounds,New South Wales,Rest of NSW,3.0,0.0057692307692307696,2926.0,0.0,3.0,0.0057692307692307696,0.0,0.0
2624,Jindabyne - Berridale,New South Wales,Rest of NSW,0.0,0.0,1911.0,5.0,0.0,0.0023005816619843245,0.0,0.0023005816619843245
2625,Jindabyne - Berridale,New South Wales,Rest of NSW,0.0,0.0,1911.0,15.0,1.0,0.002544096205383539,1.0,0.002544096205383539
2626,Cooma Surrounds,New South Wales,Rest of NSW,7.0,0.014553014553014554,1596.0,0.0,11.0,0.021611152216792107,4.0,0.007058137663777553
2627,Jindabyne - Berridale,New South Wales,Rest of NSW,27.0,0.005816458423093494,1911.0,34.0,32.0,0.006469735875725746,5.0,0.0006532774526322518
2628,Jindabyne - Berridale,New South Wales,Rest of NSW,9.0,0.00420954162768943,1911.0,0.0,12.0,0.0050596315413713455,3.0,0.0008500899136819158
2629,Cooma Surrounds,New South Wales,Rest of NSW,3.0,0.0064516129032258064,1596.0,5.0,3.0,0.0064516129032258064,0.0,0.0
2630,Cooma,New South Wales,Rest of NSW,41.0,0.004812771452048363,1377.0,22.0,250.0,0.02724250964820385,209.0,0.022429738196155485
2631,Cooma Surrounds,New South Wales,Rest of NSW,0.0,0.0,1596.0,2.0,1.0,0.0009000346180982888,1.0,0.0009000346180982888
2632,Bombala,New South Wales,Rest of NSW,4.0,0.002211166390270868,1253.0,0.0,16.0,0.0083914864808321,12.0,0.006180320090561232
2633,Bombala,New South Wales,Rest of NSW,0.0,0.0,1253.0,0.0,0.0,0.0013430099934339523,0.0,0.0013430099934339523
2640,Albury Surrounds,New South Wales,Rest of NSW,190.0,0.006288891831060506,1518.0,50.0,835.0,0.0256648026406765,645.0,0.019375910809615992
2641,Lavington,New South Wales,Rest of NSW,35.0,0.0029815146094215863,1138.0,4.0,179.0,0.014120840467512608,144.0,0.01113932585809102
2642,Albury Surrounds,New South Wales,Rest of NSW,15.0,0.0032140561388472252,1518.0,0.0,23.0,0.004628120921552181,8.0,0.001414064782704956
2643,Corowa Surrounds,New South Wales,Rest of NSW,3.0,0.0013032145960034753,1248.0,2.0,9.0,0.003644067095592618,6.0,0.0023408524995891427
2644,Albury Surrounds,New South Wales,Rest of NSW,10.0,0.004384042086804033,1518.0,19.0,12.0,0.00497108418494463,2.0,0.0005870420981405966
2645,Corowa Surrounds,New South Wales,Rest of NSW,3.0,0.007751937984496124,1248.0,0.0,3.0,0.007751937984496124,0.0,0.0
2646,Corowa Surrounds,New South Wales,Rest of NSW,9.0,0.0016471449487554905,1248.0,12.0,195.0,0.03320448100566864,186.0,0.031557336056913146
2647,Corowa Surrounds,New South Wales,Rest of NSW,6.0,0.003676470588235294,1248.0,16.0,9.0,0.0049446336925029755,3.0,0.0012681631042676814
2648,Wentworth-Balranald Region,New South Wales,Rest of NSW,0.0,0.0,1404.0,6.0,1.0,0.0002759980270639062,1.0,0.0002759980270639062
2649,Tumbarumba,New South Wales,Rest of NSW,0.0,0.0,1332.0,0.0,0.0,0.00045059292460791767,0.0,0.00045059292460791767
2650,Wagga Wagga Surrounds,New South Wales,Rest of NSW,197.0,0.003950191494054661,1748.0,35.0,1075.0,0.020018434152007103,878.0,0.016068242657952442
2651,Wagga Wagga Surrounds,New South Wales,Rest of NSW,3.0,0.0016844469399213925,1748.0,1.0,3.0,0.0017278857994824648,0.0,4.34388595610723e-05
2652,Narrandera,New South Wales,Rest of NSW,5.0,0.001030502885408079,1184.0,16.0,26.0,0.0049205441027879715,21.0,0.003890041217379892
2653,Tumbarumba,New South Wales,Rest of NSW,10.0,0.004468275245755138,1332.0,8.0,16.0,0.0064973426051437855,6.0,0.002029067359388647
2655,Wagga Wagga Surrounds,New South Wales,Rest of NSW,0.0,0.0,1748.0,3.0,5.0,0.003323820885270834,5.0,0.003323820885270834
2656,Wagga Wagga Surrounds,New South Wales,Rest of NSW,3.0,0.0026086956521739132,1748.0,6.0,3.0,0.0026086956521739132,0.0,0.0
2658,Wagga Wagga Surrounds,New South Wales,Rest of NSW,0.0,0.0,1748.0,0.0,4.0,0.002814807929098606,4.0,0.002814807929098606
2659,Albury Surrounds,New South Wales,Rest of NSW,0.0,0.0,1518.0,1.0,3.0,0.0035193224903196096,3.0,0.0035193224903196096
2660,Albury Surrounds,New South Wales,Rest of NSW,4.0,0.002875629043853343,1518.0,0.0,19.0,0.012889144010841846,15.0,0.010013514966988504
2661,Wagga Wagga - West,New South Wales,Rest of NSW,0.0,0.0,1279.0,0.0,0.0,0.004120450932532549,0.0,0.004120450932532549
2663,Junee,New South Wales,Rest of NSW,9.0,0.0024671052631578946,1387.0,2.0,43.0,0.01085011474788189,34.0,0.008383009484723994
2665,West Wyalong,New South Wales,Rest of NSW,0.0,0.0,1324.0,0.0,1.0,0.00031169227440841496,1.0,0.00031169227440841496
2666,Temora,New South Wales,Rest of NSW,9.0,0.001835236541598695,1168.0,6.0,32.0,0.006128320004791021,23.0,0.004293083463192326
2668,West Wyalong,New South Wales,Rest of NSW,0.0,0.0,1324.0,0.0,0.0,0.0002969752240460366,0.0,0.0002969752240460366
2669,West Wyalong,New South Wales,Rest of NSW,0.0,0.0,1324.0,0.0,1.0,0.0003792812640313059,1.0,0.0003792812640313059
2671,West Wyalong,New South Wales,Rest of NSW,0.0,0.0,1324.0,2.0,1.0,0.0003702942340169102,1.0,0.0003702942340169102
2672,Condobolin,New South Wales,Rest of NSW,0.0,0.0,1208.0,2.0,0.0,0.0002494499203749001,0.0,0.0002494499203749001
2675,Griffith Surrounds,New South Wales,Rest of NSW,3.0,0.002271006813020439,1630.0,2.0,3.0,0.002271006813020439,0.0,0.0
2678,Wagga Wagga - North,New South Wales,Rest of NSW,0.0,0.0,2042.0,2.0,1.0,0.03402084857225418,1.0,0.03402084857225418
2680,Griffith Surrounds,New South Wales,Rest of NSW,31.0,0.0014325985489163084,1630.0,19.0,181.0,0.0077657499350607395,150.0,0.006333151386144431
2681,Griffith Surrounds,New South Wales,Rest of NSW,0.0,0.0,1630.0,0.0,4.0,0.0019530756399035454,4.0,0.0019530756399035454
2700,Narrandera,New South Wales,Rest of NSW,4.0,0.0009246417013407304,1184.0,12.0,29.0,0.006297638174146414,25.0,0.005372996472805683
2701,Wagga Wagga Surrounds,New South Wales,Rest of NSW,4.0,0.0018009905447996398,1748.0,4.0,10.0,0.004335060715675354,6.0,0.002534070170875714
2702,Wagga Wagga Surrounds,New South Wales,Rest of NSW,0.0,0.0,1748.0,2.0,1.0,0.0016763679450377822,1.0,0.0016763679450377822
2703,Leeton,New South Wales,Rest of NSW,0.0,0.0,1427.0,0.0,10.0,0.015085753984749317,10.0,0.015085753984749317
2705,Griffith Surrounds,New South Wales,Rest of NSW,12.0,0.001336898395721925,1630.0,0.0,55.0,0.0056688738986849785,43.0,0.004331975502963053
2706,Griffith Surrounds,New South Wales,Rest of NSW,0.0,0.0,1630.0,2.0,1.0,0.0010516978800296783,1.0,0.0010516978800296783
2707,Griffith Surrounds,New South Wales,Rest of NSW,3.0,0.0022624434389140274,1630.0,2.0,3.0,0.0022624434389140274,0.0,0.0
2710,Deniliquin Surrounds,New South Wales,Rest of NSW,9.0,0.0010582010582010583,1208.0,30.0,28.0,0.0031000650487840176,19.0,0.002041863990582959
2711,Hay,New South Wales,Rest of NSW,0.0,0.0,1236.0,22.0,1.0,0.00042662216583266854,1.0,0.00042662216583266854
2712,Tocumwal - Finley - Jerilderie,New South Wales,Rest of NSW,3.0,0.002640845070422535,1146.0,0.0,3.0,0.002640845070422535,0.0,0.0
2713,Tocumwal - Finley - Jerilderie,New South Wales,Rest of NSW,3.0,0.0013805798435342844,1146.0,0.0,8.0,0.003231256501749158,5.0,0.0018506766582148735
2714,Tocumwal - Finley - Jerilderie,New South Wales,Rest of NSW,6.0,0.002843601895734597,1146.0,2.0,11.0,0.004991319961845875,5.0,0.0021477180661112778
2715,Wentworth-Balranald Region,New South Wales,Rest of NSW,0.0,0.0,1404.0,2.0,0.0,0.00026866112602874637,0.0,0.00026866112602874637
2716,Tocumwal - Finley - Jerilderie,New South Wales,Rest of NSW,0.0,0.0,1146.0,8.0,3.0,0.003256308613345027,3.0,0.003256308613345027
2717,Wentworth - Buronga,New South Wales,Rest of NSW,0.0,0.0,1386.0,1.0,22.0,0.02639496885240078,22.0,0.02639496885240078
2720,Tumut Surrounds,New South Wales,Rest of NSW,10.0,0.001348254011055683,1390.0,26.0,48.0,0.005959216970950365,38.0,0.0046109629598946825
2721,West Wyalong,New South Wales,Rest of NSW,0.0,0.0,1324.0,0.0,0.0,0.0001266465405933559,0.0,0.0001266465405933559
2722,Gundagai,New South Wales,Rest of NSW,6.0,0.0021474588403722263,1351.0,24.0,57.0,0.019025547429919243,51.0,0.016878088589547015
2725,Cootamundra,New South Wales,Rest of NSW,3.0,0.008426966292134831,1054.0,0.0,3.0,0.008426966292134831,0.0,0.0
2726,Yass Surrounds,New South Wales,Rest of NSW,4.0,0.013986013986013986,2575.0,2.0,4.0,0.013986013986013986,0.0,0.0
2727,Gundagai,New South Wales,Rest of NSW,0.0,0.0,1351.0,12.0,1.0,0.002111661247909069,1.0,0.002111661247909069
2729,Tumut Surrounds,New South Wales,Rest of NSW,0.0,0.0,1390.0,8.0,6.0,0.003081365954130888,6.0,0.003081365954130888
2730,Tumut Surrounds,New South Wales,Rest of NSW,0.0,0.0,1390.0,0.0,8.0,0.005817537661641836,8.0,0.005817537661641836
2731,Deniliquin Surrounds,New South Wales,Rest of NSW,10.0,0.0025188916876574307,1208.0,10.0,13.0,0.0029646651819348335,3.0,0.00044577349427740286
2732,Deniliquin Surrounds,New South Wales,Rest of NSW,0.0,0.0,1208.0,4.0,1.0,0.0004348094225861132,1.0,0.0004348094225861132
2733,Deniliquin Surrounds,New South Wales,Rest of NSW,0.0,0.0,1208.0,0.0,0.0,0.0005187857896089554,0.0,0.0005187857896089554
2734,Deniliquin Surrounds,New South Wales,Rest of NSW,3.0,0.013574660633484163,1208.0,0.0,3.0,0.013574660633484163,0.0,0.0
2735,Deniliquin Surrounds,New South Wales,Rest of NSW,0.0,0.0,1208.0,0.0,0.0,0.0004233169893268496,0.0,0.0004233169893268496
2736,Wentworth-Balranald Region,New South Wales,Rest of NSW,0.0,0.0,1404.0,12.0,0.0,0.0010474490700289607,0.0,0.0010474490700289607
2737,Wentworth-Balranald Region,New South Wales,Rest of NSW,0.0,0.0,1404.0,5.0,0.0,0.00028075938462279737,0.0,0.00028075938462279737
2738,Wentworth-Balranald Region,New South Wales,Rest of NSW,0.0,0.0,1404.0,0.0,0.0,0.0002413764304947108,0.0,0.0002413764304947108
2739,Mildura - North,Victoria,Rest of Vic.,0.0,0.0,1210.0,0.0,8.0,0.009630538523197174,8.0,0.009630538523197174
2745,Mulgoa - Luddenham - Orchard Hills,New South Wales,Greater Sydney,218.0,0.009457700650759219,2699.0,0.0,730.0,0.029393356293439865,512.0,0.01993565564268065
2747,Jordan Springs - Llandilo,New South Wales,Greater Sydney,299.0,0.008512940238590097,2446.0,6.0,1370.0,0.03620273992419243,1071.0,0.027689799685602333
2748,Mulgoa - Luddenham - Orchard Hills,New South Wales,Greater Sydney,14.0,0.007900677200902935,2699.0,0.0,54.0,0.028266947716474533,40.0,0.020366270515571598
2749,Cranebrook - Castlereagh,New South Wales,Greater Sydney,82.0,0.006770145310435931,2118.0,0.0,422.0,0.0323503240942955,340.0,0.02558017878385957
2750,Penrith,New South Wales,Greater Sydney,277.0,0.007194992077716305,1397.0,13.0,1224.0,0.029519841074943542,947.0,0.02232484899722724
2752,Warragamba - Silverdale,New South Wales,Greater Sydney,21.0,0.0035842293906810036,2330.0,0.0,197.0,0.03127766400575638,176.0,0.027693434615075375
2753,Yarramundi - Londonderry,New South Wales,Greater Sydney,66.0,0.004629954401964223,2271.0,3.0,484.0,0.03149503469467163,418.0,0.026865080292707406
2754,Richmond - Clarendon,New South Wales,Greater Sydney,35.0,0.005599104143337066,1587.0,2.0,197.0,0.029321495443582535,162.0,0.02372239130024547
2756,Bilpin - Colo - St Albans,New South Wales,Greater Sydney,139.0,0.0045488758713224465,1688.0,12.0,998.0,0.030313432216644287,859.0,0.02576455634532184
2757,Kurrajong Heights - Ebenezer,New South Wales,Greater Sydney,3.0,0.003694581280788177,2291.0,0.0,10.0,0.01162906177341938,7.0,0.007934480492631204
2758,Bilpin - Colo - St Albans,New South Wales,Greater Sydney,76.0,0.008998342410608573,1688.0,0.0,271.0,0.029766011983156204,195.0,0.02076766957254763
2759,St Clair,New South Wales,Greater Sydney,92.0,0.004776987382522457,2067.0,0.0,717.0,0.034571561962366104,625.0,0.029794574579843646
2760,St Marys - North St Marys,New South Wales,Greater Sydney,151.0,0.006158991720030999,1395.0,5.0,908.0,0.034396328032016754,757.0,0.028237336311985755
2761,Glendenning - Dean Park,New South Wales,Greater Sydney,209.0,0.00872542061537177,2073.0,12.0,850.0,0.03293486684560776,641.0,0.024209446230235986
2762,Schofields - East,New South Wales,Greater Sydney,400.0,0.02731307613519973,2682.0,39.0,512.0,0.032476749271154404,112.0,0.005163673135954675
2763,Quakers Hill,New South Wales,Greater Sydney,318.0,0.015248141932390314,2400.0,0.0,733.0,0.03263707831501961,415.0,0.017388936382629294
2765,Riverstone,New South Wales,Greater Sydney,1159.0,0.026783444642155617,2272.0,12.0,1406.0,0.03017054870724678,247.0,0.0033871040650911635
2766,Prospect Reservoir,New South Wales,Greater Sydney,111.0,0.009563194623933832,1624.0,58.0,407.0,0.03251480683684349,296.0,0.02295161221290966
2767,Doonside - Woodcroft,New South Wales,Greater Sydney,132.0,0.009490258106262132,2004.0,0.0,487.0,0.03251976892352104,355.0,0.02302951081725891
2768,Glenwood,New South Wales,Greater Sydney,437.0,0.025522719308492,3068.0,11.0,598.0,0.03243826702237129,161.0,0.0069155477138792935
2769,Kellyville Ridge - The Ponds,New South Wales,Greater Sydney,374.0,0.03808166174523979,3164.0,1.0,403.0,0.03808166174523979,29.0,0.0
2770,Mount Druitt - Whalan,New South Wales,Greater Sydney,114.0,0.0031192710756012807,1392.0,2.0,1105.0,0.02807101048529148,991.0,0.0249517394096902
2773,Blaxland - Warrimoo - Lapstone,New South Wales,Greater Sydney,96.0,0.021631365479945923,2294.0,2.0,146.0,0.030489712953567505,50.0,0.008858347473621582
2774,Blaxland - Warrimoo - Lapstone,New South Wales,Greater Sydney,116.0,0.012164429530201342,2294.0,6.0,320.0,0.031117770820856094,204.0,0.018953341290654752
2775,Bilpin - Colo - St Albans,New South Wales,Greater Sydney,8.0,0.005536332179930796,1688.0,0.0,40.0,0.025834117084741592,32.0,0.020297784904810795
2776,Springwood - Winmalee,New South Wales,Greater Sydney,30.0,0.009296560272699102,2043.0,0.0,98.0,0.02815442532300949,68.0,0.01885786505031039
2777,Springwood - Winmalee,New South Wales,Greater Sydney,157.0,0.01171554361614805,2043.0,2.0,423.0,0.02932167798280716,266.0,0.01760613436665911
2778,Lawson - Hazelbrook - Linden,New South Wales,Greater Sydney,38.0,0.019719771665801765,1755.0,0.0,61.0,0.029328003525733948,23.0,0.009608231859932183
2779,Lawson - Hazelbrook - Linden,New South Wales,Greater Sydney,50.0,0.013509862199405566,1755.0,2.0,121.0,0.0302363820374012,71.0,0.016726519837995633
2780,Katoomba - Leura,New South Wales,Greater Sydney,156.0,0.0161808940981226,1238.0,32.0,312.0,0.030086709186434746,156.0,0.013905815088312144
2782,Wentworth Falls,New South Wales,Greater Sydney,92.0,0.01988329371082775,1528.0,7.0,163.0,0.032721105962991714,71.0,0.012837812252163964
2783,Lawson - Hazelbrook - Linden,New South Wales,Greater Sydney,31.0,0.013926325247079964,1755.0,4.0,71.0,0.02976183034479618,40.0,0.015835505097716217
2784,Lawson - Hazelbrook - Linden,New South Wales,Greater Sydney,26.0,0.025145067698259187,1755.0,0.0,33.0,0.029256822541356087,7.0,0.0041117548430969
2785,Blackheath - Megalong Valley,New South Wales,Greater Sydney,55.0,0.015307542443640411,1317.0,13.0,111.0,0.028555788099765778,56.0,0.013248245656125366
2786,Blue Mountains - North,New South Wales,Greater Sydney,10.0,0.00998003992015968,1375.0,6.0,28.0,0.025681495666503906,18.0,0.015701455746344226
2787,Blue Mountains - South,New South Wales,Greater Sydney,12.0,0.0027149321266968325,900.0,17.0,78.0,0.016328489407896996,66.0,0.013613557281200162
2790,Wollangambe - Wollemi,New South Wales,Rest of NSW,59.0,0.004522112362995325,1627.0,26.0,392.0,0.02788156270980835,333.0,0.023359450346813027
2791,Blayney,New South Wales,Rest of NSW,0.0,0.0,1548.0,0.0,1.0,0.0029039867222309113,1.0,0.0029039867222309113
2792,Blayney,New South Wales,Rest of NSW,0.0,0.0,1548.0,1.0,1.0,0.002721139695495367,1.0,0.002721139695495367
2793,Cowra Surrounds,New South Wales,Rest of NSW,0.0,0.0,1157.0,0.0,1.0,0.0006339950487017632,1.0,0.0006339950487017632
2794,Cowra Surrounds,New South Wales,Rest of NSW,13.0,0.0014757634237711431,1157.0,6.0,66.0,0.00698348693549633,53.0,0.005507723511725187
2795,Bathurst Surrounds,New South Wales,Rest of NSW,162.0,0.004257667744224552,1835.0,45.0,1002.0,0.024434460327029228,840.0,0.020176792582804675
2797,Blayney,New South Wales,Rest of NSW,0.0,0.0,1548.0,0.0,1.0,0.0025491323322057724,1.0,0.0025491323322057724
2798,Blayney,New South Wales,Rest of NSW,15.0,0.0075,1548.0,1.0,53.0,0.024821896106004715,38.0,0.017321896106004715
2799,Blayney,New South Wales,Rest of NSW,14.0,0.003627882871210158,1548.0,0.0,120.0,0.028760259971022606,106.0,0.025132377099812447
2800,Orange - North,New South Wales,Rest of NSW,233.0,0.005882947028228046,2002.0,70.0,1082.0,0.025351181626319885,849.0,0.01946823459809184
2803,Young Surrounds,New South Wales,Rest of NSW,3.0,0.008310249307479225,1169.0,0.0,3.0,0.008310249307479225,0.0,0.0
2804,Cowra Surrounds,New South Wales,Rest of NSW,8.0,0.003189792663476874,1157.0,1.0,15.0,0.005572413094341755,7.0,0.002382620430864881
2805,Cowra Surrounds,New South Wales,Rest of NSW,0.0,0.0,1157.0,0.0,0.0,0.0007148832664825022,0.0,0.0007148832664825022
2806,Forbes,New South Wales,Rest of NSW,0.0,0.0,1257.0,0.0,1.0,0.0008319754851981997,1.0,0.0008319754851981997
2807,Cowra Surrounds,New South Wales,Rest of NSW,0.0,0.0,1157.0,0.0,0.0,0.0007148832664825022,0.0,0.0007148832664825022
2808,Young Surrounds,New South Wales,Rest of NSW,0.0,0.0,1169.0,0.0,1.0,0.002182750264182687,1.0,0.002182750264182687
2809,Grenfell,New South Wales,Rest of NSW,0.0,0.0,1043.0,0.0,0.0,0.0006736682262271643,0.0,0.0006736682262271643
2810,Grenfell,New South Wales,Rest of NSW,4.0,0.001401541695865452,1043.0,4.0,11.0,0.0037023471668362617,7.0,0.0023008054709708096
2817,Gilgandra,New South Wales,Rest of NSW,0.0,0.0,1151.0,0.0,0.0,0.0007148209842853248,0.0,0.0007148209842853248
2818,Wellington,New South Wales,Rest of NSW,0.0,0.0,1153.0,0.0,0.0,0.0005491867195814848,0.0,0.0005491867195814848
2820,Wellington,New South Wales,Rest of NSW,7.0,0.001321003963011889,1153.0,8.0,40.0,0.007002261001616716,33.0,0.005681257038604827
2821,Narromine,New South Wales,Rest of NSW,3.0,0.0007518796992481203,1319.0,0.0,3.0,0.0007518796992481203,0.0,0.0
2822,Dubbo Surrounds,New South Wales,Rest of NSW,0.0,0.0,1952.0,0.0,1.0,0.00209349999204278,1.0,0.00209349999204278
2823,Narromine,New South Wales,Rest of NSW,3.0,0.0024096385542168677,1319.0,0.0,3.0,0.0024096385542168677,0.0,0.0
2824,Coonamble,New South Wales,Rest of NSW,0.0,0.0,1261.0,0.0,1.0,0.000397584808524698,1.0,0.000397584808524698
2825,Nyngan - Warren,New South Wales,Rest of NSW,3.0,0.0014570179698882952,1347.0,2.0,3.0,0.0014570179698882952,0.0,0.0
2826,Nyngan - Warren,New South Wales,Rest of NSW,0.0,0.0,1347.0,0.0,0.0,0.00040935754077509046,0.0,0.00040935754077509046
2827,Gilgandra,New South Wales,Rest of NSW,0.0,0.0,1151.0,2.0,2.0,0.0005444923299364746,2.0,0.0005444923299364746
2828,Coonamble,New South Wales,Rest of NSW,0.0,0.0,1261.0,0.0,0.0,0.00039696841849945486,0.0,0.00039696841849945486
2829,Coonamble,New South Wales,Rest of NSW,0.0,0.0,1261.0,4.0,1.0,0.0004251193313393742,1.0,0.0004251193313393742
2830,Dubbo - East,New South Wales,Rest of NSW,105.0,0.0028456826928288798,1679.0,43.0,874.0,0.02199600078165531,769.0,0.019150318088826432
2831,Nyngan - Warren,New South Wales,Rest of NSW,0.0,0.0,1347.0,0.0,1.0,0.0003195741737727076,1.0,0.0003195741737727076
2832,Walgett - Lightning Ridge,New South Wales,Rest of NSW,0.0,0.0,991.0,4.0,1.0,0.00032773474231362343,1.0,0.00032773474231362343
2833,Walgett - Lightning Ridge,New South Wales,Rest of NSW,0.0,0.0,991.0,0.0,0.0,0.0003466196358203888,0.0,0.0003466196358203888
2834,Walgett - Lightning Ridge,New South Wales,Rest of NSW,0.0,0.0,991.0,4.0,1.0,0.00032331745023839176,1.0,0.00032331745023839176
2835,Cobar,New South Wales,Rest of NSW,0.0,0.0,1702.0,4.0,1.0,0.00043878762517124414,1.0,0.00043878762517124414
2836,Far West,New South Wales,Rest of NSW,0.0,0.0,1103.0,2.0,0.0,0.00042097040568478405,0.0,0.00042097040568478405
2838,Walgett - Lightning Ridge,New South Wales,Rest of NSW,0.0,0.0,991.0,0.0,0.0,0.0003402996517252177,0.0,0.0003402996517252177
2839,Bourke - Brewarrina,New South Wales,Rest of NSW,0.0,0.0,1358.0,5.0,0.0,0.00030479984707199037,0.0,0.00030479984707199037
2840,Bourke - Brewarrina,New South Wales,Rest of NSW,3.0,0.001413760603204524,1358.0,4.0,3.0,0.001413760603204524,0.0,0.0
2842,Coonabarabran,New South Wales,Rest of NSW,0.0,0.0,1079.0,0.0,1.0,0.0005422760150395334,1.0,0.0005422760150395334
2843,Coonabarabran,New South Wales,Rest of NSW,0.0,0.0,1079.0,0.0,1.0,0.0005180893931537867,1.0,0.0005180893931537867
2844,Mudgee Surrounds - West,New South Wales,Rest of NSW,3.0,0.0024650780608052587,1414.0,2.0,3.0,0.0024650780608052587,0.0,0.0
2845,Lithgow Surrounds,New South Wales,Rest of NSW,3.0,0.0016891891891891893,1393.0,4.0,8.0,0.004296215251088142,5.0,0.002607026061898953
2846,Lithgow Surrounds,New South Wales,Rest of NSW,0.0,0.0,1393.0,0.0,1.0,0.0018314425833523273,1.0,0.0018314425833523273
2847,Lithgow Surrounds,New South Wales,Rest of NSW,0.0,0.0,1393.0,0.0,6.0,0.00240213586948812,6.0,0.00240213586948812
2848,Mudgee Surrounds - East,New South Wales,Rest of NSW,4.0,0.0027991602519244225,890.0,1.0,4.0,0.0027991602519244225,0.0,0.0
2849,Mudgee Surrounds - East,New South Wales,Rest of NSW,4.0,0.0022624434389140274,890.0,2.0,4.0,0.0022624434389140274,0.0,0.0
2850,Mudgee,New South Wales,Rest of NSW,43.0,0.0023934097740175887,1742.0,40.0,293.0,0.015163637697696686,250.0,0.012770227923679097
2852,Mudgee Surrounds - West,New South Wales,Rest of NSW,5.0,0.001483679525222552,1414.0,2.0,16.0,0.004379223566502333,11.0,0.0028955440412797807
2864,Orange Surrounds,New South Wales,Rest of NSW,4.0,0.004744958481613286,1799.0,0.0,15.0,0.016770143061876297,11.0,0.01202518458026301
2865,Orange Surrounds,New South Wales,Rest of NSW,0.0,0.0,1799.0,1.0,4.0,0.003911841660737991,4.0,0.003911841660737991
2866,Orange Surrounds,New South Wales,Rest of NSW,5.0,0.0018096272167933405,1799.0,5.0,53.0,0.017777908593416214,48.0,0.015968281376622873
2867,Orange Surrounds,New South Wales,Rest of NSW,3.0,0.005597014925373134,1799.0,0.0,3.0,0.005597014925373134,0.0,0.0
2868,Wellington,New South Wales,Rest of NSW,3.0,0.0049261083743842365,1153.0,0.0,3.0,0.0049261083743842365,0.0,0.0
2869,Narromine,New South Wales,Rest of NSW,3.0,0.00228310502283105,1319.0,1.0,3.0,0.00228310502283105,0.0,0.0
2870,Parkes Surrounds,New South Wales,Rest of NSW,16.0,0.0015987210231814548,1205.0,12.0,68.0,0.0062928227707743645,52.0,0.0046941017475929095
2871,Forbes,New South Wales,Rest of NSW,8.0,0.0009944064636420136,1257.0,4.0,53.0,0.006150686647742987,45.0,0.005156280184100973
2873,Condobolin,New South Wales,Rest of NSW,0.0,0.0,1208.0,4.0,0.0,0.00027495474205352366,0.0,0.00027495474205352366
2874,Condobolin,New South Wales,Rest of NSW,0.0,0.0,1208.0,0.0,0.0,0.00020441699598450214,0.0,0.00020441699598450214
2875,Parkes Surrounds,New South Wales,Rest of NSW,0.0,0.0,1205.0,0.0,0.0,0.0004585765127558261,0.0,0.0004585765127558261
2876,Parkes Surrounds,New South Wales,Rest of NSW,3.0,0.006550218340611353,1205.0,0.0,3.0,0.006550218340611353,0.0,0.0
2877,Cobar,New South Wales,Rest of NSW,3.0,0.0009832841691248771,1702.0,4.0,3.0,0.0009832841691248771,0.0,0.0
2878,Far West,New South Wales,Rest of NSW,0.0,0.0,1103.0,0.0,0.0,0.0003797532117459923,0.0,0.0003797532117459923
2879,Far West,New South Wales,Rest of NSW,0.0,0.0,1103.0,0.0,0.0,0.0003797532117459923,0.0,0.0003797532117459923
2880,Far West,New South Wales,Rest of NSW,11.0,0.0008443352778630641,1103.0,6.0,38.0,0.002717388328164816,27.0,0.0018730530503017519
2900,Banks,Australian Capital Territory,Australian Capital Territory,79.0,0.020822351080653664,2419.0,10.0,137.0,0.03346729651093483,58.0,0.012644945430281166
2902,Kambah,Australian Capital Territory,Australian Capital Territory,256.0,0.022097539922313336,2207.0,0.0,414.0,0.03320061042904854,158.0,0.011103070506735202
2903,Wanniassa,Australian Capital Territory,Australian Capital Territory,148.0,0.021347180152891967,2295.0,0.0,259.0,0.034637585282325745,111.0,0.013290405129433778
2904,Gowrie (ACT),Australian Capital Territory,Australian Capital Territory,205.0,0.02110356186946675,2674.0,0.0,331.0,0.03165758401155472,126.0,0.01055402214208797
2905,Richardson,Australian Capital Territory,Australian Capital Territory,296.0,0.013923514746695518,2043.0,9.0,754.0,0.032918669283390045,458.0,0.01899515453669453
2906,Conder,Australian Capital Territory,Australian Capital Territory,224.0,0.01700060716454159,2574.0,0.0,469.0,0.03302838280797005,245.0,0.016027775643428457
2911,Mitchell,Australian Capital Territory,Australian Capital Territory,210.0,0.04563233376792699,874.0,6.0,226.0,0.04563233376792699,16.0,0.0
2912,Harrison,Australian Capital Territory,Australian Capital Territory,138.0,0.025150355385456534,2636.0,14.0,184.0,0.0311454925686121,46.0,0.005995137183155565
2913,Ngunnawal,Australian Capital Territory,Australian Capital Territory,784.0,0.026973095713204432,2219.0,13.0,1020.0,0.03256005421280861,236.0,0.005586958499604177
2914,Forde,Australian Capital Territory,Australian Capital Territory,791.0,0.03668831168831169,3553.0,4.0,852.0,0.03668831168831169,61.0,0.0
3000,Melbourne CBD - West,Victoria,Greater Melbourne,1182.0,0.052807934593218066,1446.0,1.0,1273.0,0.052807934593218066,91.0,0.0
3002,East Melbourne,Victoria,Greater Melbourne,155.0,0.03476895468820099,2345.0,0.0,167.0,0.03476895468820099,12.0,0.0
3003,West Melbourne - Industrial,Victoria,Greater Melbourne,104.0,0.02470895699691138,1441.0,0.0,133.0,0.029352037236094475,29.0,0.004643080239183094
3004,Royal Botanic Gardens Victoria,Victoria,Greater Melbourne,170.0,0.020349533157768735,7000.0,0.0,250.0,0.02781595103442669,80.0,0.007466417876657954
3006,Southbank - East,Victoria,Greater Melbourne,249.0,0.02121676891615542,1880.0,0.0,373.0,0.029478944838047028,124.0,0.008262175921891608
3008,Docklands,Victoria,Greater Melbourne,283.0,0.0315460929662245,1956.0,0.0,305.0,0.0315460929662245,22.0,0.0
3011,Footscray,Victoria,Greater Melbourne,240.0,0.016493711772386777,1763.0,0.0,479.0,0.03056054189801216,239.0,0.014066830125625384
3012,West Footscray - Tottenham,Victoria,Greater Melbourne,311.0,0.01532472652015374,1988.0,0.0,699.0,0.0319657176733017,388.0,0.016640991153147957
3013,Yarraville,Victoria,Greater Melbourne,205.0,0.02083545075719077,2483.0,0.0,343.0,0.032400235533714294,138.0,0.011564784776523524
3015,Newport,Victoria,Greater Melbourne,220.0,0.01747141041931385,2555.0,0.0,432.0,0.031822383403778076,212.0,0.014350972984464225
3016,Williamstown,Victoria,Greater Melbourne,238.0,0.01910419007866431,2382.0,0.0,436.0,0.032481126487255096,198.0,0.013376936408590785
3018,Altona,Victoria,Greater Melbourne,186.0,0.018060005825808332,1861.0,1.0,358.0,0.03222660347819328,172.0,0.014166597652384951
3019,Braybrook,Victoria,Greater Melbourne,76.0,0.011156782149148562,1686.0,0.0,227.0,0.030910518020391464,151.0,0.019753735871242902
3020,Ardeer - Albion,Victoria,Greater Melbourne,300.0,0.008920871866543757,1366.0,4.0,1064.0,0.029366392642259598,764.0,0.02044552077571584
3021,St Albans - North,Victoria,Greater Melbourne,161.0,0.004513343799058085,1183.0,0.0,1099.0,0.028597062453627586,938.0,0.0240837186545695
3022,Ardeer - Albion,Victoria,Greater Melbourne,12.0,0.00461716044632551,1366.0,0.0,87.0,0.03097730502486229,75.0,0.02636014457853678
3023,Burnside,Victoria,Greater Melbourne,472.0,0.010057746809009355,1871.0,9.0,1455.0,0.02878829836845398,983.0,0.018730551559444624
3024,Wyndham Vale - North,Victoria,Greater Melbourne,331.0,0.013122423089121472,1862.0,0.0,806.0,0.029670368880033493,475.0,0.01654794579091202
3025,Altona North,Victoria,Greater Melbourne,304.0,0.024370691037357704,1740.0,7.0,482.0,0.03587287291884422,178.0,0.01150218188148652
3026,Laverton,Victoria,Greater Melbourne,114.0,0.012038014783526927,2091.0,1.0,325.0,0.031893666833639145,211.0,0.019855652050112218
3027,Laverton,Victoria,Greater Melbourne,211.0,0.033561317003340224,2091.0,0.0,227.0,0.033561317003340224,16.0,0.0
3028,Altona Meadows,Victoria,Greater Melbourne,145.0,0.007081807081807082,1573.0,0.0,695.0,0.03150346502661705,550.0,0.02442165794480997
3029,Tarneit - North,Victoria,Greater Melbourne,1401.0,0.013611456552152961,2198.0,1.0,3144.0,0.028352366760373116,1743.0,0.014740910208220154
3030,Werribee - West,Victoria,Greater Melbourne,1583.0,0.01848219497956801,1995.0,11.0,2381.0,0.025807155296206474,798.0,0.007324960316638464
3031,Kensington (Vic.),Victoria,Greater Melbourne,173.0,0.016835344492020243,2216.0,0.0,349.0,0.03153678774833679,176.0,0.01470144325631655
3032,Ascot Vale,Victoria,Greater Melbourne,371.0,0.019682741790015387,2192.0,2.0,641.0,0.031553879380226135,270.0,0.011871137590210749
3033,Keilor East,Victoria,Greater Melbourne,123.0,0.01011762770420334,1913.0,0.0,415.0,0.0317092165350914,292.0,0.02159158883088806
3034,Avondale Heights,Victoria,Greater Melbourne,96.0,0.01142313184198001,1587.0,0.0,291.0,0.03217035159468651,195.0,0.0207472197527065
3036,Melbourne Airport,Victoria,Greater Melbourne,47.0,0.009605558961782138,1437.0,0.0,162.0,0.03070821799337864,115.0,0.0211026590315965
3037,Sydenham,Victoria,Greater Melbourne,286.0,0.007909729520438077,1820.0,3.0,1143.0,0.02934645116329193,857.0,0.021436721642853852
3038,Taylors Lakes,Victoria,Greater Melbourne,163.0,0.007941534713763703,2167.0,4.0,709.0,0.03207039833068848,546.0,0.024128863616924776
3039,Moonee Ponds,Victoria,Greater Melbourne,211.0,0.01881241084165478,2111.0,1.0,381.0,0.03156125172972679,170.0,0.012748840888072013
3040,Essendon (West) - Aberfeldie,Victoria,Greater Melbourne,309.0,0.016669363974753198,2195.0,0.0,631.0,0.03158683702349663,322.0,0.01491747304874343
3041,Essendon Airport,Victoria,Greater Melbourne,373.0,0.029437297766553547,1441.0,0.0,429.0,0.03145663067698479,56.0,0.0020193329104312395
3042,Airport West,Victoria,Greater Melbourne,146.0,0.009384239619488366,1761.0,6.0,526.0,0.031409017741680145,380.0,0.02202477812219178
3043,Tullamarine,Victoria,Greater Melbourne,351.0,0.01276688611646601,1404.0,0.0,905.0,0.030559536069631577,554.0,0.017792649953165568
3044,Pascoe Vale,Victoria,Greater Melbourne,221.0,0.011638929850431851,2003.0,0.0,651.0,0.031824465841054916,430.0,0.020185535990623067
3045,Melbourne Airport,Victoria,Greater Melbourne,191.0,0.04695181907571288,1437.0,0.0,206.0,0.04695181907571288,15.0,0.0
3046,Glenroy - East,Victoria,Greater Melbourne,193.0,0.00791600016406218,1526.0,0.0,811.0,0.030888954177498817,618.0,0.022972954013436638
3047,Broadmeadows,Victoria,Greater Melbourne,46.0,0.0032080340330566987,1172.0,0.0,132.0,0.008547854609787464,86.0,0.005339820576730766
3048,Meadow Heights,Victoria,Greater Melbourne,38.0,0.003026441541892322,1274.0,0.0,458.0,0.03387945145368576,420.0,0.03085300991179344
3049,Gladstone Park - Westmeadows,Victoria,Greater Melbourne,51.0,0.006632852126414358,1600.0,0.0,258.0,0.031109336763620377,207.0,0.024476484637206017
3051,North Melbourne,Victoria,Greater Melbourne,135.0,0.017125459850310797,1718.0,0.0,249.0,0.029296105727553368,114.0,0.012170645877242571
3052,Parkville,Victoria,Greater Melbourne,85.0,0.03021685033771774,1885.0,0.0,94.0,0.031083116307854652,9.0,0.0008662659701369133
3053,Carlton,Victoria,Greater Melbourne,88.0,0.015473887814313346,1289.0,1.0,177.0,0.028812522068619728,89.0,0.013338634254306382
3054,Carlton North - Princes Hill,Victoria,Greater Melbourne,93.0,0.021774760009365488,2355.0,0.0,142.0,0.030914049595594406,49.0,0.009139289586228918
3055,Brunswick West,Victoria,Greater Melbourne,117.0,0.014243973703433162,1786.0,0.0,264.0,0.029800841584801674,147.0,0.015556867881368511
3056,Brunswick - North,Victoria,Greater Melbourne,295.0,0.016870639368637766,2062.0,15.0,593.0,0.03149326890707016,298.0,0.014622629538432394
3057,Brunswick East,Victoria,Greater Melbourne,127.0,0.017371084666940227,2087.0,2.0,238.0,0.03023500181734562,111.0,0.012863917150405392
3058,Coburg - East,Victoria,Greater Melbourne,359.0,0.014774270546113008,1944.0,7.0,819.0,0.03129958733916283,460.0,0.01652531679304982
3059,Greenvale - Bulla,Victoria,Greater Melbourne,195.0,0.010882303699983258,2250.0,0.0,567.0,0.02937084063887596,372.0,0.018488536938892703
3060,Fawkner,Victoria,Greater Melbourne,72.0,0.007019596373208541,1436.0,2.0,351.0,0.03178703412413597,279.0,0.02476743775092743
3061,Campbellfield - Coolaroo,Victoria,Greater Melbourne,41.0,0.003737125148117765,1104.0,0.0,371.0,0.0314093753695488,330.0,0.027672250221431032
3062,Roxburgh Park (South) - Somerton,Victoria,Greater Melbourne,17.0,0.011707988980716254,1642.0,0.0,47.0,0.03025464154779911,30.0,0.018546652567082857
3063,Greenvale - Bulla,Victoria,Greater Melbourne,3.0,0.004966887417218543,2250.0,0.0,3.0,0.004966887417218543,0.0,0.0
3064,Mickleham - Yuroke,Victoria,Greater Melbourne,736.0,0.008404128985110075,1982.0,14.0,2510.0,0.026608554646372795,1774.0,0.01820442566126272
3065,Fitzroy,Victoria,Greater Melbourne,133.0,0.024484536082474227,2194.0,0.0,175.0,0.02986673265695572,42.0,0.0053821965744814924
3066,Collingwood,Victoria,Greater Melbourne,116.0,0.020658949243098843,2130.0,0.0,179.0,0.029580818489193916,63.0,0.008921869246095074
3067,Abbotsford,Victoria,Greater Melbourne,111.0,0.02115897826915745,2197.0,3.0,168.0,0.02966974675655365,57.0,0.008510768487396198
3068,Fitzroy North,Victoria,Greater Melbourne,264.0,0.025362666922855222,2300.0,0.0,346.0,0.030844073742628098,82.0,0.005481406819772876
3070,Northcote - East,Victoria,Greater Melbourne,363.0,0.024568527918781728,2251.0,0.0,506.0,0.03181413188576698,143.0,0.0072456039669852555
3071,Thornbury,Victoria,Greater Melbourne,186.0,0.0157600406710727,1978.0,0.0,398.0,0.03130948543548584,212.0,0.01554944476441314
3072,Preston - East,Victoria,Greater Melbourne,309.0,0.011824130409826656,1787.0,0.0,851.0,0.03021332621574402,542.0,0.018389195805917365
3073,Reservoir - South West,Victoria,Greater Melbourne,303.0,0.009069955398569161,1743.0,0.0,1066.0,0.029616115614771843,763.0,0.02054616021620268
3074,Thomastown,Victoria,Greater Melbourne,93.0,0.00495260411119395,1225.0,0.0,622.0,0.030760401859879494,529.0,0.025807797748685544
3075,Lalor - West,Victoria,Greater Melbourne,94.0,0.0059663598857505554,1450.0,0.0,577.0,0.03402179107069969,483.0,0.028055431184949138
3076,Epping (Vic.) - West,Victoria,Greater Melbourne,179.0,0.006792137815891326,1848.0,8.0,858.0,0.030226966366171837,679.0,0.02343482855028051
3078,Clifton Hill - Alphington,Victoria,Greater Melbourne,277.0,0.029695540308747857,2529.0,0.0,321.0,0.03193337097764015,44.0,0.0022378306688922954
3079,Ivanhoe,Victoria,Greater Melbourne,320.0,0.025667762894040266,2280.0,0.0,418.0,0.03109210543334484,98.0,0.005424342539304575
3081,Heidelberg West,Victoria,Greater Melbourne,157.0,0.014527620986397705,1618.0,0.0,357.0,0.030675167217850685,200.0,0.01614754623145298
3082,Mill Park - North,Victoria,Greater Melbourne,119.0,0.005611354741358985,1798.0,2.0,688.0,0.0301138274371624,569.0,0.024502472695803412
3083,Bundoora - West,Victoria,Greater Melbourne,242.0,0.010494362532523852,1423.0,0.0,736.0,0.029617629945278168,494.0,0.019123267412754316
3084,Heidelberg - Rosanna,Victoria,Greater Melbourne,388.0,0.020782003213711837,2102.0,20.0,610.0,0.030339034274220467,222.0,0.00955703106050863
3085,Viewbank - Yallambie,Victoria,Greater Melbourne,142.0,0.015252416756176154,2025.0,0.0,302.0,0.030078904703259468,160.0,0.014826487947083314
3087,Watsonia,Victoria,Greater Melbourne,78.0,0.012701514411333659,1961.0,0.0,200.0,0.030171537771821022,122.0,0.017470023360487363
3088,Greensborough,Victoria,Greater Melbourne,286.0,0.014331529364602125,2078.0,9.0,659.0,0.03067060373723507,373.0,0.016339074372632944
3089,Wattle Glen - Diamond Creek,Victoria,Greater Melbourne,115.0,0.011618508789654475,2496.0,1.0,335.0,0.031390026211738586,220.0,0.019771517422084113
3090,Plenty - Yarrambat,Victoria,Greater Melbourne,33.0,0.014066496163682864,2554.0,2.0,75.0,0.02974279597401619,42.0,0.015676299810333326
3091,Plenty - Yarrambat,Victoria,Greater Melbourne,20.0,0.01224739742804654,2554.0,0.0,52.0,0.029499543830752373,32.0,0.017252146402705833
3093,Montmorency - Briar Hill,Victoria,Greater Melbourne,62.0,0.019770408163265307,2068.0,0.0,99.0,0.029359567910432816,37.0,0.009589159747167508
3094,Montmorency - Briar Hill,Victoria,Greater Melbourne,90.0,0.01382063882063882,2068.0,0.0,211.0,0.030074024572968483,121.0,0.016253385752329663
3095,Eltham,Victoria,Greater Melbourne,395.0,0.01790652341447935,2464.0,4.0,757.0,0.031857073307037354,362.0,0.013950549892558003
3096,Wattle Glen - Diamond Creek,Victoria,Greater Melbourne,17.0,0.010862619808306708,2496.0,0.0,50.0,0.029618091881275177,33.0,0.018755472072968467
3097,Research - North Warrandyte,Victoria,Greater Melbourne,22.0,0.015714285714285715,2831.0,0.0,44.0,0.029012059792876244,22.0,0.013297774078590528
3099,Panton Hill - St Andrews,Victoria,Greater Melbourne,52.0,0.012220916568742655,2254.0,0.0,133.0,0.02902562916278839,81.0,0.016804712594045736
3101,Kew - West,Victoria,Greater Melbourne,613.0,0.036689011252094804,2459.0,0.0,660.0,0.036689011252094804,47.0,0.0
3102,Kew East,Victoria,Greater Melbourne,138.0,0.02792391744233104,2485.0,0.0,169.0,0.03176096826791763,31.0,0.0038370508255865937
3103,Balwyn,Victoria,Greater Melbourne,335.0,0.030618773421076682,2017.0,0.0,361.0,0.030618773421076682,26.0,0.0
3104,Balwyn North,Victoria,Greater Melbourne,479.0,0.03234082776314901,2350.0,0.0,516.0,0.03234082776314901,37.0,0.0
3105,Bulleen,Victoria,Greater Melbourne,154.0,0.018810309026505434,1812.0,0.0,284.0,0.03217943385243416,130.0,0.013369124825928724
3106,Templestowe,Victoria,Greater Melbourne,338.0,0.026169092598327656,2163.0,0.0,448.0,0.032213930040597916,110.0,0.006044837442270259
3107,Templestowe Lower,Victoria,Greater Melbourne,199.0,0.02000201025228666,1919.0,0.0,346.0,0.03228825330734253,147.0,0.012286243055055868
3108,Doncaster,Victoria,Greater Melbourne,677.0,0.03364476692177716,1595.0,0.0,729.0,0.03364476692177716,52.0,0.0
3109,Doncaster East - North,Victoria,Greater Melbourne,446.0,0.020927177177177177,1934.0,4.0,735.0,0.031999003142118454,289.0,0.011071825964941277
3111,Donvale - Park Orchards,Victoria,Greater Melbourne,233.0,0.0241125944323709,2284.0,0.0,332.0,0.031912870705127716,99.0,0.0078002762727568155
3113,Warrandyte - Wonga Park,Victoria,Greater Melbourne,148.0,0.020853881921938846,2779.0,0.0,233.0,0.0305134616792202,85.0,0.009659579757281354
3114,Donvale - Park Orchards,Victoria,Greater Melbourne,79.0,0.023946650500151562,2284.0,0.0,114.0,0.032129984349012375,35.0,0.008183333848860812
3115,Warrandyte - Wonga Park,Victoria,Greater Melbourne,43.0,0.012554744525547445,2779.0,0.0,113.0,0.030740048736333847,70.0,0.0181853042107864
3116,Chirnside Park,Victoria,Greater Melbourne,74.0,0.008085664335664336,2084.0,1.0,304.0,0.030810078606009483,230.0,0.022724414270345147
3121,Richmond (South) - Cremorne,Victoria,Greater Melbourne,718.0,0.0304288862519071,2577.0,6.0,773.0,0.0304288862519071,55.0,0.0
3122,Hawthorn - South,Victoria,Greater Melbourne,364.0,0.02506024096385542,2055.0,1.0,483.0,0.030838632956147194,119.0,0.005778391992291774
3123,Hawthorn East,Victoria,Greater Melbourne,288.0,0.02843040473840079,2228.0,0.0,343.0,0.03142441809177399,55.0,0.0029940133533731955
3124,Camberwell,Victoria,Greater Melbourne,551.0,0.035273029895653285,2472.0,6.0,594.0,0.035273029895653285,43.0,0.0
3125,Burwood (Vic.),Victoria,Greater Melbourne,261.0,0.023549580438509427,1564.0,0.0,370.0,0.03095816634595394,109.0,0.007408585907444514
3126,Surrey Hills (West) - Canterbury,Victoria,Greater Melbourne,217.0,0.0383053839364519,2709.0,0.0,234.0,0.0383053839364519,17.0,0.0
3127,Surrey Hills (East) - Mont Albert,Victoria,Greater Melbourne,374.0,0.02792086599477417,2388.0,0.0,462.0,0.03202494978904724,88.0,0.004104083794273072
3128,Box Hill,Victoria,Greater Melbourne,311.0,0.02101777387308238,1441.0,12.0,482.0,0.030265850946307182,171.0,0.009248077073224802
3129,Box Hill North,Victoria,Greater Melbourne,275.0,0.02345015775560672,1920.0,0.0,399.0,0.031612202525138855,124.0,0.008162044769532136
3130,Blackburn,Victoria,Greater Melbourne,512.0,0.02143604772870002,2050.0,0.0,782.0,0.030375974252820015,270.0,0.008939926524119995
3131,Nunawading,Victoria,Greater Melbourne,440.0,0.02521779000458505,1938.0,2.0,590.0,0.03139443323016167,150.0,0.0061766432255766154
3132,Mitcham (Vic.),Victoria,Greater Melbourne,231.0,0.018635043562439498,2030.0,0.0,421.0,0.031556811183691025,190.0,0.012921767621251527
3133,Vermont South,Victoria,Greater Melbourne,320.0,0.01870579295025428,1944.0,0.0,575.0,0.03117699921131134,255.0,0.01247120626105706
3134,Ringwood North,Victoria,Greater Melbourne,428.0,0.015630706303411,2330.0,8.0,965.0,0.03272879868745804,537.0,0.01709809238404704
3135,Ringwood East,Victoria,Greater Melbourne,228.0,0.016166773027015528,1945.0,0.0,480.0,0.03159932419657707,252.0,0.015432551169561545
3136,Croydon - West,Victoria,Greater Melbourne,441.0,0.012746401526099774,1695.0,4.0,1102.0,0.02957090549170971,661.0,0.016824503965609937
3137,Bayswater North,Victoria,Greater Melbourne,100.0,0.008004482510205715,1800.0,0.0,433.0,0.03217039629817009,333.0,0.024165913787964375
3138,Mooroolbark,Victoria,Greater Melbourne,121.0,0.007283891163014688,1992.0,0.0,552.0,0.030847279354929924,431.0,0.023563388191915235
3139,Yarra Valley,Victoria,Greater Melbourne,62.0,0.004749138261202605,1439.0,0.0,400.0,0.028475172817707062,338.0,0.023726034556504457
3140,Lilydale - Coldstream,Victoria,Greater Melbourne,125.0,0.008025166923472007,1784.0,2.0,513.0,0.030580420047044754,388.0,0.022555253123572747
3141,South Yarra - South,Victoria,Greater Melbourne,318.0,0.023847019122609673,2001.0,0.0,423.0,0.029471244663000107,105.0,0.005624225540390434
3142,Toorak,Victoria,Greater Melbourne,342.0,0.03469263542300669,2538.0,0.0,368.0,0.03469263542300669,26.0,0.0
3143,Armadale,Victoria,Greater Melbourne,171.0,0.028064992614475627,2207.0,0.0,190.0,0.028894996270537376,19.0,0.0008300036560617494
3144,Malvern - Glen Iris,Victoria,Greater Melbourne,275.0,0.032448377581120944,2364.0,3.0,296.0,0.032448377581120944,21.0,0.0
3145,Malvern East,Victoria,Greater Melbourne,402.0,0.026456071076011847,2386.0,5.0,526.0,0.03210842236876488,124.0,0.00565235129275303
3146,Glen Iris - East,Victoria,Greater Melbourne,543.0,0.03181019332161687,2914.0,0.0,585.0,0.03181019332161687,42.0,0.0
3147,Ashburton (Vic.),Victoria,Greater Melbourne,320.0,0.032313440371604565,2743.0,0.0,345.0,0.032313440371604565,25.0,0.0
3148,Ashwood - Chadstone,Victoria,Greater Melbourne,214.0,0.032026339419335526,2011.0,10.0,253.0,0.035145144909620285,39.0,0.0031188054902847595
3149,Mount Waverley - South,Victoria,Greater Melbourne,732.0,0.026842684268426842,2079.0,12.0,853.0,0.02902890555560589,121.0,0.0021862212871790465
3150,Glen Waverley - East,Victoria,Greater Melbourne,1225.0,0.027626801380212444,1949.0,1.0,1386.0,0.02901701256632805,161.0,0.0013902111861156044
3151,Burwood East,Victoria,Greater Melbourne,162.0,0.019221642145230186,1610.0,0.0,287.0,0.03160373866558075,125.0,0.012382096520350563
3152,Wantirna South,Victoria,Greater Melbourne,502.0,0.019848958127397096,1821.0,0.0,841.0,0.03087429516017437,339.0,0.011025337032777274
3153,Bayswater,Victoria,Greater Melbourne,165.0,0.008152173913043478,1610.0,2.0,687.0,0.031516674906015396,522.0,0.023364500992971916
3154,The Basin,Victoria,Greater Melbourne,35.0,0.010014306151645207,2049.0,0.0,128.0,0.03398939594626427,93.0,0.02397508979461906
3155,Boronia,Victoria,Greater Melbourne,184.0,0.010498687664041995,1609.0,0.0,594.0,0.03146606683731079,410.0,0.020967379173268796
3156,Lysterfield,Victoria,Greater Melbourne,365.0,0.01164497192445125,2756.0,0.0,1075.0,0.03182255104184151,710.0,0.02017757911739026
3158,Upwey - Tecoma,Victoria,Greater Melbourne,55.0,0.010520275439938791,2148.0,0.0,189.0,0.03349590674042702,134.0,0.022975631300488228
3159,Belgrave - Selby,Victoria,Greater Melbourne,30.0,0.013729977116704805,2253.0,0.0,67.0,0.02864111214876175,37.0,0.014911135032056945
3160,Belgrave - Selby,Victoria,Greater Melbourne,102.0,0.014588100686498856,2253.0,0.0,226.0,0.02993946336209774,124.0,0.015351362675598884
3161,Caulfield - North,Victoria,Greater Melbourne,301.0,0.028792806581212933,2184.0,0.0,350.0,0.031092943623661995,49.0,0.0023001370424490623
3162,Caulfield - South,Victoria,Greater Melbourne,394.0,0.03067341377968081,2289.0,0.0,440.0,0.03178302198648453,46.0,0.001109608206803718
3163,Carnegie,Victoria,Greater Melbourne,350.0,0.01685285053929122,1873.0,0.0,691.0,0.030871976166963577,341.0,0.014019125627672359
3165,Bentleigh East - North,Victoria,Greater Melbourne,443.0,0.021630859375,2250.0,0.0,706.0,0.03200578689575195,263.0,0.010374927520751955
3166,Oakleigh - Huntingdale,Victoria,Greater Melbourne,303.0,0.01650596502696519,1956.0,0.0,631.0,0.031901441514492035,328.0,0.015395476487526844
3167,Oakleigh - Huntingdale,Victoria,Greater Melbourne,148.0,0.018672722684834723,1956.0,6.0,268.0,0.03140601888298988,120.0,0.01273329619815516
3168,Clayton (North) - Notting Hill,Victoria,Greater Melbourne,343.0,0.019788842093117175,1278.0,0.0,582.0,0.03114875592291355,239.0,0.011359913829796377
3169,Clayton South,Victoria,Greater Melbourne,172.0,0.011319512997696611,1630.0,0.0,535.0,0.03265661001205444,363.0,0.021337097014357834
3170,Mulgrave,Victoria,Greater Melbourne,921.0,0.03724522808152701,1913.0,0.0,992.0,0.03724522808152701,71.0,0.0
3171,Springvale,Victoria,Greater Melbourne,212.0,0.012918164645664493,1401.0,8.0,552.0,0.03121330961585045,340.0,0.018295144970185955
3172,Dingley Village,Victoria,Greater Melbourne,182.0,0.010607915136678907,1981.0,0.0,587.0,0.03176286071538925,405.0,0.021154945578710345
3173,Keysborough - South,Victoria,Greater Melbourne,453.0,0.018104068419790585,2493.0,8.0,847.0,0.031424395740032196,394.0,0.013320327320241611
3174,Noble Park - East,Victoria,Greater Melbourne,183.0,0.006755759007678677,1359.0,0.0,894.0,0.03062862902879715,711.0,0.023872870021118472
3175,Dandenong - South,Victoria,Greater Melbourne,496.0,0.009530580481524893,1288.0,6.0,1573.0,0.028048360720276833,1077.0,0.01851778023875194
3177,Doveton,Victoria,Greater Melbourne,47.0,0.0055294117647058825,1262.0,0.0,309.0,0.03378944844007492,262.0,0.028260036675369037
3178,Rowville - Central,Victoria,Greater Melbourne,422.0,0.015539271642670398,2083.0,2.0,914.0,0.0312444269657135,492.0,0.015705155323043105
3179,Knoxfield - Scoresby,Victoria,Greater Melbourne,88.0,0.014996591683708248,1953.0,2.0,196.0,0.030953411012887955,108.0,0.01595681932917971
3180,Knoxfield - Scoresby,Victoria,Greater Melbourne,99.0,0.013496932515337423,1953.0,0.0,244.0,0.030920760706067085,145.0,0.017423828190729664
3181,Prahran - Windsor,Victoria,Greater Melbourne,239.0,0.022224288636786313,2098.0,0.0,354.0,0.030551264062523842,115.0,0.008326975425737529
3182,St Kilda - West,Victoria,Greater Melbourne,217.0,0.01646433990895296,1849.0,2.0,428.0,0.030143192037940025,211.0,0.013678852128987066
3183,Caulfield - North,Victoria,Greater Melbourne,167.0,0.017713194739075094,2184.0,0.0,326.0,0.03205375745892525,159.0,0.014340562719850153
3184,Elwood,Victoria,Greater Melbourne,193.0,0.020192508893073866,2093.0,0.0,319.0,0.03099765256047249,126.0,0.010805143667398622
3185,Elsternwick,Victoria,Greater Melbourne,245.0,0.0264750378214826,2171.0,0.0,312.0,0.031309664249420166,67.0,0.0048346264279375654
3186,Brighton (Vic.),Victoria,Greater Melbourne,581.0,0.03206224822029689,2718.0,11.0,626.0,0.03206224822029689,45.0,0.0
3187,Brighton East,Victoria,Greater Melbourne,349.0,0.029419202562589564,2720.0,0.0,394.0,0.0308674443513155,45.0,0.0014482417887259347
3188,Hampton,Victoria,Greater Melbourne,363.0,0.028004937509643574,2415.0,0.0,437.0,0.031314682215452194,74.0,0.0033097447058086198
3189,Moorabbin - Heatherton,Victoria,Greater Melbourne,119.0,0.013832384052074858,2046.0,0.0,296.0,0.03188888356089592,177.0,0.018056499508821062
3190,Highett (West) - Cheltenham,Victoria,Greater Melbourne,158.0,0.01890856869315462,2291.0,0.0,293.0,0.03253673017024994,135.0,0.013628161477095318
3191,Sandringham - Black Rock,Victoria,Greater Melbourne,193.0,0.02481357675494986,2356.0,2.0,261.0,0.03116096742451191,68.0,0.0063473906695620495
3192,Highett (East) - Cheltenham,Victoria,Greater Melbourne,280.0,0.014648182055976981,1853.0,4.0,629.0,0.030568603426218033,349.0,0.01592042137024105
3193,Beaumaris,Victoria,Greater Melbourne,360.0,0.023484897905929936,2622.0,1.0,513.0,0.031064042821526527,153.0,0.007579144915596591
3194,Mentone,Victoria,Greater Melbourne,139.0,0.013599452108404266,1889.0,4.0,353.0,0.03206363692879677,214.0,0.018464184820392502
3195,Braeside,Victoria,Greater Melbourne,508.0,0.01685076458685773,933.0,1.0,960.0,0.029565036296844482,452.0,0.012714271709986753
3196,Chelsea - Bonbeach,Victoria,Greater Melbourne,202.0,0.010913609595332,1718.0,1.0,617.0,0.03096601366996765,415.0,0.02005240407463565
3197,Carrum - Patterson Lakes,Victoria,Greater Melbourne,103.0,0.011148392683190822,1853.0,0.0,320.0,0.03218421712517738,217.0,0.02103582444198656
3198,Seaford (Vic.),Victoria,Greater Melbourne,105.0,0.007246376811594203,1500.0,0.0,492.0,0.031496137380599976,387.0,0.02424976056900577
3199,Frankston,Victoria,Greater Melbourne,420.0,0.01013684744044602,1383.0,12.0,1276.0,0.028578851372003555,856.0,0.018442003931557534
3200,Frankston North,Victoria,Greater Melbourne,16.0,0.004606968039159228,1313.0,0.0,113.0,0.030250271782279015,97.0,0.025643303743119787
3201,Carrum Downs,Victoria,Greater Melbourne,116.0,0.005923505080937548,1658.0,2.0,675.0,0.03198918327689171,559.0,0.02606567819595416
3202,Moorabbin - Heatherton,Victoria,Greater Melbourne,43.0,0.01819720694033009,2046.0,0.0,79.0,0.03110945038497448,36.0,0.012912243444644391
3204,Bentleigh - McKinnon,Victoria,Greater Melbourne,549.0,0.025097142857142856,2240.0,0.0,748.0,0.03175336867570877,199.0,0.006656225818565915
3205,South Melbourne,Victoria,Greater Melbourne,936.0,0.05389221556886228,2103.0,6.0,1008.0,0.05389221556886228,72.0,0.0
3206,Albert Park,Victoria,Greater Melbourne,189.0,0.027847355237954913,2303.0,0.0,230.0,0.031399235129356384,41.0,0.003551879891401471
3207,Port Melbourne Industrial,Victoria,Greater Melbourne,586.0,0.028847100521807622,2407.0,18.0,735.0,0.03359982743859291,149.0,0.004752726916785289
3211,Lara,Victoria,Rest of Vic.,12.0,0.008540925266903915,1966.0,0.0,40.0,0.026349838823080063,28.0,0.01780891355617615
3212,Lara,Victoria,Rest of Vic.,110.0,0.0066715186802523046,1966.0,0.0,457.0,0.02575436234474182,347.0,0.019082843664489518
3213,Lara,Victoria,Rest of Vic.,31.0,0.00841933731667572,1966.0,0.0,74.0,0.018721243366599083,43.0,0.010301906049923364
3214,Corio - Lovely Banks,Victoria,Rest of Vic.,44.0,0.0025473282000810513,1230.0,10.0,530.0,0.0284850113093853,486.0,0.02593768310930425
3215,North Geelong - Bell Park,Victoria,Rest of Vic.,289.0,0.013421883707969534,1386.0,2.0,655.0,0.028224555775523186,366.0,0.014802672067553651
3216,Highton,Victoria,Rest of Vic.,469.0,0.010457079152731327,2111.0,20.0,1210.0,0.025033803656697273,741.0,0.014576724503965946
3217,Torquay,Victoria,Rest of Vic.,244.0,0.011791427052626492,2281.0,6.0,657.0,0.029481325298547745,413.0,0.01768989824592125
3218,Bannockburn,Victoria,Rest of Vic.,143.0,0.012965817390515912,2159.0,0.0,291.0,0.02449805848300457,148.0,0.011532241092488658
3219,Newcomb - Moolap,Victoria,Rest of Vic.,70.0,0.004587456583000197,1161.0,8.0,447.0,0.02721032127737999,377.0,0.022622864694379793
3220,Newtown (Vic.),Victoria,Rest of Vic.,342.0,0.01945060569868623,2092.0,1.0,529.0,0.027935385704040527,187.0,0.008484780005354298
3221,Winchelsea,Victoria,Rest of Vic.,35.0,0.009015971148892323,1845.0,0.0,93.0,0.02221675030887127,58.0,0.013200779159978946
3222,Clifton Springs,Victoria,Rest of Vic.,98.0,0.006303466906798739,1424.0,2.0,443.0,0.026435038074851036,345.0,0.020131571168052295
3223,Portarlington,Victoria,Rest of Vic.,80.0,0.007548594074353651,1139.0,7.0,279.0,0.024430731311440468,199.0,0.016882137237086817
3224,Newcomb - Moolap,Victoria,Rest of Vic.,70.0,0.005547630369313679,1161.0,0.0,372.0,0.02736920677125454,302.0,0.02182157640194086
3225,Point Lonsdale - Queenscliff,Victoria,Rest of Vic.,104.0,0.019406605710020525,1521.0,2.0,152.0,0.02626754157245159,48.0,0.006860935862431066
3226,Ocean Grove,Victoria,Rest of Vic.,208.0,0.013960668501241695,1882.0,3.0,417.0,0.02595864050090313,209.0,0.011997971999661435
3227,Barwon Heads - Armstrong Creek,Victoria,Rest of Vic.,109.0,0.023405625939445996,2201.0,0.0,132.0,0.02623307891190052,23.0,0.0028274529724545243
3228,Torquay,Victoria,Rest of Vic.,345.0,0.017012673208738102,2281.0,0.0,567.0,0.025976166129112244,222.0,0.008963492920374141
3230,Lorne - Anglesea,Victoria,Rest of Vic.,63.0,0.019540942928039703,1684.0,0.0,84.0,0.024246225133538246,21.0,0.004705282205498543
3231,Lorne - Anglesea,Victoria,Rest of Vic.,54.0,0.03078677309007982,1684.0,0.0,58.0,0.03078677309007982,4.0,0.0
3232,Lorne - Anglesea,Victoria,Rest of Vic.,17.0,0.011140235910878113,1684.0,1.0,37.0,0.022544261068105698,20.0,0.011404025157227585
3233,Otway,Victoria,Rest of Vic.,20.0,0.008741258741258742,1167.0,1.0,60.0,0.024446461349725723,40.0,0.01570520260846698
3234,Otway,Victoria,Rest of Vic.,6.0,0.024793388429752067,1167.0,0.0,6.0,0.024793388429752067,0.0,0.0
3235,Winchelsea,Victoria,Rest of Vic.,5.0,0.01,1845.0,0.0,8.0,0.015010910108685493,3.0,0.005010910108685493
3236,Otway,Victoria,Rest of Vic.,4.0,0.01509433962264151,1167.0,0.0,4.0,0.01509433962264151,0.0,0.0
3237,Otway,Victoria,Rest of Vic.,0.0,0.0,1167.0,0.0,3.0,0.009238166734576225,3.0,0.009238166734576225
3238,Otway,Victoria,Rest of Vic.,7.0,0.021875,1167.0,0.0,8.0,0.021875,1.0,0.0
3239,Otway,Victoria,Rest of Vic.,0.0,0.0,1167.0,0.0,7.0,0.012338967993855476,7.0,0.012338967993855476
3240,Winchelsea,Victoria,Rest of Vic.,36.0,0.0158311345646438,1845.0,1.0,65.0,0.026460710912942886,29.0,0.010629576348299086
3241,Winchelsea,Victoria,Rest of Vic.,15.0,0.004781638508128785,1845.0,1.0,80.0,0.023752162232995033,65.0,0.018970523724866246
3242,Colac Surrounds,Victoria,Rest of Vic.,6.0,0.006012024048096192,1441.0,0.0,7.0,0.006635689176619053,1.0,0.0006236651285228606
3243,Colac Surrounds,Victoria,Rest of Vic.,3.0,0.00631578947368421,1441.0,0.0,3.0,0.00631578947368421,0.0,0.0
3249,Colac,Victoria,Rest of Vic.,4.0,0.0011607661056297156,1250.0,0.0,47.0,0.012583699077367783,43.0,0.011422932971738067
3250,Colac,Victoria,Rest of Vic.,36.0,0.0031931878658861094,1250.0,3.0,75.0,0.0061895656399428844,39.0,0.002996377774056775
3251,Colac Surrounds,Victoria,Rest of Vic.,3.0,0.004608294930875576,1441.0,0.0,3.0,0.004608294930875576,0.0,0.0
3254,Colac Surrounds,Victoria,Rest of Vic.,0.0,0.0,1441.0,0.0,1.0,0.003026665886864066,1.0,0.003026665886864066
3260,Camperdown,Victoria,Rest of Vic.,8.0,0.001702127659574468,1129.0,1.0,62.0,0.012296643108129501,54.0,0.010594515448555034
3264,Corangamite - North,Victoria,Rest of Vic.,4.0,0.0017014036580178648,1183.0,0.0,12.0,0.004660430364310741,8.0,0.0029590267062928766
3265,Corangamite - North,Victoria,Rest of Vic.,6.0,0.0021164021164021165,1183.0,0.0,29.0,0.009566917084157467,23.0,0.00745051496775535
3266,Corangamite - South,Victoria,Rest of Vic.,7.0,0.0021745883814849334,1406.0,0.0,22.0,0.006371770054101944,15.0,0.00419718167261701
3267,Corangamite - South,Victoria,Rest of Vic.,0.0,0.0,1406.0,0.0,1.0,0.0026044996920973063,1.0,0.0026044996920973063
3268,Corangamite - South,Victoria,Rest of Vic.,6.0,0.0020512820512820513,1406.0,0.0,74.0,0.023624945431947708,68.0,0.02157366338066566
3269,Corangamite - South,Victoria,Rest of Vic.,3.0,0.004347826086956522,1406.0,0.0,3.0,0.004347826086956522,0.0,0.0
3270,Corangamite - South,Victoria,Rest of Vic.,4.0,0.012698412698412698,1406.0,0.0,4.0,0.012698412698412698,0.0,0.0
3271,Moyne - East,Victoria,Rest of Vic.,0.0,0.0,1513.0,0.0,0.0,0.0005566692561842501,0.0,0.0005566692561842501
3272,Moyne - East,Victoria,Rest of Vic.,3.0,0.001837109614206981,1513.0,0.0,10.0,0.005672634579241276,7.0,0.0038355249650342945
3273,Moyne - East,Victoria,Rest of Vic.,3.0,0.017964071856287425,1513.0,0.0,3.0,0.017964071856287425,0.0,0.0
3274,Moyne - East,Victoria,Rest of Vic.,0.0,0.0,1513.0,0.0,0.0,0.0006814922671765089,0.0,0.0006814922671765089
3275,Moyne - West,Victoria,Rest of Vic.,0.0,0.0,1522.0,0.0,4.0,0.00802579801529646,4.0,0.00802579801529646
3276,Moyne - East,Victoria,Rest of Vic.,0.0,0.0,1513.0,0.0,1.0,0.0012448185589164495,1.0,0.0012448185589164495
3277,Moyne - East,Victoria,Rest of Vic.,3.0,0.001633097441480675,1513.0,0.0,9.0,0.004383138846606016,6.0,0.002750041405125341
3278,Moyne - East,Victoria,Rest of Vic.,0.0,0.0,1513.0,0.0,0.0,0.0006935950368642807,0.0,0.0006935950368642807
3279,Moyne - East,Victoria,Rest of Vic.,3.0,0.009375,1513.0,0.0,3.0,0.009375,0.0,0.0
3280,Warrnambool - North,Victoria,Rest of Vic.,167.0,0.005670243107429037,1451.0,5.0,834.0,0.026285093277692795,667.0,0.02061485017026376
3281,Moyne - East,Victoria,Rest of Vic.,6.0,0.0032876712328767125,1513.0,0.0,17.0,0.008401350118219852,11.0,0.00511367888534314
3282,Moyne - West,Victoria,Rest of Vic.,10.0,0.003875968992248062,1522.0,0.0,65.0,0.02345549501478672,55.0,0.01957952602253866
3283,Moyne - West,Victoria,Rest of Vic.,3.0,0.0021691973969631237,1522.0,0.0,17.0,0.011143731884658337,14.0,0.008974534487695213
3284,Moyne - West,Victoria,Rest of Vic.,31.0,0.00916888494528246,1522.0,2.0,88.0,0.024032684043049812,57.0,0.014863799097767352
3285,Moyne - West,Victoria,Rest of Vic.,6.0,0.0045662100456621,1522.0,0.0,30.0,0.02131093479692936,24.0,0.01674472475126726
3286,Moyne - West,Victoria,Rest of Vic.,0.0,0.0,1522.0,0.0,5.0,0.007018266711384058,5.0,0.007018266711384058
3287,Moyne - West,Victoria,Rest of Vic.,0.0,0.0,1522.0,0.0,3.0,0.005896151065826416,3.0,0.005896151065826416
3289,Southern Grampians,Victoria,Rest of Vic.,0.0,0.0,1289.0,0.0,0.0,0.0005018183146603405,0.0,0.0005018183146603405
3292,Glenelg (Vic.),Victoria,Rest of Vic.,0.0,0.0,1234.0,0.0,0.0,0.0005890922038815916,0.0,0.0005890922038815916
3293,Southern Grampians,Victoria,Rest of Vic.,0.0,0.0,1289.0,0.0,0.0,0.0004859850450884551,0.0,0.0004859850450884551
3294,Southern Grampians,Victoria,Rest of Vic.,3.0,0.0027649769585253456,1289.0,1.0,3.0,0.0027649769585253456,0.0,0.0
3300,Hamilton (Vic.),Victoria,Rest of Vic.,31.0,0.0031893004115226336,1247.0,2.0,268.0,0.025598134845495224,237.0,0.02240883443397259
3301,Hamilton (Vic.),Victoria,Rest of Vic.,3.0,0.002210759027266028,1247.0,0.0,29.0,0.019769610837101936,26.0,0.017558851809835907
3302,Southern Grampians,Victoria,Rest of Vic.,0.0,0.0,1289.0,0.0,0.0,0.00047978508519008756,0.0,0.00047978508519008756
3303,Glenelg (Vic.),Victoria,Rest of Vic.,0.0,0.0,1234.0,0.0,0.0,0.0008058684761635959,0.0,0.0008058684761635959
3304,Glenelg (Vic.),Victoria,Rest of Vic.,0.0,0.0,1234.0,1.0,4.0,0.0014676881255581975,4.0,0.0014676881255581975
3305,Glenelg (Vic.),Victoria,Rest of Vic.,19.0,0.0015063823039720922,1234.0,2.0,282.0,0.02077864482998848,263.0,0.01927226252601639
3309,Glenelg (Vic.),Victoria,Rest of Vic.,0.0,0.0,1234.0,0.0,0.0,0.0005013184272684157,0.0,0.0005013184272684157
3310,Glenelg (Vic.),Victoria,Rest of Vic.,0.0,0.0,1234.0,0.0,0.0,0.0007937657064758241,0.0,0.0007937657064758241
3311,Glenelg (Vic.),Victoria,Rest of Vic.,0.0,0.0,1234.0,0.0,7.0,0.003501586616039276,7.0,0.003501586616039276
3312,Glenelg (Vic.),Victoria,Rest of Vic.,0.0,0.0,1234.0,0.0,1.0,0.0012087152572348714,1.0,0.0012087152572348714
3314,Southern Grampians,Victoria,Rest of Vic.,4.0,0.006600660066006601,1289.0,0.0,6.0,0.008428425528109074,2.0,0.001827765462102473
3315,Southern Grampians,Victoria,Rest of Vic.,0.0,0.0,1289.0,0.0,1.0,0.0006259818328544497,1.0,0.0006259818328544497
3317,West Wimmera,Victoria,Rest of Vic.,0.0,0.0,1176.0,0.0,0.0,0.0017057289369404316,0.0,0.0017057289369404316
3318,West Wimmera,Victoria,Rest of Vic.,0.0,0.0,1176.0,1.0,1.0,0.0010548242134973407,1.0,0.0010548242134973407
3319,West Wimmera,Victoria,Rest of Vic.,0.0,0.0,1176.0,0.0,0.0,0.0007223410066217184,0.0,0.0007223410066217184
3321,Golden Plains - South,Victoria,Rest of Vic.,8.0,0.004542873367404884,1898.0,0.0,40.0,0.020859654992818832,32.0,0.01631678162541395
3322,Colac Surrounds,Victoria,Rest of Vic.,0.0,0.0,1441.0,0.0,1.0,0.0022231657058000565,1.0,0.0022231657058000565
3323,Corangamite - North,Victoria,Rest of Vic.,0.0,0.0,1183.0,0.0,0.0,0.000791338155977428,0.0,0.000791338155977428
3324,Corangamite - North,Victoria,Rest of Vic.,0.0,0.0,1183.0,0.0,1.0,0.0016715220408514142,1.0,0.0016715220408514142
3325,Corangamite - North,Victoria,Rest of Vic.,3.0,0.0046439628482972135,1183.0,0.0,3.0,0.0046439628482972135,0.0,0.0
3328,Golden Plains - South,Victoria,Rest of Vic.,10.0,0.004562043795620438,1898.0,0.0,55.0,0.023481350392103195,45.0,0.018919306596482756
3329,Golden Plains - South,Victoria,Rest of Vic.,3.0,0.008823529411764706,1898.0,0.0,3.0,0.008823529411764706,0.0,0.0
3330,Golden Plains - South,Victoria,Rest of Vic.,0.0,0.0,1898.0,0.0,1.0,0.0027239008340984583,1.0,0.0027239008340984583
3331,Golden Plains - South,Victoria,Rest of Vic.,43.0,0.006672873991309745,1898.0,1.0,169.0,0.024375630542635918,126.0,0.017702756551326172
3332,Golden Plains - South,Victoria,Rest of Vic.,10.0,0.00792393026941363,1898.0,0.0,31.0,0.0226055309176445,21.0,0.014681600648230871
3333,Golden Plains - South,Victoria,Rest of Vic.,3.0,0.0031512605042016808,1898.0,1.0,3.0,0.0031512605042016808,0.0,0.0
3334,Gordon (Vic.),Victoria,Rest of Vic.,3.0,0.004754358161648178,1813.0,0.0,3.0,0.004754358161648178,0.0,0.0
3335,Fraser Rise - Plumpton,Victoria,Greater Melbourne,150.0,0.013323858589447504,2254.0,0.0,381.0,0.03141443431377411,231.0,0.018090575724326603
3336,Fraser Rise - Plumpton,Victoria,Greater Melbourne,319.0,0.016071338606478917,2254.0,0.0,682.0,0.03187282755970955,363.0,0.015801488953230632
3337,Kurunjang - Toolern Vale,Victoria,Greater Melbourne,146.0,0.004674842304120906,1556.0,0.0,975.0,0.028964603319764137,829.0,0.02428976101564323
3338,Eynesbury - Exford,Victoria,Greater Melbourne,251.0,0.008561001398410586,2562.0,6.0,959.0,0.03035573661327362,708.0,0.021794735214863033
3340,Bacchus Marsh Surrounds,Victoria,Rest of Vic.,156.0,0.0069115236365247445,1731.0,0.0,638.0,0.026247072964906693,482.0,0.019335549328381947
3341,Bacchus Marsh Surrounds,Victoria,Rest of Vic.,8.0,0.004456824512534819,1731.0,0.0,47.0,0.024375280365347862,39.0,0.019918455852813044
3342,Bacchus Marsh Surrounds,Victoria,Rest of Vic.,30.0,0.007694280584765324,1731.0,0.0,105.0,0.02501080557703972,75.0,0.017316524992274394
3345,Gordon (Vic.),Victoria,Rest of Vic.,6.0,0.00430416068866571,1813.0,0.0,37.0,0.024649303406476974,31.0,0.020345142717811265
3350,Canadian - Mount Clear,Victoria,Rest of Vic.,464.0,0.00858210335515851,1396.0,20.0,1495.0,0.02566598542034626,1031.0,0.017083882065187753
3351,Beaufort,Victoria,Rest of Vic.,41.0,0.004238164151333471,1193.0,0.0,265.0,0.025451358407735825,224.0,0.021213194256402355
3352,Delacombe,Victoria,Rest of Vic.,81.0,0.004228881695729351,1627.0,2.0,554.0,0.02685343660414219,473.0,0.022624554908412836
3355,Wendouree - Miners Rest,Victoria,Rest of Vic.,62.0,0.004583425741110372,1191.0,0.0,352.0,0.02415279671549797,290.0,0.019569370974387598
3356,Sebastopol - Redan,Victoria,Rest of Vic.,47.0,0.003669295026934187,1020.0,2.0,376.0,0.027272148057818413,329.0,0.023602853030884226
3357,Buninyong,Victoria,Rest of Vic.,34.0,0.010455104551045511,1927.0,0.0,83.0,0.023722724989056587,49.0,0.013267620438011076
3358,Delacombe,Victoria,Rest of Vic.,20.0,0.004595588235294118,1627.0,0.0,133.0,0.028290681540966034,113.0,0.023695093305671915
3360,Golden Plains - North,Victoria,Rest of Vic.,4.0,0.0045662100456621,1455.0,0.0,21.0,0.021775266155600548,17.0,0.017209056109938448
3361,Beaufort,Victoria,Rest of Vic.,0.0,0.0,1193.0,0.0,8.0,0.009399772621691227,8.0,0.009399772621691227
3363,Creswick - Clunes,Victoria,Rest of Vic.,19.0,0.005840762373193975,1238.0,1.0,87.0,0.024949107319116592,68.0,0.019108344945922617
3364,Creswick - Clunes,Victoria,Rest of Vic.,13.0,0.005387484459179445,1238.0,3.0,78.0,0.030114803463220596,65.0,0.02472731900404115
3370,Creswick - Clunes,Victoria,Rest of Vic.,19.0,0.009921671018276762,1238.0,0.0,51.0,0.024865103885531425,32.0,0.014943432867254663
3371,Maryborough Surrounds,Victoria,Rest of Vic.,5.0,0.003952569169960474,956.0,0.0,11.0,0.008212168700993061,6.0,0.004259599531032587
3373,Beaufort,Victoria,Rest of Vic.,10.0,0.0035149384885764497,1193.0,4.0,17.0,0.005521578714251518,7.0,0.0020066402256750685
3374,Stawell,Victoria,Rest of Vic.,0.0,0.0,1184.0,0.0,1.0,0.002670053858309984,1.0,0.002670053858309984
3375,Ararat Surrounds,Victoria,Rest of Vic.,0.0,0.0,1384.0,0.0,0.0,0.0009164721122942865,0.0,0.0009164721122942865
3377,Ararat,Victoria,Rest of Vic.,23.0,0.0027977131735798565,1216.0,6.0,227.0,0.025579864159226418,204.0,0.022782150985646562
3378,Ararat Surrounds,Victoria,Rest of Vic.,0.0,0.0,1384.0,0.0,0.0,0.0006368460017256439,0.0,0.0006368460017256439
3379,Ararat Surrounds,Victoria,Rest of Vic.,0.0,0.0,1384.0,0.0,2.0,0.0016841862816363573,2.0,0.0016841862816363573
3380,Stawell,Victoria,Rest of Vic.,6.0,0.0010200612036722204,1184.0,13.0,84.0,0.013216866180300713,78.0,0.012196804976628492
3381,Ararat Surrounds,Victoria,Rest of Vic.,4.0,0.003003003003003003,1384.0,0.0,4.0,0.003003003003003003,0.0,0.0
3384,Stawell,Victoria,Rest of Vic.,0.0,0.0,1184.0,0.0,3.0,0.004048679489642382,3.0,0.004048679489642382
3385,Stawell,Victoria,Rest of Vic.,4.0,0.006359300476947536,1184.0,0.0,4.0,0.006359300476947536,0.0,0.0
3387,St Arnaud,Victoria,Rest of Vic.,0.0,0.0,993.0,0.0,1.0,0.0017156180692836642,1.0,0.0017156180692836642
3388,Yarriambiack,Victoria,Rest of Vic.,0.0,0.0,1099.0,0.0,0.0,0.0006541305338032544,0.0,0.0006541305338032544
3390,Yarriambiack,Victoria,Rest of Vic.,0.0,0.0,1099.0,0.0,1.0,0.0006653739255852997,1.0,0.0006653739255852997
3391,Yarriambiack,Victoria,Rest of Vic.,0.0,0.0,1099.0,0.0,0.0,0.0004983355174772441,0.0,0.0004983355174772441
3392,Yarriambiack,Victoria,Rest of Vic.,0.0,0.0,1099.0,0.0,0.0,0.0006759819807484746,0.0,0.0006759819807484746
3393,Yarriambiack,Victoria,Rest of Vic.,4.0,0.0014301036825169824,1099.0,1.0,11.0,0.003512468421831727,7.0,0.0020823647393147446
3395,Yarriambiack,Victoria,Rest of Vic.,0.0,0.0,1099.0,0.0,0.0,0.0006713158218190074,0.0,0.0006713158218190074
3396,Yarriambiack,Victoria,Rest of Vic.,3.0,0.0037593984962406013,1099.0,0.0,3.0,0.0037593984962406013,0.0,0.0
3400,Horsham,Victoria,Rest of Vic.,28.0,0.0020774595637334916,1347.0,4.0,194.0,0.013353073969483376,166.0,0.011275614405749885
3401,Horsham Surrounds,Victoria,Rest of Vic.,10.0,0.001996805111821086,1567.0,0.0,47.0,0.008644349873065948,37.0,0.006647544761244862
3407,Southern Grampians,Victoria,Rest of Vic.,0.0,0.0,1289.0,0.0,0.0,0.0004913329612463713,0.0,0.0004913329612463713
3409,Horsham Surrounds,Victoria,Rest of Vic.,0.0,0.0,1567.0,0.0,4.0,0.0035394642036408186,4.0,0.0035394642036408186
3412,West Wimmera,Victoria,Rest of Vic.,3.0,0.008021390374331552,1176.0,0.0,3.0,0.008021390374331552,0.0,0.0
3413,West Wimmera,Victoria,Rest of Vic.,0.0,0.0,1176.0,0.0,0.0,0.0017057289369404316,0.0,0.0017057289369404316
3414,Nhill Region,Victoria,Rest of Vic.,0.0,0.0,1179.0,1.0,4.0,0.002064030384644866,4.0,0.002064030384644866
3415,Nhill Region,Victoria,Rest of Vic.,0.0,0.0,1179.0,0.0,0.0,0.0022425258066505194,0.0,0.0022425258066505194
3418,Nhill Region,Victoria,Rest of Vic.,3.0,0.0010207553589656345,1179.0,6.0,3.0,0.0010207553589656345,0.0,0.0
3419,Nhill Region,Victoria,Rest of Vic.,0.0,0.0,1179.0,1.0,1.0,0.0009031902300193906,1.0,0.0009031902300193906
3420,Nhill Region,Victoria,Rest of Vic.,0.0,0.0,1179.0,0.0,0.0,0.0009324809652753174,0.0,0.0009324809652753174
3423,Nhill Region,Victoria,Rest of Vic.,0.0,0.0,1179.0,0.0,1.0,0.001062512514181435,1.0,0.001062512514181435
3424,Nhill Region,Victoria,Rest of Vic.,0.0,0.0,1179.0,0.0,1.0,0.0007834472344256938,1.0,0.0007834472344256938
3427,Diggers Rest,Victoria,Greater Melbourne,58.0,0.010822914722896062,2009.0,0.0,176.0,0.030461935326457024,118.0,0.01963902060356096
3428,Greenvale - Bulla,Victoria,Greater Melbourne,3.0,0.004225352112676056,2250.0,0.0,3.0,0.004240282811224461,0.0,1.4930698548404689e-05
3429,Sunbury,Victoria,Greater Melbourne,270.0,0.008433810208033986,2106.0,2.0,1114.0,0.032290201634168625,844.0,0.02385639142613464
3430,Romsey,Victoria,Greater Melbourne,0.0,0.0,2004.0,0.0,4.0,0.010491724126040936,4.0,0.010491724126040936
3431,Riddells Creek,Victoria,Greater Melbourne,37.0,0.008939357332689055,2156.0,0.0,130.0,0.02908700704574585,93.0,0.020147649713056794
3432,Romsey,Victoria,Greater Melbourne,0.0,0.0,2004.0,0.0,1.0,0.004663538653403521,1.0,0.004663538653403521
3433,Romsey,Victoria,Greater Melbourne,3.0,0.01107011070110701,2004.0,0.0,4.0,0.015010504983365536,1.0,0.003940394282258525
3434,Romsey,Victoria,Greater Melbourne,40.0,0.006924009001211702,2004.0,0.0,190.0,0.030536958947777748,150.0,0.023612949946566045
3435,Romsey,Victoria,Greater Melbourne,25.0,0.007392075694855115,2004.0,0.0,103.0,0.02816074527800083,78.0,0.020768669583145716
3437,Gisborne,Victoria,Greater Melbourne,139.0,0.01308604782526831,2311.0,0.0,342.0,0.029911767691373825,203.0,0.016825719866105517
3438,Gisborne,Victoria,Greater Melbourne,15.0,0.006177924217462933,2311.0,0.0,75.0,0.028766319155693054,60.0,0.022588394938230123
3440,Macedon,Victoria,Greater Melbourne,28.0,0.014736842105263158,2457.0,1.0,59.0,0.02867366001009941,31.0,0.013936817904836253
3441,Macedon,Victoria,Greater Melbourne,30.0,0.02237136465324385,2457.0,0.0,41.0,0.028319919481873512,11.0,0.005948554828629663
3442,Woodend,Victoria,Rest of Vic.,125.0,0.016286644951140065,2113.0,2.0,213.0,0.0257292278110981,88.0,0.009442582859958033
3444,Castlemaine Surrounds,Victoria,Rest of Vic.,95.0,0.0098568167669641,1317.0,1.0,264.0,0.025448009371757507,169.0,0.015591192604793407
3446,Daylesford,Victoria,Rest of Vic.,12.0,0.01064773735581189,1343.0,0.0,28.0,0.023235423490405083,16.0,0.012587686134593193
3447,Castlemaine Surrounds,Victoria,Rest of Vic.,0.0,0.0,1317.0,0.0,3.0,0.005393513478338718,3.0,0.005393513478338718
3448,Castlemaine Surrounds,Victoria,Rest of Vic.,10.0,0.008503401360544218,1317.0,0.0,31.0,0.024237265810370445,21.0,0.015733864449826225
3450,Castlemaine,Victoria,Rest of Vic.,88.0,0.014478446857518921,1200.0,2.0,169.0,0.02587713487446308,81.0,0.01139868801694416
3451,Castlemaine,Victoria,Rest of Vic.,66.0,0.011921965317919074,1200.0,0.0,156.0,0.02607855014503002,90.0,0.014156584827110947
3453,Castlemaine Surrounds,Victoria,Rest of Vic.,7.0,0.0035623409669211198,1317.0,1.0,12.0,0.005693440325558186,5.0,0.002131099358637066
3458,Bacchus Marsh Surrounds,Victoria,Rest of Vic.,38.0,0.015541922290388548,1731.0,2.0,62.0,0.02362934499979019,24.0,0.008087422709401644
3460,Daylesford,Victoria,Rest of Vic.,34.0,0.012265512265512266,1343.0,1.0,71.0,0.02381761372089386,37.0,0.011552101455381594
3461,Daylesford,Victoria,Rest of Vic.,69.0,0.01388609378144496,1343.0,2.0,131.0,0.024432729929685593,62.0,0.010546636148240633
3462,Castlemaine Surrounds,Victoria,Rest of Vic.,9.0,0.006864988558352402,1317.0,0.0,33.0,0.02325698733329773,24.0,0.016391998774945328
3463,Castlemaine Surrounds,Victoria,Rest of Vic.,33.0,0.01116751269035533,1317.0,0.0,77.0,0.024079911410808563,44.0,0.012912398720453234
3464,Maryborough Surrounds,Victoria,Rest of Vic.,3.0,0.0025188916876574307,956.0,0.0,3.0,0.0025188916876574307,0.0,0.0
3465,Maryborough Surrounds,Victoria,Rest of Vic.,20.0,0.0021500752526338422,956.0,2.0,95.0,0.009463570080697536,75.0,0.007313494828063694
3467,Avoca,Victoria,Rest of Vic.,0.0,0.0,985.0,2.0,10.0,0.006201471667736769,10.0,0.006201471667736769
3468,Avoca,Victoria,Rest of Vic.,0.0,0.0,985.0,0.0,1.0,0.0031691028270870447,1.0,0.0031691028270870447
3469,Avoca,Victoria,Rest of Vic.,0.0,0.0,985.0,0.0,1.0,0.0031691028270870447,1.0,0.0031691028270870447
3472,Maryborough Surrounds,Victoria,Rest of Vic.,0.0,0.0,956.0,0.0,18.0,0.009059170261025429,18.0,0.009059170261025429
3475,Maryborough Surrounds,Victoria,Rest of Vic.,0.0,0.0,956.0,0.0,2.0,0.0028727154713124037,2.0,0.0028727154713124037
3477,St Arnaud,Victoria,Rest of Vic.,3.0,0.003076923076923077,993.0,0.0,3.0,0.003076923076923077,0.0,0.0
3478,St Arnaud,Victoria,Rest of Vic.,3.0,0.001112759643916914,993.0,2.0,11.0,0.003790019080042839,8.0,0.002677259436125925
3480,Buloke,Victoria,Rest of Vic.,3.0,0.0015487867836861124,1089.0,0.0,3.0,0.0015487867836861124,0.0,0.0
3482,Buloke,Victoria,Rest of Vic.,0.0,0.0,1089.0,0.0,0.0,0.000638964178506285,0.0,0.000638964178506285
3483,Buloke,Victoria,Rest of Vic.,0.0,0.0,1089.0,0.0,1.0,0.0006263951072469354,1.0,0.0006263951072469354
3485,Buloke,Victoria,Rest of Vic.,0.0,0.0,1089.0,0.0,0.0,0.0006885335897095501,0.0,0.0006885335897095501
3487,Yarriambiack,Victoria,Rest of Vic.,0.0,0.0,1099.0,0.0,0.0,0.0004983355174772441,0.0,0.0004983355174772441
3488,Yarriambiack,Victoria,Rest of Vic.,0.0,0.0,1099.0,0.0,0.0,0.0004983355174772441,0.0,0.0004983355174772441
3489,Mildura Surrounds,Victoria,Rest of Vic.,0.0,0.0,1239.0,0.0,0.0,0.000246092036832124,0.0,0.000246092036832124
3490,Mildura Surrounds,Victoria,Rest of Vic.,0.0,0.0,1239.0,0.0,1.0,0.0003657761844806373,1.0,0.0003657761844806373
3491,Mildura Surrounds,Victoria,Rest of Vic.,0.0,0.0,1239.0,0.0,0.0,0.00023852637968957424,0.0,0.00023852637968957424
3494,Mildura Surrounds,Victoria,Rest of Vic.,0.0,0.0,1239.0,0.0,0.0,0.00038872845470905304,0.0,0.00038872845470905304
3496,Mildura Surrounds,Victoria,Rest of Vic.,6.0,0.0009943652635067948,1239.0,0.0,31.0,0.004811035934835672,25.0,0.0038166706713288773
3498,Irymple,Victoria,Rest of Vic.,7.0,0.0012079378774805867,1716.0,0.0,164.0,0.02632356807589531,157.0,0.025115630198414722
3500,Mildura - South,Victoria,Rest of Vic.,86.0,0.002859042553191489,1407.0,0.0,867.0,0.0267624594271183,781.0,0.023903416873926813
3501,Mildura Surrounds,Victoria,Rest of Vic.,7.0,0.002362470469119136,1239.0,0.0,9.0,0.002731182612478733,2.0,0.00036871214335959697
3505,Mildura Surrounds,Victoria,Rest of Vic.,4.0,0.0008380473496752566,1239.0,0.0,4.0,0.0008380473496752566,0.0,0.0
3506,Mildura Surrounds,Victoria,Rest of Vic.,0.0,0.0,1239.0,0.0,0.0,0.00018309440929442644,0.0,0.00018309440929442644
3507,Mildura Surrounds,Victoria,Rest of Vic.,0.0,0.0,1239.0,0.0,0.0,0.00023852637968957424,0.0,0.00023852637968957424
3509,Mildura Surrounds,Victoria,Rest of Vic.,0.0,0.0,1239.0,0.0,0.0,0.00030957505805417895,0.0,0.00030957505805417895
3512,Mildura Surrounds,Victoria,Rest of Vic.,0.0,0.0,1239.0,0.0,0.0,0.0003155528975185007,0.0,0.0003155528975185007
3515,Bendigo Surrounds - South,Victoria,Rest of Vic.,10.0,0.004140786749482402,2040.0,4.0,64.0,0.024513082578778267,54.0,0.020372295829295867
3516,Loddon,Victoria,Rest of Vic.,0.0,0.0,1027.0,0.0,1.0,0.000635069387499243,1.0,0.000635069387499243
3517,Loddon,Victoria,Rest of Vic.,5.0,0.0031525851197982345,1027.0,1.0,6.0,0.003485649125650525,1.0,0.00033306400585229054
3518,Loddon,Victoria,Rest of Vic.,0.0,0.0,1027.0,2.0,1.0,0.0006690226728096604,1.0,0.0006690226728096604
3520,Loddon,Victoria,Rest of Vic.,3.0,0.015,1027.0,0.0,3.0,0.015,0.0,0.0
3521,Seymour Surrounds,Victoria,Rest of Vic.,0.0,0.0,1900.0,0.0,5.0,0.005711656529456377,5.0,0.005711656529456377
3522,Seymour Surrounds,Victoria,Rest of Vic.,3.0,0.007371007371007371,1900.0,0.0,3.0,0.007371007371007371,0.0,0.0
3523,Heathcote,Victoria,Rest of Vic.,31.0,0.006798245614035088,1115.0,1.0,40.0,0.008080798201262951,9.0,0.0012825525872278629
3525,Buloke,Victoria,Rest of Vic.,0.0,0.0,1089.0,0.0,1.0,0.0007088438724167645,1.0,0.0007088438724167645
3527,Buloke,Victoria,Rest of Vic.,3.0,0.0034883720930232558,1089.0,6.0,3.0,0.0034883720930232558,0.0,0.0
3529,Buloke,Victoria,Rest of Vic.,0.0,0.0,1089.0,0.0,0.0,0.0005082599236629903,0.0,0.0005082599236629903
3530,Buloke,Victoria,Rest of Vic.,0.0,0.0,1089.0,0.0,0.0,0.0005082599236629903,0.0,0.0005082599236629903
3531,Buloke,Victoria,Rest of Vic.,0.0,0.0,1089.0,0.0,0.0,0.0006626505637541413,0.0,0.0006626505637541413
3533,Buloke,Victoria,Rest of Vic.,0.0,0.0,1089.0,2.0,1.0,0.0006539647001773119,1.0,0.0006539647001773119
3537,Loddon,Victoria,Rest of Vic.,0.0,0.0,1027.0,0.0,1.0,0.0006880209548398852,1.0,0.0006880209548398852
3540,Gannawarra,Victoria,Rest of Vic.,0.0,0.0,1114.0,0.0,0.0,0.0010826380457729101,0.0,0.0010826380457729101
3542,Gannawarra,Victoria,Rest of Vic.,0.0,0.0,1114.0,0.0,0.0,0.0007851411937735975,0.0,0.0007851411937735975
3544,Swan Hill Surrounds,Victoria,Rest of Vic.,0.0,0.0,1373.0,0.0,0.0,0.0002408321452094242,0.0,0.0002408321452094242
3546,Swan Hill Surrounds,Victoria,Rest of Vic.,0.0,0.0,1373.0,0.0,0.0,0.00032088105217553675,0.0,0.00032088105217553675
3549,Swan Hill Surrounds,Victoria,Rest of Vic.,3.0,0.0006702412868632708,1373.0,0.0,3.0,0.0006702412868632708,0.0,0.0
3550,East Bendigo - Kennington,Victoria,Rest of Vic.,256.0,0.007256030157875344,1408.0,34.0,1012.0,0.02661495842039585,756.0,0.019358928262520506
3551,Bendigo,Victoria,Rest of Vic.,189.0,0.005645329908300726,1267.0,1.0,956.0,0.026511410251259804,767.0,0.02086608034295908
3555,Kangaroo Flat - Golden Square,Victoria,Rest of Vic.,70.0,0.004084728949057595,1238.0,0.0,501.0,0.02713341824710369,431.0,0.023048689298046095
3556,Bendigo Surrounds - North,Victoria,Rest of Vic.,29.0,0.0024040454281687804,1454.0,0.0,343.0,0.02638879232108593,314.0,0.02398474689291715
3557,Bendigo Surrounds - North,Victoria,Rest of Vic.,0.0,0.0,1454.0,0.0,20.0,0.01823481172323227,20.0,0.01823481172323227
3558,Bendigo Surrounds - North,Victoria,Rest of Vic.,0.0,0.0,1454.0,0.0,5.0,0.0039057149551808834,5.0,0.0039057149551808834
3559,Rushworth,Victoria,Rest of Vic.,3.0,0.004694835680751174,1072.0,0.0,3.0,0.004694835680751174,0.0,0.0
3561,Rochester,Victoria,Rest of Vic.,16.0,0.0035203520352035203,1166.0,0.0,76.0,0.015535539016127586,60.0,0.012015186980924067
3562,Lockington - Gunbower,Victoria,Rest of Vic.,0.0,0.0,1428.0,0.0,1.0,0.0027364997658878565,1.0,0.0027364997658878565
3563,Lockington - Gunbower,Victoria,Rest of Vic.,0.0,0.0,1428.0,0.0,4.0,0.004498816095292568,4.0,0.004498816095292568
3564,Lockington - Gunbower,Victoria,Rest of Vic.,37.0,0.002034084661902144,1428.0,1.0,260.0,0.01325689721852541,223.0,0.011222812556623265
3565,Lockington - Gunbower,Victoria,Rest of Vic.,0.0,0.0,1428.0,0.0,0.0,0.0020119110122323036,0.0,0.0020119110122323036
3566,Lockington - Gunbower,Victoria,Rest of Vic.,0.0,0.0,1428.0,0.0,3.0,0.004760882817208767,3.0,0.004760882817208767
3567,Gannawarra,Victoria,Rest of Vic.,0.0,0.0,1114.0,0.0,1.0,0.0016628496814519167,1.0,0.0016628496814519167
3568,Gannawarra,Victoria,Rest of Vic.,0.0,0.0,1114.0,1.0,3.0,0.0007877347525209188,3.0,0.0007877347525209188
3570,Bendigo Surrounds - North,Victoria,Rest of Vic.,0.0,0.0,1454.0,0.0,11.0,0.011827075853943825,11.0,0.011827075853943825
3571,Loddon,Victoria,Rest of Vic.,0.0,0.0,1027.0,0.0,0.0,0.0005554449162445962,0.0,0.0005554449162445962
3572,Lockington - Gunbower,Victoria,Rest of Vic.,0.0,0.0,1428.0,0.0,1.0,0.0024789338931441307,1.0,0.0024789338931441307
3573,Loddon,Victoria,Rest of Vic.,0.0,0.0,1027.0,0.0,0.0,0.0005492448690347373,0.0,0.0005492448690347373
3575,Loddon,Victoria,Rest of Vic.,0.0,0.0,1027.0,0.0,1.0,0.000670885608997196,1.0,0.000670885608997196
3576,Loddon,Victoria,Rest of Vic.,0.0,0.0,1027.0,0.0,0.0,0.002009936608374119,0.0,0.002009936608374119
3579,Gannawarra,Victoria,Rest of Vic.,4.0,0.0007428040854224698,1114.0,1.0,26.0,0.004470626823604107,22.0,0.003727822738181637
3580,Gannawarra,Victoria,Rest of Vic.,0.0,0.0,1114.0,0.0,4.0,0.0026389670092612505,4.0,0.0026389670092612505
3581,Gannawarra,Victoria,Rest of Vic.,0.0,0.0,1114.0,0.0,0.0,0.0010512575972825289,0.0,0.0010512575972825289
3583,Swan Hill Surrounds,Victoria,Rest of Vic.,0.0,0.0,1373.0,0.0,0.0,0.0001327225472778082,0.0,0.0001327225472778082
3584,Swan Hill Surrounds,Victoria,Rest of Vic.,3.0,0.0026666666666666666,1373.0,0.0,3.0,0.0026666666666666666,0.0,0.0
3585,Swan Hill Surrounds,Victoria,Rest of Vic.,10.0,0.0008947745168217609,1373.0,2.0,19.0,0.001610208535566926,9.0,0.0007154340187451651
3586,Swan Hill,Victoria,Rest of Vic.,0.0,0.0,1390.0,0.0,11.0,0.013610173016786575,11.0,0.013610173016786575
3588,Swan Hill Surrounds,Victoria,Rest of Vic.,0.0,0.0,1373.0,0.0,0.0,0.00024211367417592555,0.0,0.00024211367417592555
3589,Swan Hill Surrounds,Victoria,Rest of Vic.,0.0,0.0,1373.0,0.0,0.0,0.00026470483862794936,0.0,0.00026470483862794936
3590,Swan Hill Surrounds,Victoria,Rest of Vic.,0.0,0.0,1373.0,0.0,0.0,0.0002408321452094242,0.0,0.0002408321452094242
3591,Swan Hill Surrounds,Victoria,Rest of Vic.,0.0,0.0,1373.0,0.0,0.0,0.000143303070217371,0.0,0.000143303070217371
3594,Swan Hill Surrounds,Victoria,Rest of Vic.,0.0,0.0,1373.0,0.0,0.0,0.00028066488448530436,0.0,0.00028066488448530436
3595,Swan Hill Surrounds,Victoria,Rest of Vic.,0.0,0.0,1373.0,0.0,0.0,0.00028066488448530436,0.0,0.00028066488448530436
3596,Swan Hill Surrounds,Victoria,Rest of Vic.,0.0,0.0,1373.0,0.0,0.0,4.266306495992467e-05,0.0,4.266306495992467e-05
3597,Swan Hill Surrounds,Victoria,Rest of Vic.,0.0,0.0,1373.0,0.0,0.0,0.0003017009294126183,0.0,0.0003017009294126183
3599,Swan Hill Surrounds,Victoria,Rest of Vic.,0.0,0.0,1373.0,0.0,0.0,8.383940439671278e-05,0.0,8.383940439671278e-05
3607,Nagambie,Victoria,Rest of Vic.,3.0,0.020134228187919462,1293.0,0.0,3.0,0.020134228187919462,0.0,0.0
3608,Nagambie,Victoria,Rest of Vic.,11.0,0.0033731984053971173,1293.0,0.0,59.0,0.01689206063747406,48.0,0.013518862232076942
3610,Shepparton Surrounds - West,Victoria,Rest of Vic.,3.0,0.0019144862795149968,1379.0,0.0,25.0,0.014537558890879154,22.0,0.012623072611364158
3612,Rushworth,Victoria,Rest of Vic.,4.0,0.0018867924528301887,1072.0,0.0,30.0,0.013002417981624603,26.0,0.011115625528794415
3614,Shepparton Surrounds - West,Victoria,Rest of Vic.,0.0,0.0,1379.0,0.0,11.0,0.011749203316867352,11.0,0.011749203316867352
3616,Shepparton Surrounds - West,Victoria,Rest of Vic.,18.0,0.0033240997229916896,1379.0,2.0,151.0,0.0259658582508564,133.0,0.022641758527864708
3617,Shepparton Surrounds - West,Victoria,Rest of Vic.,0.0,0.0,1379.0,0.0,0.0,0.002910504350438714,0.0,0.002910504350438714
3618,Shepparton Surrounds - West,Victoria,Rest of Vic.,0.0,0.0,1379.0,0.0,7.0,0.00947438832372427,7.0,0.00947438832372427
3620,Kyabram,Victoria,Rest of Vic.,14.0,0.001779811848461734,1228.0,0.0,144.0,0.017043018713593483,130.0,0.015263206865131749
3621,Kyabram,Victoria,Rest of Vic.,0.0,0.0,1228.0,0.0,13.0,0.005234503652900457,13.0,0.005234503652900457
3622,Echuca,Victoria,Rest of Vic.,0.0,0.0,1347.0,0.0,7.0,0.013044547289609909,7.0,0.013044547289609909
3623,Rushworth,Victoria,Rest of Vic.,3.0,0.0031545741324921135,1072.0,0.0,3.0,0.0031545741324921135,0.0,0.0
3624,Rushworth,Victoria,Rest of Vic.,0.0,0.0,1072.0,0.0,7.0,0.011316732503473759,7.0,0.011316732503473759
3629,Shepparton Surrounds - West,Victoria,Rest of Vic.,20.0,0.002439917042820544,1379.0,2.0,227.0,0.02566719427704811,207.0,0.023227277234227565
3630,Shepparton Surrounds - East,Victoria,Rest of Vic.,100.0,0.0034656038814763475,1628.0,2.0,818.0,0.026316551491618156,718.0,0.02285094761014181
3631,Shepparton Surrounds - East,Victoria,Rest of Vic.,62.0,0.004385344461734333,1628.0,0.0,403.0,0.02645139954984188,341.0,0.022066055088107547
3633,Shepparton Surrounds - East,Victoria,Rest of Vic.,3.0,0.004651162790697674,1628.0,0.0,3.0,0.004651162790697674,0.0,0.0
3634,Shepparton Surrounds - East,Victoria,Rest of Vic.,5.0,0.0026096033402922755,1628.0,0.0,13.0,0.006424445193260908,8.0,0.0038148418529686326
3635,Numurkah,Victoria,Rest of Vic.,0.0,0.0,1243.0,0.0,1.0,0.0016605113632977009,1.0,0.0016605113632977009
3636,Numurkah,Victoria,Rest of Vic.,6.0,0.0011492051331162612,1243.0,0.0,31.0,0.005515357945114374,25.0,0.004366152811998113
3637,Numurkah,Victoria,Rest of Vic.,0.0,0.0,1243.0,0.0,1.0,0.0016633300110697746,1.0,0.0016633300110697746
3638,Numurkah,Victoria,Rest of Vic.,3.0,0.0013698630136986301,1243.0,0.0,9.0,0.004018357954919338,6.0,0.002648494941220708
3639,Numurkah,Victoria,Rest of Vic.,0.0,0.0,1243.0,0.0,1.0,0.0016605113632977009,1.0,0.0016605113632977009
3640,Numurkah,Victoria,Rest of Vic.,0.0,0.0,1243.0,0.0,4.0,0.003166372189298272,4.0,0.003166372189298272
3641,Numurkah,Victoria,Rest of Vic.,0.0,0.0,1243.0,0.0,12.0,0.008473028428852558,12.0,0.008473028428852558
3644,Tocumwal - Finley - Jerilderie,New South Wales,Rest of NSW,13.0,0.0013295152382900388,1146.0,4.0,129.0,0.012239964678883553,116.0,0.010910449440593514
3646,Moira,Victoria,Rest of Vic.,3.0,0.004615384615384616,1361.0,0.0,3.0,0.004615384615384616,0.0,0.0
3647,Shepparton Surrounds - East,Victoria,Rest of Vic.,0.0,0.0,1628.0,0.0,0.0,0.0021791544277220964,0.0,0.0021791544277220964
3649,Moira,Victoria,Rest of Vic.,4.0,0.008264462809917356,1361.0,0.0,4.0,0.008264462809917356,0.0,0.0
3658,Kilmore - Broadford,Victoria,Rest of Vic.,21.0,0.0032725572697522207,1574.0,1.0,62.0,0.008989386260509491,41.0,0.00571682899075727
3659,Seymour Surrounds,Victoria,Rest of Vic.,13.0,0.014891179839633447,1900.0,0.0,14.0,0.014891179839633447,1.0,0.0
3660,Seymour Surrounds,Victoria,Rest of Vic.,19.0,0.002467212050383067,1900.0,1.0,203.0,0.024414096027612686,184.0,0.02194688397722962
3662,Seymour Surrounds,Victoria,Rest of Vic.,4.0,0.007547169811320755,1900.0,0.0,4.0,0.007547169811320755,0.0,0.0
3663,Nagambie,Victoria,Rest of Vic.,0.0,0.0,1293.0,0.0,1.0,0.003983462229371071,1.0,0.003983462229371071
3664,Nagambie,Victoria,Rest of Vic.,11.0,0.008814102564102564,1293.0,1.0,13.0,0.00971172098070383,2.0,0.0008976184166012667
3665,Nagambie,Victoria,Rest of Vic.,3.0,0.006122448979591836,1293.0,0.0,3.0,0.006122448979591836,0.0,0.0
3666,Euroa,Victoria,Rest of Vic.,32.0,0.006117377174536418,1133.0,4.0,136.0,0.024052442982792854,104.0,0.017935065808256438
3669,Euroa,Victoria,Rest of Vic.,10.0,0.006381620931716656,1133.0,0.0,33.0,0.019620075821876526,23.0,0.01323845489015987
3670,Benalla Surrounds,Victoria,Rest of Vic.,0.0,0.0,1363.0,0.0,5.0,0.006956865545362234,5.0,0.006956865545362234
3672,Benalla,Victoria,Rest of Vic.,38.0,0.003678249927402962,1142.0,1.0,286.0,0.025711731985211372,248.0,0.02203348205780841
3673,Benalla Surrounds,Victoria,Rest of Vic.,10.0,0.00499001996007984,1363.0,0.0,48.0,0.02215726114809513,38.0,0.01716724118801529
3675,Wangaratta Surrounds,Victoria,Rest of Vic.,7.0,0.003475670307845084,1501.0,6.0,37.0,0.017146961763501167,30.0,0.013671291455656083
3677,Wangaratta,Victoria,Rest of Vic.,50.0,0.0029171528588098016,1242.0,0.0,182.0,0.0098368925973773,132.0,0.006919739738567498
3678,Wangaratta Surrounds,Victoria,Rest of Vic.,33.0,0.004595460242306086,1501.0,0.0,64.0,0.0083216717466712,31.0,0.003726211504365114
3682,Wangaratta Surrounds,Victoria,Rest of Vic.,0.0,0.0,1501.0,0.0,4.0,0.005083739757537842,4.0,0.005083739757537842
3683,Chiltern - Indigo Valley,Victoria,Rest of Vic.,5.0,0.0025627883136852894,1493.0,1.0,43.0,0.02066352218389511,38.0,0.01810073387020982
3685,Rutherglen,Victoria,Rest of Vic.,16.0,0.004914004914004914,1344.0,0.0,28.0,0.008038108237087727,12.0,0.0031241033230828127
3687,Rutherglen,Victoria,Rest of Vic.,3.0,0.0026246719160104987,1344.0,0.0,26.0,0.02115459181368351,23.0,0.01852991989767301
3688,Chiltern - Indigo Valley,Victoria,Rest of Vic.,11.0,0.006922592825676526,1493.0,0.0,42.0,0.024722658097743988,31.0,0.017800065272067463
3690,West Wodonga,Victoria,Rest of Vic.,120.0,0.003545784948142895,1470.0,8.0,263.0,0.0072171129286289215,143.0,0.0036713279804860264
3691,Yackandandah,Victoria,Rest of Vic.,70.0,0.005456387871229246,1833.0,4.0,357.0,0.025860430672764778,287.0,0.020404042801535533
3695,Yackandandah,Victoria,Rest of Vic.,3.0,0.005235602094240838,1833.0,0.0,3.0,0.005235602094240838,0.0,0.0
3697,Bright - Mount Beauty,Victoria,Rest of Vic.,5.0,0.008431703204047217,1397.0,0.0,11.0,0.01672707498073578,6.0,0.008295371776688562
3698,Bright - Mount Beauty,Victoria,Rest of Vic.,14.0,0.015250544662309368,1397.0,0.0,17.0,0.01673416793346405,3.0,0.001483623271154682
3699,Bright - Mount Beauty,Victoria,Rest of Vic.,8.0,0.007714561234329798,1397.0,1.0,22.0,0.02010868862271309,14.0,0.012394127388383292
3700,Towong,Victoria,Rest of Vic.,3.0,0.001913265306122449,1280.0,0.0,3.0,0.0020104842260479927,0.0,9.721891992554377e-05
3701,Towong,Victoria,Rest of Vic.,0.0,0.0,1280.0,0.0,1.0,0.0010386710055172443,1.0,0.0010386710055172443
3704,Towong,Victoria,Rest of Vic.,0.0,0.0,1280.0,0.0,0.0,0.00040655661723576486,0.0,0.00040655661723576486
3705,Towong,Victoria,Rest of Vic.,0.0,0.0,1280.0,0.0,0.0,0.0006631520809605718,0.0,0.0006631520809605718
3707,Towong,Victoria,Rest of Vic.,0.0,0.0,1280.0,0.0,1.0,0.0007014236762188375,1.0,0.0007014236762188375
3708,Towong,Victoria,Rest of Vic.,0.0,0.0,1280.0,0.0,0.0,0.0013697955291718245,0.0,0.0013697955291718245
3709,Towong,Victoria,Rest of Vic.,0.0,0.0,1280.0,0.0,0.0,0.0007127439603209496,0.0,0.0007127439603209496
3711,Alexandra,Victoria,Rest of Vic.,4.0,0.005780346820809248,1135.0,0.0,7.0,0.009736456908285618,3.0,0.0039561100874763696
3712,Alexandra,Victoria,Rest of Vic.,0.0,0.0,1135.0,0.0,3.0,0.006023963447660208,3.0,0.006023963447660208
3713,Alexandra,Victoria,Rest of Vic.,4.0,0.003079291762894534,1135.0,0.0,23.0,0.016657721251249313,19.0,0.01357842948835478
3714,Alexandra,Victoria,Rest of Vic.,11.0,0.002617801047120419,1135.0,1.0,29.0,0.006452420726418495,18.0,0.003834619679298076
3715,Mansfield (Vic.),Victoria,Rest of Vic.,3.0,0.005964214711729622,1331.0,0.0,3.0,0.005964214711729622,0.0,0.0
3717,Yea,Victoria,Rest of Vic.,12.0,0.003157894736842105,1222.0,4.0,120.0,0.029271721839904785,108.0,0.02611382710306268
3718,Yea,Victoria,Rest of Vic.,0.0,0.0,1222.0,0.0,1.0,0.004253567662090063,1.0,0.004253567662090063
3719,Alexandra,Victoria,Rest of Vic.,4.0,0.005943536404160475,1135.0,1.0,7.0,0.009739657863974571,3.0,0.003796121459814096
3720,Mansfield (Vic.),Victoria,Rest of Vic.,0.0,0.0,1331.0,0.0,7.0,0.006078604608774185,7.0,0.006078604608774185
3722,Mansfield (Vic.),Victoria,Rest of Vic.,27.0,0.004357650096836669,1331.0,2.0,166.0,0.024867933243513107,139.0,0.02051028314667644
3723,Mansfield (Vic.),Victoria,Rest of Vic.,24.0,0.006048387096774193,1331.0,0.0,99.0,0.023047199472784996,75.0,0.0169988123760108
3725,Benalla Surrounds,Victoria,Rest of Vic.,3.0,0.003942181340341655,1363.0,0.0,3.0,0.003942181340341655,0.0,0.0
3726,Benalla Surrounds,Victoria,Rest of Vic.,0.0,0.0,1363.0,0.0,2.0,0.0030878966208547354,2.0,0.0030878966208547354
3727,Moira,Victoria,Rest of Vic.,3.0,0.0069605568445475635,1361.0,0.0,3.0,0.0069605568445475635,0.0,0.0
3728,Moira,Victoria,Rest of Vic.,0.0,0.0,1361.0,0.0,7.0,0.008473924361169338,7.0,0.008473924361169338
3730,Yarrawonga,Victoria,Rest of Vic.,31.0,0.00306142603199684,1149.0,2.0,278.0,0.025516800582408905,247.0,0.022455374550412063
3732,Wangaratta Surrounds,Victoria,Rest of Vic.,0.0,0.0,1501.0,0.0,7.0,0.00970548577606678,7.0,0.00970548577606678
3733,Wangaratta Surrounds,Victoria,Rest of Vic.,0.0,0.0,1501.0,0.0,1.0,0.0024398129899054766,1.0,0.0024398129899054766
3735,Wangaratta Surrounds,Victoria,Rest of Vic.,0.0,0.0,1501.0,0.0,4.0,0.005083739757537842,4.0,0.005083739757537842
3737,Bright - Mount Beauty,Victoria,Rest of Vic.,14.0,0.0030441400304414,1397.0,0.0,93.0,0.01870303601026535,79.0,0.01565889597982395
3738,Myrtleford,Victoria,Rest of Vic.,3.0,0.012875536480686695,1226.0,0.0,3.0,0.012875536480686695,0.0,0.0
3739,Myrtleford,Victoria,Rest of Vic.,3.0,0.012345679012345678,1226.0,0.0,3.0,0.012584635056555271,0.0,0.00023895604420959282
3740,Bright - Mount Beauty,Victoria,Rest of Vic.,10.0,0.008038585209003215,1397.0,2.0,16.0,0.012015034444630146,6.0,0.003976449235626931
3741,Bright - Mount Beauty,Victoria,Rest of Vic.,35.0,0.010615711252653927,1397.0,1.0,72.0,0.02036811225116253,37.0,0.009752400998508602
3744,Bright - Mount Beauty,Victoria,Rest of Vic.,9.0,0.018367346938775512,1397.0,0.0,10.0,0.019867312163114548,1.0,0.0014999652243390359
3746,Wangaratta Surrounds,Victoria,Rest of Vic.,3.0,0.006342494714587738,1501.0,0.0,3.0,0.006342494714587738,0.0,0.0
3747,Beechworth,Victoria,Rest of Vic.,55.0,0.0117245789810275,1434.0,1.0,128.0,0.025241224095225334,73.0,0.013516645114197834
3749,Yackandandah,Victoria,Rest of Vic.,42.0,0.020163226116178587,1833.0,2.0,53.0,0.02382679656147957,11.0,0.0036635704453009815
3750,Wollert,Victoria,Greater Melbourne,247.0,0.011901893702115357,1979.0,0.0,671.0,0.029995910823345184,424.0,0.01809401712122983
3751,Whittlesea,Victoria,Greater Melbourne,0.0,0.0,1855.0,0.0,1.0,0.004713411442935467,1.0,0.004713411442935467
3752,South Morang - North,Victoria,Greater Melbourne,182.0,0.009730018711574445,2242.0,0.0,646.0,0.032046593725681305,464.0,0.02231657501410686
3753,Wallan,Victoria,Greater Melbourne,48.0,0.00801068090787717,2002.0,0.0,179.0,0.02771042473614216,131.0,0.01969974382826499
3754,Doreen - North,Victoria,Greater Melbourne,420.0,0.012004801920768308,2173.0,0.0,1108.0,0.029401278123259544,688.0,0.017396476202491237
3755,Whittlesea,Victoria,Greater Melbourne,3.0,0.011673151750972763,1855.0,0.0,7.0,0.024919388815760612,4.0,0.01324623706478785
3756,Wallan,Victoria,Greater Melbourne,83.0,0.005514583748588133,2002.0,1.0,465.0,0.028687365353107452,382.0,0.02317278160451932
3757,Whittlesea,Victoria,Greater Melbourne,67.0,0.007957244655581949,1855.0,1.0,259.0,0.028528720140457153,192.0,0.020571475484875205
3758,Wallan,Victoria,Greater Melbourne,11.0,0.004993191103041307,2002.0,0.0,63.0,0.026375707238912582,52.0,0.021382516135871277
3759,Panton Hill - St Andrews,Victoria,Greater Melbourne,12.0,0.012060301507537688,2254.0,0.0,30.0,0.027850337326526642,18.0,0.015790035818988954
3760,Panton Hill - St Andrews,Victoria,Greater Melbourne,6.0,0.015189873417721518,2254.0,0.0,11.0,0.025337789207696915,5.0,0.010147915789975396
3761,Panton Hill - St Andrews,Victoria,Greater Melbourne,14.0,0.012048192771084338,2254.0,0.0,38.0,0.030680468305945396,24.0,0.01863227553486106
3762,Wallan,Victoria,Greater Melbourne,0.0,0.0,2002.0,0.0,1.0,0.004408401902765036,1.0,0.004408401902765036
3763,Kinglake,Victoria,Greater Melbourne,7.0,0.004103165298944901,1809.0,0.0,42.0,0.023106902837753296,35.0,0.019003737538808393
3764,Kilmore - Broadford,Victoria,Rest of Vic.,37.0,0.0037014805922368946,1574.0,1.0,267.0,0.024819539859890938,230.0,0.021118059267654043
3765,Montrose,Victoria,Greater Melbourne,45.0,0.008304115150396751,2094.0,0.0,185.0,0.03175237402319908,140.0,0.02344825887280233
3766,Mount Dandenong - Olinda,Victoria,Greater Melbourne,11.0,0.010923535253227408,2102.0,0.0,30.0,0.027547532692551613,19.0,0.016623997439324203
3767,Mount Dandenong - Olinda,Victoria,Greater Melbourne,16.0,0.016359918200409,2102.0,0.0,31.0,0.029389256611466408,15.0,0.013029338411057408
3770,Wandin - Seville,Victoria,Greater Melbourne,22.0,0.007397444519166106,2066.0,6.0,115.0,0.03600175306200981,93.0,0.028604308542843706
3775,Healesville - Yarra Glen,Victoria,Greater Melbourne,28.0,0.007508715473317243,1594.0,1.0,112.0,0.027952075004577637,84.0,0.020443359531260395
3777,Healesville - Yarra Glen,Victoria,Greater Melbourne,73.0,0.007678552645419165,1594.0,8.0,291.0,0.028405750170350075,218.0,0.02072719752493091
3778,Alexandra,Victoria,Rest of Vic.,3.0,0.010101010101010102,1135.0,0.0,3.0,0.010101010101010102,0.0,0.0
3779,Upper Yarra Valley,Victoria,Rest of Vic.,4.0,0.007692307692307693,900.0,0.0,8.0,0.013483744114637375,4.0,0.005791436422329682
3781,Emerald - Cockatoo,Victoria,Greater Melbourne,21.0,0.005605979711692472,2176.0,0.0,25.0,0.006292033940553665,4.0,0.0006860542288611932
3782,Emerald - Cockatoo,Victoria,Greater Melbourne,76.0,0.0109038737446198,2176.0,0.0,212.0,0.028251636773347855,136.0,0.017347763028728057
3783,Emerald - Cockatoo,Victoria,Greater Melbourne,10.0,0.004424778761061947,2176.0,0.0,28.0,0.01141600962728262,18.0,0.006991230866220673
3785,Mount Dandenong - Olinda,Victoria,Greater Melbourne,0.0,0.0,2102.0,0.0,0.0,0.006436699535697699,0.0,0.006436699535697699
3786,Mount Dandenong - Olinda,Victoria,Greater Melbourne,33.0,0.02586206896551724,2102.0,0.0,43.0,0.031050585210323334,10.0,0.005188516244806093
3787,Mount Dandenong - Olinda,Victoria,Greater Melbourne,17.0,0.020047169811320754,2102.0,0.0,25.0,0.027468280866742134,8.0,0.00742111105542138
3788,Mount Dandenong - Olinda,Victoria,Greater Melbourne,28.0,0.018691588785046728,2102.0,0.0,45.0,0.028015119954943657,17.0,0.00932353116989693
3789,Mount Dandenong - Olinda,Victoria,Greater Melbourne,4.0,0.01652892561983471,2102.0,0.0,7.0,0.0270445067435503,3.0,0.01051558112371559
3791,Mount Dandenong - Olinda,Victoria,Greater Melbourne,27.0,0.02112676056338028,2102.0,0.0,38.0,0.0275390837341547,11.0,0.00641232317077442
3792,Mount Dandenong - Olinda,Victoria,Greater Melbourne,19.0,0.02092511013215859,2102.0,0.0,25.0,0.025642748922109604,6.0,0.004717638789951014
3793,Monbulk - Silvan,Victoria,Greater Melbourne,27.0,0.008522727272727272,1872.0,0.0,94.0,0.027622822672128677,67.0,0.019100095399401405
3795,Monbulk - Silvan,Victoria,Greater Melbourne,8.0,0.005416384563303994,1872.0,0.0,43.0,0.02732674963772297,35.0,0.021910365074418976
3796,Mount Evelyn,Victoria,Greater Melbourne,57.0,0.007272263332482776,2045.0,0.0,265.0,0.03141169622540474,208.0,0.024139432892921964
3797,Yarra Valley,Victoria,Greater Melbourne,15.0,0.00436046511627907,1439.0,1.0,20.0,0.005365571938455105,5.0,0.0010051068221760351
3799,Upper Yarra Valley,Victoria,Rest of Vic.,25.0,0.004765535646206634,900.0,0.0,61.0,0.010870241560041904,36.0,0.006104705913835271
3802,Endeavour Hills - North,Victoria,Greater Melbourne,173.0,0.009753622371314202,1823.0,2.0,615.0,0.032164160162210464,442.0,0.022410537790896263
3803,Hallam,Victoria,Greater Melbourne,96.0,0.008572193945888026,1496.0,0.0,387.0,0.032117150723934174,291.0,0.023544956778046147
3804,Narre Warren North,Victoria,Greater Melbourne,106.0,0.01388161341016239,2659.0,0.0,251.0,0.030551403760910034,145.0,0.016669790350747643
3805,Narre Warren - South West,Victoria,Greater Melbourne,479.0,0.011151464357219351,1615.0,4.0,1370.0,0.02959621511399746,891.0,0.01844475075677811
3806,Berwick - North,Victoria,Greater Melbourne,729.0,0.01766330684241132,1885.0,1.0,1288.0,0.02895761840045452,559.0,0.0112943115580432
3807,Beaconsfield - Officer,Victoria,Greater Melbourne,69.0,0.011089681774349084,2146.0,0.0,202.0,0.03008371777832508,133.0,0.018994036003976
3808,Emerald - Cockatoo,Victoria,Greater Melbourne,34.0,0.0117039586919105,2176.0,0.0,87.0,0.02764722891151905,53.0,0.01594327021960855
3809,Beaconsfield - Officer,Victoria,Greater Melbourne,259.0,0.015286549017293278,2146.0,0.0,562.0,0.030767198652029037,303.0,0.01548064963473576
3810,Pakenham - North East,Victoria,Greater Melbourne,343.0,0.00782212086659065,1651.0,1.0,1383.0,0.029272466897964478,1040.0,0.02145034603137383
3812,Bunyip - Garfield,Victoria,Greater Melbourne,10.0,0.004191114836546521,1897.0,0.0,71.0,0.02777700498700142,61.0,0.023585890150454897
3813,Bunyip - Garfield,Victoria,Greater Melbourne,3.0,0.002857142857142857,1897.0,0.0,11.0,0.00953647494316101,8.0,0.006679332086018154
3814,Bunyip - Garfield,Victoria,Greater Melbourne,12.0,0.005029337803855826,1897.0,0.0,71.0,0.027456164360046387,59.0,0.022426826556190563
3815,Bunyip - Garfield,Victoria,Greater Melbourne,18.0,0.005346005346005346,1897.0,0.0,112.0,0.03091437555849552,94.0,0.025568370212490175
3816,Drouin,Victoria,Rest of Vic.,9.0,0.0029585798816568047,1452.0,0.0,20.0,0.005998640786856413,11.0,0.0030400609051996082
3818,Drouin,Victoria,Rest of Vic.,88.0,0.005557660730074523,1452.0,0.0,419.0,0.02458050288259983,331.0,0.019022842152525306
3820,Warragul,Victoria,Rest of Vic.,132.0,0.007124736870513305,1590.0,1.0,504.0,0.0252433642745018,372.0,0.018118627403988494
3821,Warragul,Victoria,Rest of Vic.,18.0,0.005842259006815969,1590.0,0.0,28.0,0.008301557041704655,10.0,0.002459298034888686
3822,Warragul,Victoria,Rest of Vic.,3.0,0.002926829268292683,1590.0,0.0,3.0,0.0030957187991589308,0.0,0.00016888953086624785
3823,Trafalgar (Vic.),Victoria,Rest of Vic.,20.0,0.009615384615384616,1452.0,0.0,52.0,0.022997863590717316,32.0,0.0133824789753327
3824,Trafalgar (Vic.),Victoria,Rest of Vic.,19.0,0.0038314176245210726,1452.0,0.0,129.0,0.024127386510372162,110.0,0.020295968885851088
3825,Mount Baw Baw Region,Victoria,Rest of Vic.,55.0,0.0029134442207861,1456.0,4.0,503.0,0.024751244112849236,448.0,0.021837799892063137
3831,Mount Baw Baw Region,Victoria,Rest of Vic.,12.0,0.005949429846306396,1456.0,0.0,32.0,0.014634882099926472,20.0,0.008685452253620076
3832,Mount Baw Baw Region,Victoria,Rest of Vic.,0.0,0.0,1456.0,0.0,1.0,0.0021040732972323895,1.0,0.0021040732972323895
3833,Mount Baw Baw Region,Victoria,Rest of Vic.,4.0,0.009501187648456057,1456.0,0.0,6.0,0.013707520440220833,2.0,0.004206332791764775
3835,Trafalgar (Vic.),Victoria,Rest of Vic.,0.0,0.0,1452.0,0.0,3.0,0.004348969552665949,3.0,0.004348969552665949
3840,Churchill,Victoria,Rest of Vic.,51.0,0.00325006372673974,1409.0,0.0,126.0,0.007436386775225401,75.0,0.00418632304848566
3842,Churchill,Victoria,Rest of Vic.,9.0,0.0022641509433962265,1409.0,0.0,109.0,0.02542470023036003,100.0,0.023160549286963806
3844,Churchill,Victoria,Rest of Vic.,186.0,0.006276574205304718,1409.0,7.0,828.0,0.025925209745764732,642.0,0.019648635540460015
3847,Rosedale,Victoria,Rest of Vic.,6.0,0.0026857654431512983,1487.0,0.0,58.0,0.024040354415774345,52.0,0.021354588972623045
3850,Sale,Victoria,Rest of Vic.,61.0,0.004671465768111503,1331.0,3.0,380.0,0.027028623968362808,319.0,0.022357158200251304
3851,Longford - Loch Sport,Victoria,Rest of Vic.,22.0,0.0035592946125222458,1079.0,0.0,162.0,0.024357983842492104,140.0,0.020798689229969858
3852,Longford - Loch Sport,Victoria,Rest of Vic.,0.0,0.0,1079.0,0.0,0.0,0.005298905074596405,0.0,0.005298905074596405
3854,Rosedale,Victoria,Rest of Vic.,5.0,0.0033178500331785005,1487.0,0.0,33.0,0.020438920706510544,28.0,0.017121070673332045
3856,Yallourn North - Glengarry,Victoria,Rest of Vic.,0.0,0.0,1656.0,0.0,13.0,0.011210422962903976,13.0,0.011210422962903976
3857,Rosedale,Victoria,Rest of Vic.,3.0,0.007194244604316547,1487.0,0.0,3.0,0.007194244604316547,0.0,0.0
3858,Alps - West,Victoria,Rest of Vic.,7.0,0.0020313406848520023,699.0,2.0,26.0,0.007082310970872641,19.0,0.005050970286020638
3859,Maffra,Victoria,Rest of Vic.,3.0,0.003048780487804878,1324.0,0.0,3.0,0.003048780487804878,0.0,0.0
3860,Maffra,Victoria,Rest of Vic.,16.0,0.00217479951067011,1324.0,1.0,62.0,0.007866446860134602,46.0,0.005691647349464491
3862,Bruthen - Omeo,Victoria,Rest of Vic.,7.0,0.0018807092960773778,1323.0,2.0,12.0,0.0030186118092387915,5.0,0.0011379025131614136
3864,Bruthen - Omeo,Victoria,Rest of Vic.,0.0,0.0,1323.0,0.0,0.0,0.00045340831275098026,0.0,0.00045340831275098026
3865,Bruthen - Omeo,Victoria,Rest of Vic.,0.0,0.0,1323.0,0.0,0.0,0.0005174794350750744,0.0,0.0005174794350750744
3869,Churchill,Victoria,Rest of Vic.,6.0,0.0031545741324921135,1409.0,0.0,13.0,0.0062591745518147945,7.0,0.003104600419322681
3870,Churchill,Victoria,Rest of Vic.,5.0,0.003633720930232558,1409.0,0.0,37.0,0.02471492812037468,32.0,0.021081207190142122
3871,Leongatha,Victoria,Rest of Vic.,17.0,0.006026231832683446,1315.0,0.0,76.0,0.025151828303933144,59.0,0.019125596471249697
3873,Rosedale,Victoria,Rest of Vic.,0.0,0.0,1487.0,0.0,1.0,0.0035927724093198776,1.0,0.0035927724093198776
3874,Yarram,Victoria,Rest of Vic.,0.0,0.0,1012.0,0.0,6.0,0.00832599587738514,6.0,0.00832599587738514
3875,Bruthen - Omeo,Victoria,Rest of Vic.,95.0,0.004885072247647452,1323.0,9.0,543.0,0.025936715304851532,448.0,0.02105164305720408
3878,Paynesville,Victoria,Rest of Vic.,8.0,0.00597460791635549,1071.0,0.0,35.0,0.02448265440762043,27.0,0.01850804649126494
3880,Paynesville,Victoria,Rest of Vic.,17.0,0.003969180480971282,1071.0,0.0,111.0,0.023968733847141266,94.0,0.019999553366169983
3882,Bruthen - Omeo,Victoria,Rest of Vic.,0.0,0.0,1323.0,0.0,1.0,0.0006560072069987655,1.0,0.0006560072069987655
3885,Orbost,Victoria,Rest of Vic.,11.0,0.005332040717401842,926.0,2.0,47.0,0.02126244083046913,36.0,0.01593040011306729
3886,Orbost,Victoria,Rest of Vic.,0.0,0.0,926.0,0.0,1.0,0.001241194549947977,1.0,0.001241194549947977
3887,Orbost,Victoria,Rest of Vic.,0.0,0.0,926.0,0.0,0.0,0.0012310914462432265,0.0,0.0012310914462432265
3888,Orbost,Victoria,Rest of Vic.,10.0,0.0028506271379703536,926.0,1.0,27.0,0.007085136137902737,17.0,0.004234508999932383
3889,Orbost,Victoria,Rest of Vic.,3.0,0.013761467889908258,926.0,0.0,3.0,0.013761467889908258,0.0,0.0
3890,Orbost,Victoria,Rest of Vic.,0.0,0.0,926.0,6.0,0.0,0.0010536554036661983,0.0,0.0010536554036661983
3891,Orbost,Victoria,Rest of Vic.,0.0,0.0,926.0,0.0,0.0,0.0009033300448209047,0.0,0.0009033300448209047
3892,Orbost,Victoria,Rest of Vic.,3.0,0.0026155187445510027,926.0,0.0,3.0,0.0026155187445510027,0.0,0.0
3893,Bruthen - Omeo,Victoria,Rest of Vic.,0.0,0.0,1323.0,0.0,0.0,0.000266223301878199,0.0,0.000266223301878199
3895,Bruthen - Omeo,Victoria,Rest of Vic.,0.0,0.0,1323.0,0.0,0.0,0.0004122919635847211,0.0,0.0004122919635847211
3896,Bruthen - Omeo,Victoria,Rest of Vic.,0.0,0.0,1323.0,0.0,0.0,0.0005339009803719819,0.0,0.0005339009803719819
3898,Bruthen - Omeo,Victoria,Rest of Vic.,4.0,0.0049382716049382715,1323.0,2.0,4.0,0.0049382716049382715,0.0,0.0
3900,Bruthen - Omeo,Victoria,Rest of Vic.,0.0,0.0,1323.0,0.0,0.0,0.00047962533426471055,0.0,0.00047962533426471055
3902,Bruthen - Omeo,Victoria,Rest of Vic.,0.0,0.0,1323.0,0.0,0.0,0.0005351825384423137,0.0,0.0005351825384423137
3903,Lakes Entrance,Victoria,Rest of Vic.,0.0,0.0,1014.0,0.0,9.0,0.00934680737555027,9.0,0.00934680737555027
3904,Lakes Entrance,Victoria,Rest of Vic.,15.0,0.007618080243778568,1014.0,0.0,52.0,0.02443670481443405,37.0,0.016818624570655485
3909,Orbost,Victoria,Rest of Vic.,26.0,0.003386298515238343,926.0,6.0,183.0,0.022083893418312073,157.0,0.01869759490307373
3910,Langwarrin,Victoria,Greater Melbourne,137.0,0.007541561158207641,1950.0,0.0,602.0,0.03076287731528282,465.0,0.02322131615707518
3911,Somerville,Victoria,Greater Melbourne,28.0,0.008531383302864107,1781.0,0.0,98.0,0.02776520512998104,70.0,0.019233821827116936
3912,Somerville,Victoria,Greater Melbourne,87.0,0.006379702280560241,1781.0,0.0,426.0,0.0289777759462595,339.0,0.022598073665699256
3913,Somerville,Victoria,Greater Melbourne,24.0,0.007162041181736795,1781.0,0.0,102.0,0.0282124076038599,78.0,0.021050366422123108
3915,Flinders,Victoria,Greater Melbourne,32.0,0.0036730945821854912,2197.0,1.0,283.0,0.03015037812292576,251.0,0.026477283540740266
3916,Flinders,Victoria,Greater Melbourne,34.0,0.03136531365313653,2197.0,0.0,37.0,0.03136531365313653,3.0,0.0
3918,Hastings - Somers,Victoria,Greater Melbourne,35.0,0.00942380183091007,1407.0,0.0,111.0,0.027796458452939987,76.0,0.018372656622029915
3919,Hastings - Somers,Victoria,Greater Melbourne,12.0,0.004333694474539545,1407.0,0.0,87.0,0.02921169064939022,75.0,0.024877996174850675
3920,Hastings - Somers,Victoria,Greater Melbourne,0.0,0.0,1407.0,0.0,6.0,0.01163956243544817,6.0,0.01163956243544817
3921,French Island,Victoria,Rest of Vic.,3.0,0.013761467889908258,1014.0,0.0,5.0,0.022722318768501282,2.0,0.008960850878593024
3922,Phillip Island,Victoria,Rest of Vic.,80.0,0.00815078960774325,1175.0,5.0,270.0,0.025569332763552666,190.0,0.017418543155809416
3923,Phillip Island,Victoria,Rest of Vic.,11.0,0.013237063778580024,1175.0,0.0,23.0,0.02536429464817047,12.0,0.012127230869590448
3925,Wonthaggi - Inverloch,Victoria,Rest of Vic.,53.0,0.012130922407873656,1154.0,0.0,115.0,0.024401210248470306,62.0,0.01227028784059665
3926,Flinders,Victoria,Greater Melbourne,52.0,0.016709511568123392,2197.0,0.0,92.0,0.027493542060256004,40.0,0.010784030492132612
3927,Hastings - Somers,Victoria,Greater Melbourne,46.0,0.027912621359223302,1407.0,0.0,50.0,0.027912621359223302,4.0,0.0
3928,Flinders,Victoria,Greater Melbourne,15.0,0.028462998102466792,2197.0,0.0,16.0,0.028462998102466792,1.0,0.0
3929,Flinders,Victoria,Greater Melbourne,40.0,0.030935808197989172,2197.0,1.0,43.0,0.030935808197989172,3.0,0.0
3930,Mount Eliza,Victoria,Greater Melbourne,356.0,0.0242523332652088,2547.0,0.0,504.0,0.03187298774719238,148.0,0.0076206544819835825
3931,Mornington - East,Victoria,Greater Melbourne,304.0,0.013747569303124858,1502.0,8.0,767.0,0.03221241384744644,463.0,0.018464844544321582
3933,Somerville,Victoria,Greater Melbourne,12.0,0.010480349344978166,1781.0,0.0,33.0,0.026923976838588715,21.0,0.01644362749361055
3934,Mount Martha,Victoria,Greater Melbourne,285.0,0.01841680129240711,2097.0,2.0,515.0,0.030914774164557457,230.0,0.012497972872150348
3936,Dromana,Victoria,Greater Melbourne,146.0,0.012401257113734817,1398.0,0.0,393.0,0.03098754584789276,247.0,0.018586288734157942
3937,Flinders,Victoria,Greater Melbourne,54.0,0.033983637507866586,2197.0,0.0,58.0,0.033983637507866586,4.0,0.0
3938,Rosebud - McCrae,Victoria,Greater Melbourne,40.0,0.012961762799740765,1155.0,0.0,98.0,0.02958494797348976,58.0,0.016623185173748996
3939,Flinders,Victoria,Greater Melbourne,133.0,0.009738595592004101,2197.0,0.0,420.0,0.02855677716434002,287.0,0.018818181572335918
3940,Rosebud - McCrae,Victoria,Greater Melbourne,15.0,0.003924646781789639,1155.0,2.0,123.0,0.0298063475638628,108.0,0.025881700782073164
3941,Point Nepean,Victoria,Greater Melbourne,126.0,0.010419250806251551,1430.0,2.0,364.0,0.027943896129727364,238.0,0.017524645323475814
3942,Point Nepean,Victoria,Greater Melbourne,53.0,0.018132056106739652,1430.0,0.0,78.0,0.024908896535634995,25.0,0.006776840428895342
3943,Point Nepean,Victoria,Greater Melbourne,50.0,0.02224199288256228,1430.0,2.0,62.0,0.025509050115942955,12.0,0.003267057233380676
3944,Point Nepean,Victoria,Greater Melbourne,37.0,0.03132938187976291,1430.0,0.0,40.0,0.03132938187976291,3.0,0.0
3945,Korumburra,Victoria,Rest of Vic.,10.0,0.009302325581395349,1384.0,0.0,29.0,0.024996085092425346,19.0,0.015693759511029998
3946,Korumburra,Victoria,Rest of Vic.,0.0,0.0,1384.0,0.0,1.0,0.004836611449718475,1.0,0.004836611449718475
3950,Korumburra,Victoria,Rest of Vic.,11.0,0.0022921441967076474,1384.0,2.0,133.0,0.025734441354870796,122.0,0.02344229715816315
3951,Korumburra,Victoria,Rest of Vic.,11.0,0.010242085661080074,1384.0,0.0,29.0,0.02499687671661377,18.0,0.014754791055533695
3953,Leongatha,Victoria,Rest of Vic.,34.0,0.004216269841269841,1315.0,2.0,217.0,0.024977819994091988,183.0,0.020761550152822147
3954,Leongatha,Victoria,Rest of Vic.,0.0,0.0,1315.0,0.0,3.0,0.00683174654841423,3.0,0.00683174654841423
3956,Foster,Victoria,Rest of Vic.,21.0,0.00645557946510913,1110.0,2.0,83.0,0.02364502102136612,62.0,0.017189441556256988
3957,Foster,Victoria,Rest of Vic.,0.0,0.0,1110.0,0.0,2.0,0.004060423467308283,2.0,0.004060423467308283
3958,Foster,Victoria,Rest of Vic.,0.0,0.0,1110.0,0.0,1.0,0.0037972910795360804,1.0,0.0037972910795360804
3959,Foster,Victoria,Rest of Vic.,12.0,0.008968609865470852,1110.0,0.0,13.0,0.008999872952699661,1.0,3.126308722880937e-05
3960,Foster,Victoria,Rest of Vic.,15.0,0.005430847212165098,1110.0,2.0,76.0,0.02553076483309269,61.0,0.020099917620927592
3962,Foster,Victoria,Rest of Vic.,5.0,0.004916420845624385,1110.0,0.0,6.0,0.005473867524415255,1.0,0.0005574466787908695
3964,Foster,Victoria,Rest of Vic.,0.0,0.0,1110.0,0.0,1.0,0.003221463179215789,1.0,0.003221463179215789
3965,Foster,Victoria,Rest of Vic.,3.0,0.011494252873563218,1110.0,0.0,3.0,0.011494252873563218,0.0,0.0
3966,Foster,Victoria,Rest of Vic.,0.0,0.0,1110.0,0.0,5.0,0.0072615789249539375,5.0,0.0072615789249539375
3967,Yarram,Victoria,Rest of Vic.,0.0,0.0,1012.0,0.0,0.0,0.002754521556198597,0.0,0.002754521556198597
3971,Yarram,Victoria,Rest of Vic.,13.0,0.0030043910330483014,1012.0,1.0,113.0,0.024328604340553284,100.0,0.02132421330750498
3975,Dandenong - South,Victoria,Greater Melbourne,176.0,0.01403284962525913,1288.0,2.0,417.0,0.030872058123350143,241.0,0.016839208498091014
3976,Hampton Park - East,Victoria,Greater Melbourne,83.0,0.004766280004594005,1623.0,0.0,639.0,0.03403887525200844,556.0,0.029272595247414435
3977,Cranbourne South,Victoria,Greater Melbourne,861.0,0.009952836731862948,2228.0,5.0,2564.0,0.027516141533851624,1703.0,0.017563304801988675
3978,Cranbourne South,Victoria,Greater Melbourne,698.0,0.01627418978782933,2228.0,1.0,1313.0,0.028417369350790977,615.0,0.012143179562961647
3979,Wonthaggi - Inverloch,Victoria,Rest of Vic.,3.0,0.007575757575757576,1154.0,0.0,3.0,0.007575757575757576,0.0,0.0
3980,Pearcedale - Tooradin,Victoria,Greater Melbourne,12.0,0.0037974683544303796,1895.0,0.0,101.0,0.029656700789928436,89.0,0.025859232435498057
3981,Koo Wee Rup,Victoria,Greater Melbourne,15.0,0.003048160942897785,1823.0,0.0,114.0,0.02158474549651146,99.0,0.018536584553613674
3984,Wonthaggi - Inverloch,Victoria,Rest of Vic.,54.0,0.007079181961195595,1154.0,0.0,202.0,0.02460714615881443,148.0,0.017527964197618835
3987,Korumburra,Victoria,Rest of Vic.,5.0,0.0030845157310302285,1384.0,0.0,44.0,0.02517905831336975,39.0,0.022094542582339522
3988,Korumburra,Victoria,Rest of Vic.,0.0,0.0,1384.0,0.0,25.0,0.02016707882285118,25.0,0.02016707882285118
3990,Wonthaggi - Inverloch,Victoria,Rest of Vic.,0.0,0.0,1154.0,0.0,1.0,0.0032130812760442495,1.0,0.0032130812760442495
3991,Wonthaggi - Inverloch,Victoria,Rest of Vic.,0.0,0.0,1154.0,0.0,4.0,0.007860103622078896,4.0,0.007860103622078896
3992,Wonthaggi - Inverloch,Victoria,Rest of Vic.,6.0,0.004698512137823023,1154.0,0.0,31.0,0.02284756675362587,25.0,0.018149054615802847
3995,Wonthaggi - Inverloch,Victoria,Rest of Vic.,98.0,0.008990825688073394,1154.0,1.0,289.0,0.02464924566447735,191.0,0.015658419976403954
3996,Wonthaggi - Inverloch,Victoria,Rest of Vic.,66.0,0.010757946210268949,1154.0,0.0,163.0,0.024628523737192154,97.0,0.013870577526923205
4000,Spring Hill,Queensland,Greater Brisbane,1706.0,0.05235216497376254,1869.0,1.0,1838.0,0.05235216497376254,132.0,0.0
4005,New Farm,Queensland,Greater Brisbane,363.0,0.03186446629213483,2069.0,0.0,391.0,0.03186446629213483,28.0,0.0
4006,Newstead - Bowen Hills,Queensland,Greater Brisbane,817.0,0.03592946039843441,2160.0,11.0,880.0,0.03592946039843441,63.0,0.0
4007,Ascot,Queensland,Greater Brisbane,389.0,0.028887568691519382,2208.0,4.0,447.0,0.030788064002990723,58.0,0.0019004953114713403
4008,Brisbane Airport,Queensland,Greater Brisbane,526.0,0.020526028252556,350.0,0.0,868.0,0.03143727034330368,342.0,0.010911242090747682
4009,Eagle Farm - Pinkenba,Queensland,Greater Brisbane,190.0,0.013204531239141011,2060.0,0.0,530.0,0.03418668732047081,340.0,0.0209821560813298
4010,Albion,Queensland,Greater Brisbane,81.0,0.019212523719165084,2052.0,0.0,142.0,0.031199175864458084,61.0,0.011986652145293
4011,Hendra,Queensland,Greater Brisbane,309.0,0.02058490440343748,3018.0,4.0,532.0,0.032881543040275574,223.0,0.012296638636838095
4012,Nundah,Queensland,Greater Brisbane,323.0,0.01904032067908512,1763.0,4.0,594.0,0.03249023109674454,271.0,0.013449910417659416
4013,Northgate - Virginia,Queensland,Greater Brisbane,66.0,0.012714313234444231,2216.0,0.0,201.0,0.03593382239341736,135.0,0.023219509158973126
4014,Nudgee - Banyo,Queensland,Greater Brisbane,217.0,0.013646082253804552,2307.0,0.0,621.0,0.03625074401497841,404.0,0.022604661761173858
4017,Sandgate - Shorncliffe,Queensland,Greater Brisbane,332.0,0.011847411055204654,1908.0,0.0,1053.0,0.034881286323070526,721.0,0.02303387526786587
4018,Taigum - Fitzgibbon,Queensland,Greater Brisbane,163.0,0.01790421792618629,1568.0,0.0,333.0,0.03390848636627197,170.0,0.016004268440085682
4019,Clontarf,Queensland,Greater Brisbane,134.0,0.007831219683244696,1389.0,0.0,659.0,0.03576914966106415,525.0,0.02793792997781945
4020,Scarborough - Newport,Queensland,Greater Brisbane,437.0,0.019742489270386267,1658.0,0.0,763.0,0.031978096812963486,326.0,0.012235607542577218
4021,Rothwell - Kippa-Ring,Queensland,Greater Brisbane,31.0,0.004342344866227763,1301.0,0.0,161.0,0.020883001387119293,130.0,0.016540656520891532
4022,Rothwell - Kippa-Ring,Queensland,Greater Brisbane,47.0,0.008622271142909558,1301.0,0.0,191.0,0.03257230669260025,144.0,0.02395003554969069
4025,Moreton Island,Queensland,Greater Brisbane,0.0,0.0,1224.0,0.0,3.0,0.009525012224912643,3.0,0.009525012224912643
4030,Wooloowin - Lutwyche,Queensland,Greater Brisbane,326.0,0.024798417769663777,2086.0,2.0,472.0,0.033321600407361984,146.0,0.008523182637698207
4031,Kedron - Gordon Park,Queensland,Greater Brisbane,265.0,0.019648550455994663,2142.0,0.0,473.0,0.032585423439741135,208.0,0.012936872983746472
4032,Chermside,Queensland,Greater Brisbane,207.0,0.016445539048224357,1419.0,0.0,442.0,0.032619886100292206,235.0,0.01617434705206785
4034,Zillmere,Queensland,Greater Brisbane,585.0,0.01584979273347964,1426.0,0.0,1249.0,0.03141224384307861,664.0,0.015562451109598974
4035,Albany Creek,Queensland,Greater Brisbane,475.0,0.02166871949272387,2267.0,2.0,784.0,0.0331990085542202,309.0,0.011530289061496328
4036,Bald Hills,Queensland,Greater Brisbane,53.0,0.010147424851617844,2018.0,0.0,184.0,0.032780349254608154,131.0,0.02263292440299031
4037,Eatons Hill,Queensland,Greater Brisbane,104.0,0.016613418530351438,2771.0,1.0,225.0,0.03334520012140274,121.0,0.016731781591051303
4051,Enoggera,Queensland,Greater Brisbane,548.0,0.02585271500684059,1975.0,0.0,770.0,0.03373301401734352,222.0,0.007880299010502932
4053,Everton Park,Queensland,Greater Brisbane,628.0,0.017626091105560078,2024.0,0.0,1158.0,0.0301678366959095,530.0,0.012541745590349422
4054,The Hills District,Queensland,Greater Brisbane,131.0,0.01264112708675094,2334.0,0.0,350.0,0.031322214752435684,219.0,0.018681087665684742
4055,The Hills District,Queensland,Greater Brisbane,344.0,0.020684264325656905,2334.0,2.0,567.0,0.03166148439049721,223.0,0.010977220064840303
4059,Kelvin Grove - Herston,Queensland,Greater Brisbane,213.0,0.02592502434274586,1759.0,2.0,282.0,0.031885743141174316,69.0,0.0059607187984284556
4060,Ashgrove,Queensland,Greater Brisbane,287.0,0.030737924386848026,2873.0,0.0,339.0,0.033739473670721054,52.0,0.0030015492838730284
4061,The Gap,Queensland,Greater Brisbane,314.0,0.024808406415422295,2572.0,0.0,441.0,0.03235398605465889,127.0,0.007545579639236594
4064,Paddington - Milton,Queensland,Greater Brisbane,308.0,0.02591719959609559,2426.0,0.0,437.0,0.03416404873132706,129.0,0.008246849135231465
4065,Bardon,Queensland,Greater Brisbane,295.0,0.043478260869565216,3407.0,0.0,318.0,0.043478260869565216,23.0,0.0
4066,Mount Coot-tha,Queensland,Greater Brisbane,359.0,0.028937610833467676,1488.0,0.0,444.0,0.03325683996081352,85.0,0.0043192291273458465
4067,St Lucia,Queensland,Greater Brisbane,180.0,0.03213138164941092,1761.0,1.0,195.0,0.03235004097223282,15.0,0.0002186593228218972
4068,Indooroopilly,Queensland,Greater Brisbane,577.0,0.03423519639254776,2070.0,1.0,622.0,0.03423519639254776,45.0,0.0
4069,Brookfield - Kenmore Hills,Queensland,Greater Brisbane,1078.0,0.039703878310191155,3239.0,0.0,1161.0,0.039703878310191155,83.0,0.0
4070,Pinjarra Hills - Pullenvale,Queensland,Greater Brisbane,265.0,0.028506884681583477,3388.0,0.0,319.0,0.03185053914785385,54.0,0.0033436544662703745
4073,Seventeen Mile Rocks - Sinnamon Park,Queensland,Greater Brisbane,237.0,0.032488005483207676,2517.0,2.0,264.0,0.03363858163356781,27.0,0.0011505761503601344
4074,Middle Park - Jamboree Heights,Queensland,Greater Brisbane,393.0,0.021003687670354338,2141.0,0.0,666.0,0.03304124251008034,273.0,0.012037554839726
4075,Corinda,Queensland,Greater Brisbane,502.0,0.027969690216180076,2168.0,1.0,647.0,0.033437956124544144,145.0,0.005468265908364068
4076,Wacol,Queensland,Greater Brisbane,93.0,0.012473175965665237,1204.0,0.0,268.0,0.03337879478931427,175.0,0.02090561882364903
4077,Inala - Richlands,Queensland,Greater Brisbane,262.0,0.01075621972247311,1172.0,0.0,813.0,0.03098597191274166,551.0,0.02022975219026855
4078,Forest Lake - Ellen Grove,Queensland,Greater Brisbane,283.0,0.015369575843154293,1900.0,0.0,645.0,0.032497551292181015,362.0,0.017127975449026722
4101,Highgate Hill,Queensland,Greater Brisbane,691.0,0.03160880106125063,1935.0,10.0,748.0,0.031758349388837814,57.0,0.0001495483275871859
4102,Woolloongabba,Queensland,Greater Brisbane,225.0,0.029450261780104712,1864.0,0.0,255.0,0.031037943437695503,30.0,0.0015876816575907914
4103,Annerley,Queensland,Greater Brisbane,195.0,0.020261845386533667,1831.0,0.0,340.0,0.03276948258280754,145.0,0.012507637196273874
4104,Yeronga,Queensland,Greater Brisbane,128.0,0.025102961364973524,2102.0,0.0,178.0,0.03239980340003967,50.0,0.007296842035066149
4105,Moorooka,Queensland,Greater Brisbane,290.0,0.02365994941665987,1866.0,0.0,440.0,0.03336015343666077,150.0,0.009700204020000897
4106,Rocklea - Acacia Ridge,Queensland,Greater Brisbane,43.0,0.01057550418101328,1350.0,1.0,162.0,0.0369872972369194,119.0,0.026411793055906123
4107,Salisbury - Nathan,Queensland,Greater Brisbane,132.0,0.0182648401826484,2087.0,0.0,268.0,0.034440238028764725,136.0,0.016175397846116324
4108,Rocklea - Acacia Ridge,Queensland,Greater Brisbane,158.0,0.019149194037086415,1350.0,0.0,300.0,0.03379715979099274,142.0,0.014647965753906322
4109,Sunnybank,Queensland,Greater Brisbane,684.0,0.025106445455880193,1593.0,0.0,958.0,0.032632578164339066,274.0,0.007526132708458873
4110,Pallara - Willawong,Queensland,Greater Brisbane,430.0,0.021949974476773864,2385.0,0.0,703.0,0.03329639136791229,273.0,0.011346416891138428
4111,Salisbury - Nathan,Queensland,Greater Brisbane,43.0,0.04880817253121453,2087.0,0.0,46.0,0.04880817253121453,3.0,0.0
4112,Kuraby,Queensland,Greater Brisbane,175.0,0.030099759201926386,2079.0,0.0,212.0,0.033793237060308456,37.0,0.003693477858382071
4113,Eight Mile Plains,Queensland,Greater Brisbane,611.0,0.02536743336377979,1942.0,0.0,850.0,0.032752830535173416,239.0,0.007385397171393627
4114,Logan Central,Queensland,Greater Brisbane,100.0,0.005109339873288371,1017.0,0.0,748.0,0.03546447679400444,648.0,0.03035513692071607
4115,Parkinson - Drewvale,Queensland,Greater Brisbane,292.0,0.019546154361068345,2194.0,1.0,553.0,0.03434937819838524,261.0,0.014803223837316894
4116,Calamvale - Stretton,Queensland,Greater Brisbane,566.0,0.02931579219972031,1926.0,0.0,682.0,0.03278834745287895,116.0,0.003472555253158642
4117,Calamvale - Stretton,Queensland,Greater Brisbane,43.0,0.017731958762886597,1926.0,0.0,82.0,0.03140318766236305,39.0,0.013671228899476456
4118,Regents Park - Heritage Park,Queensland,Greater Brisbane,246.0,0.00963345864661654,1929.0,4.0,896.0,0.032586537301540375,650.0,0.022953078654923832
4119,Underwood,Queensland,Greater Brisbane,208.0,0.027447875428873055,1992.0,0.0,272.0,0.03337183967232704,64.0,0.0059239642434539865
4120,Greenslopes,Queensland,Greater Brisbane,159.0,0.022388059701492536,1941.0,0.0,247.0,0.032282762229442596,88.0,0.00989470252795006
4121,Holland Park West,Queensland,Greater Brisbane,531.0,0.02935323383084577,2196.0,0.0,636.0,0.032635800540447235,105.0,0.003282566709601465
4122,Mount Gravatt,Queensland,Greater Brisbane,708.0,0.020767335445265753,2017.0,0.0,1128.0,0.030715979635715485,420.0,0.009948644190449732
4123,Rochedale - Burbank,Queensland,Greater Brisbane,661.0,0.036910877819968727,2614.0,2.0,712.0,0.036910877819968727,51.0,0.0
4124,Greenbank - North Maclean,Queensland,Greater Brisbane,242.0,0.010322470568162429,2073.0,0.0,763.0,0.030194556340575218,521.0,0.01987208577241279
4125,Munruben - Park Ridge South,Queensland,Greater Brisbane,122.0,0.00886499055369859,2229.0,0.0,513.0,0.0345880426466465,391.0,0.02572305209294791
4127,Springwood,Queensland,Greater Brisbane,330.0,0.013061547595487829,1724.0,4.0,912.0,0.033491022884845734,582.0,0.020429475289357905
4128,Shailer Park,Queensland,Greater Brisbane,204.0,0.01446295639844027,2225.0,0.0,556.0,0.03659750521183014,352.0,0.02213454881338987
4129,Loganholme - Tanah Merah,Queensland,Greater Brisbane,52.0,0.006737496760818865,1868.0,1.0,296.0,0.035657644271850586,244.0,0.02892014751103172
4130,Cornubia - Carbrook,Queensland,Greater Brisbane,117.0,0.014548619746331759,2315.0,0.0,283.0,0.032683223485946655,166.0,0.018134603739614896
4131,Loganlea,Queensland,Greater Brisbane,99.0,0.01034374673492843,1377.0,0.0,367.0,0.0356401763856411,268.0,0.025296429650712667
4132,Crestmead,Queensland,Greater Brisbane,94.0,0.004993625159371015,1472.0,0.0,713.0,0.03518088907003403,619.0,0.030187263910663013
4133,Chambers Flat - Logan Reserve,Queensland,Greater Brisbane,169.0,0.007805644081104799,1695.0,0.0,777.0,0.03329624980688095,608.0,0.025490605725776154
4151,Coorparoo,Queensland,Greater Brisbane,314.0,0.02366774704153162,2100.0,0.0,464.0,0.03244253247976303,150.0,0.00877478543823141
4152,Carindale,Queensland,Greater Brisbane,909.0,0.026375348189415043,2382.0,0.0,1169.0,0.03147599846124649,260.0,0.005100650271831448
4153,Belmont - Gumdale,Queensland,Greater Brisbane,78.0,0.02096210696049449,2588.0,0.0,123.0,0.030589429661631584,45.0,0.009627322701137093
4154,Wakerley,Queensland,Greater Brisbane,193.0,0.022209436133486766,3006.0,0.0,300.0,0.03208034858107567,107.0,0.009870912447588902
4155,Belmont - Gumdale,Queensland,Greater Brisbane,34.0,0.02035928143712575,2588.0,0.0,50.0,0.02802773378789425,16.0,0.0076684523507685
4156,Rochedale - Burbank,Queensland,Greater Brisbane,83.0,0.02820251444104655,2614.0,0.0,98.0,0.030785048380494118,15.0,0.0025825339394475663
4157,Sheldon - Mount Cotton,Queensland,Greater Brisbane,177.0,0.00973383194016718,2637.0,0.0,604.0,0.03081066533923149,427.0,0.021076833399064313
4158,Thorneside,Queensland,Greater Brisbane,22.0,0.00713128038897893,1488.0,0.0,106.0,0.03179395943880081,84.0,0.024662679049821883
4159,Birkdale,Queensland,Greater Brisbane,121.0,0.01023861905567778,1944.0,2.0,435.0,0.034174881875514984,314.0,0.023936262819837205
4160,Wellington Point,Queensland,Greater Brisbane,255.0,0.016675385822652367,2173.0,0.0,595.0,0.036105427891016006,340.0,0.01943004206836364
4161,Alexandra Hills,Queensland,Greater Brisbane,90.0,0.007015355834437602,1837.0,0.0,481.0,0.03477981314063072,391.0,0.02776445730619312
4163,Cleveland,Queensland,Greater Brisbane,249.0,0.01767963646691281,1430.0,0.0,489.0,0.03224650397896767,240.0,0.014566867512054858
4164,Thornlands,Queensland,Greater Brisbane,220.0,0.014533923498711765,2218.0,0.0,537.0,0.03295837715268135,317.0,0.018424453653969587
4165,Redland Bay,Queensland,Greater Brisbane,361.0,0.011000731350560702,2074.0,2.0,1073.0,0.030346473678946495,712.0,0.019345742328385793
4169,East Brisbane,Queensland,Greater Brisbane,249.0,0.020434961017644644,2054.0,6.0,421.0,0.032091639935970306,172.0,0.011656678918325662
4170,Cannon Hill,Queensland,Greater Brisbane,601.0,0.02735299472055343,2320.0,0.0,809.0,0.03419829159975052,208.0,0.006845296879197087
4171,Bulimba,Queensland,Greater Brisbane,418.0,0.03313253012048193,2868.0,0.0,450.0,0.03313253012048193,32.0,0.0
4172,Murarrie,Queensland,Greater Brisbane,130.0,0.016935904116727463,2404.0,0.0,283.0,0.03426263481378555,153.0,0.01732673069705809
4173,Tingalpa,Queensland,Greater Brisbane,108.0,0.01437699680511182,1983.0,0.0,263.0,0.03250754997134209,155.0,0.018130553166230266
4174,Wynnum West - Hemmant,Queensland,Greater Brisbane,42.0,0.011385199240986717,1856.0,0.0,127.0,0.03197767958045006,85.0,0.020592480339463343
4178,Brisbane Port - Lytton,Queensland,Greater Brisbane,278.0,0.012070687334462246,1374.0,0.0,759.0,0.03057609312236309,481.0,0.018505405787900844
4179,Manly West,Queensland,Greater Brisbane,215.0,0.01414566747812356,2117.0,0.0,546.0,0.033345699310302734,331.0,0.019200031832179172
4183,North Stradbroke Island,Queensland,Greater Brisbane,11.0,0.0038128249566724438,1147.0,0.0,96.0,0.030926452949643135,85.0,0.027113627992970693
4184,Southern Moreton Bay Islands,Queensland,Greater Brisbane,25.0,0.0023223409196470044,761.0,0.0,82.0,0.007090575527399778,57.0,0.004768234607752774
4205,Bethania - Waterford,Queensland,Greater Brisbane,27.0,0.0057203389830508475,1298.0,0.0,170.0,0.03345116600394249,143.0,0.027730827020891642
4207,Ormeau (West) - Yatala,Queensland,Rest of Qld,506.0,0.007891330453361612,2241.0,1.0,1926.0,0.02787751518189907,1420.0,0.019986184728537457
4208,Jacobs Well - Alberton,Queensland,Rest of Qld,279.0,0.012733330290721556,1917.0,2.0,653.0,0.02766679972410202,374.0,0.014933469433380465
4209,Coomera,Queensland,Rest of Qld,769.0,0.013380894379676354,1930.0,6.0,1672.0,0.027004152536392212,903.0,0.013623258156715858
4210,Upper Coomera (South) - Wongawallan,Queensland,Rest of Qld,288.0,0.014866818087962008,2363.0,1.0,589.0,0.02820974588394165,301.0,0.013342927795979643
4211,Guanaba - Springbrook,Queensland,Rest of Qld,610.0,0.01125772815354803,1736.0,0.0,1516.0,0.025975240394473076,906.0,0.014717512240925046
4212,Helensvale,Queensland,Rest of Qld,797.0,0.02563360349929242,2014.0,1.0,948.0,0.028304222971200943,151.0,0.0026706194719085218
4213,Guanaba - Springbrook,Queensland,Rest of Qld,373.0,0.01380356746354822,1736.0,1.0,784.0,0.0269277673214674,411.0,0.01312419985791918
4214,Parkwood,Queensland,Rest of Qld,551.0,0.015250906474023638,2064.0,2.0,1126.0,0.028927775099873543,575.0,0.013676868625849905
4215,Southport - North,Queensland,Rest of Qld,902.0,0.019499751388978966,1193.0,3.0,1521.0,0.03053130768239498,619.0,0.011031556293416015
4216,Paradise Point - Hollywell,Queensland,Rest of Qld,460.0,0.013816303237820628,1751.0,6.0,1022.0,0.028483115136623383,562.0,0.014666811898802755
4217,Bundall,Queensland,Rest of Qld,773.0,0.020656850431575852,1957.0,1.0,1098.0,0.02723025530576706,325.0,0.006573404874191207
4218,Mermaid Waters,Queensland,Rest of Qld,515.0,0.017131831941718505,1753.0,11.0,942.0,0.029096949845552444,427.0,0.011965117903833939
4220,Burleigh Waters,Queensland,Rest of Qld,426.0,0.01415282392026578,1737.0,1.0,946.0,0.029187947511672974,520.0,0.015035123591407193
4221,Elanora,Queensland,Rest of Qld,306.0,0.01241631162507608,1744.0,0.0,777.0,0.02924986369907856,471.0,0.01683355207400248
4223,Currumbin Valley - Tallebudgera,Queensland,Rest of Qld,207.0,0.014333194848358953,2317.0,0.0,436.0,0.028051158413290977,229.0,0.013717963564932024
4224,Currumbin - Tugun,Queensland,Rest of Qld,41.0,0.006380329909741674,1696.0,0.0,203.0,0.029378805309534073,162.0,0.022998475399792398
4225,Currumbin - Tugun,Queensland,Rest of Qld,91.0,0.009325681492109038,1696.0,2.0,308.0,0.029264425858855247,217.0,0.01993874436674621
4226,Robina - West,Queensland,Rest of Qld,518.0,0.01745165420119938,1613.0,4.0,942.0,0.029472453519701958,424.0,0.012020799318502577
4227,Varsity Lakes,Queensland,Rest of Qld,299.0,0.01583267143235372,1645.0,0.0,580.0,0.028526725247502327,281.0,0.012694053815148609
4228,Currumbin Valley - Tallebudgera,Queensland,Rest of Qld,60.0,0.011661807580174927,2317.0,0.0,157.0,0.028315456584095955,97.0,0.01665364900392103
4270,Tamborine - Canungra,Queensland,Rest of Qld,37.0,0.008090968729499234,1745.0,0.0,133.0,0.026915738359093666,96.0,0.01882476962959443
4272,Tamborine - Canungra,Queensland,Rest of Qld,119.0,0.01721394474179083,1745.0,0.0,198.0,0.026519933715462685,79.0,0.009305988973671856
4275,Tamborine - Canungra,Queensland,Rest of Qld,39.0,0.009916094584286803,1745.0,0.0,114.0,0.026792438700795174,75.0,0.01687634411650837
4280,Jimboomba - Glenlogan,Queensland,Greater Brisbane,145.0,0.006774434685105588,2169.0,0.0,754.0,0.032719604671001434,609.0,0.025945169985895848
4285,Beaudesert,Queensland,Greater Brisbane,93.0,0.004306353028338581,1199.0,3.0,671.0,0.028831005096435547,578.0,0.024524652068096967
4287,Beaudesert,Queensland,Greater Brisbane,3.0,0.003978779840848806,1199.0,0.0,3.0,0.003978779840848806,0.0,0.0
4300,Augustine Heights - Brookwater,Queensland,Greater Brisbane,954.0,0.018648109777551897,2825.0,5.0,1664.0,0.030198361724615097,710.0,0.0115502519470632
4301,Collingwood Park - Redbank,Queensland,Greater Brisbane,225.0,0.008307487815684538,1640.0,0.0,1015.0,0.034773197025060654,790.0,0.026465709209376118
4303,New Chum,Queensland,Greater Brisbane,20.0,0.0068212824010914054,1488.0,0.0,111.0,0.03518865630030632,91.0,0.028367373899214916
4304,Bundamba,Queensland,Greater Brisbane,117.0,0.007995079950799507,1388.0,2.0,580.0,0.03678929805755615,463.0,0.028794218106756645
4305,Churchill - Yamanto,Queensland,Greater Brisbane,377.0,0.0073839042638619585,1678.0,4.0,1684.0,0.030621333047747612,1307.0,0.023237428783885655
4306,Ipswich - North,Queensland,Greater Brisbane,534.0,0.012356248698428858,2246.0,4.0,1556.0,0.033422961831092834,1022.0,0.021066713132663978
4307,Boonah,Queensland,Greater Brisbane,10.0,0.005649717514124294,1375.0,0.0,51.0,0.026896914467215538,41.0,0.021247196953091244
4309,Boonah,Queensland,Greater Brisbane,15.0,0.004339022273647671,1375.0,0.0,106.0,0.02857433445751667,91.0,0.024235312183869
4310,Boonah,Queensland,Greater Brisbane,20.0,0.003383522246658772,1375.0,0.0,47.0,0.007433441001921892,27.0,0.004049918755263121
4311,Lowood,Queensland,Greater Brisbane,35.0,0.0033875338753387536,1445.0,0.0,333.0,0.02987728826701641,298.0,0.026489754391677656
4312,Esk,Queensland,Greater Brisbane,10.0,0.0035285815102328866,1021.0,2.0,17.0,0.005429215729236603,7.0,0.0019006342190037162
4313,Esk,Queensland,Greater Brisbane,3.0,0.0013043478260869566,1021.0,0.0,12.0,0.004901584703475237,9.0,0.0035972368773882803
4314,Kilcoy,Queensland,Greater Brisbane,13.0,0.004093198992443325,1334.0,0.0,19.0,0.005483722779899836,6.0,0.0013905237874565109
4340,Rosewood,Queensland,Greater Brisbane,25.0,0.004415400918403391,1578.0,0.0,180.0,0.029546478763222694,155.0,0.025131077844819303
4341,Lockyer Valley - East,Queensland,Greater Brisbane,84.0,0.005324543610547667,1425.0,0.0,502.0,0.02955947443842888,418.0,0.02423493082788121
4342,Lockyer Valley - East,Queensland,Greater Brisbane,8.0,0.0029806259314456036,1425.0,0.0,16.0,0.005651914514601231,8.0,0.002671288583155627
4343,Lockyer Valley - West,Queensland,Rest of Qld,26.0,0.0022921625672220752,1690.0,1.0,235.0,0.019244378432631493,209.0,0.016952215865409417
4344,Lockyer Valley - West,Queensland,Rest of Qld,14.0,0.0052044609665427505,1690.0,0.0,72.0,0.024765370413661003,58.0,0.019560909447118253
4346,Rosewood,Queensland,Greater Brisbane,9.0,0.008302583025830259,1578.0,0.0,33.0,0.028099335730075836,24.0,0.01979675270424558
4347,Lockyer Valley - West,Queensland,Rest of Qld,4.0,0.0026455026455026454,1690.0,0.0,31.0,0.01893490180373192,27.0,0.016289399158229273
4350,Toowoomba - West,Queensland,Rest of Qld,613.0,0.006307817371708461,1852.0,8.0,2671.0,0.025514477863907814,2058.0,0.01920666049219935
4352,Pittsworth,Queensland,Rest of Qld,181.0,0.00601328903654485,1406.0,0.0,878.0,0.02708270028233528,697.0,0.021069411245790433
4353,Crows Nest - Rosalie,Queensland,Rest of Qld,0.0,0.0,1109.0,0.0,0.0,0.0010652500204741955,0.0,0.0010652500204741955
4354,Crows Nest - Rosalie,Queensland,Rest of Qld,0.0,0.0,1109.0,0.0,1.0,0.0010334562975913286,1.0,0.0010334562975913286
4355,Crows Nest - Rosalie,Queensland,Rest of Qld,4.0,0.0015337423312883436,1109.0,0.0,13.0,0.004706489387899637,9.0,0.003172747056611294
4356,Pittsworth,Queensland,Rest of Qld,4.0,0.0007953867568104991,1406.0,0.0,24.0,0.00443412596359849,20.0,0.0036387392067879906
4357,Millmerran,Queensland,Rest of Qld,0.0,0.0,1200.0,0.0,2.0,0.0006508015212602913,2.0,0.0006508015212602913
4358,Clifton - Greenmount,Queensland,Rest of Qld,3.0,0.0011244377811094452,1307.0,0.0,17.0,0.005841166712343693,14.0,0.004716728931234248
4359,Clifton - Greenmount,Queensland,Rest of Qld,6.0,0.004451038575667656,1307.0,0.0,9.0,0.006006510928273201,3.0,0.001555472352605545
4360,Clifton - Greenmount,Queensland,Rest of Qld,3.0,0.00487012987012987,1307.0,0.0,3.0,0.00487012987012987,0.0,0.0
4361,Clifton - Greenmount,Queensland,Rest of Qld,3.0,0.0010706638115631692,1307.0,0.0,20.0,0.00674189068377018,17.0,0.00567122687220701
4362,Southern Downs - West,Queensland,Rest of Qld,4.0,0.001519756838905775,1096.0,0.0,9.0,0.0031578117050230503,5.0,0.0016380548661172752
4363,Pittsworth,Queensland,Rest of Qld,3.0,0.004418262150220913,1406.0,0.0,3.0,0.004418262150220913,0.0,0.0
4364,Pittsworth,Queensland,Rest of Qld,0.0,0.0,1406.0,0.0,1.0,0.002717327792197466,1.0,0.002717327792197466
4365,Southern Downs - West,Queensland,Rest of Qld,0.0,0.0,1096.0,0.0,1.0,0.0010148397414013743,1.0,0.0010148397414013743
4370,Warwick,Queensland,Rest of Qld,35.0,0.0019406709176601053,1117.0,4.0,429.0,0.022102640941739082,394.0,0.020161970024078976
4371,Southern Downs - East,Queensland,Rest of Qld,3.0,0.0038910505836575876,1244.0,0.0,3.0,0.0038910505836575876,0.0,0.0
4372,Southern Downs - East,Queensland,Rest of Qld,0.0,0.0,1244.0,0.0,1.0,0.0028857551515102386,1.0,0.0028857551515102386
4373,Southern Downs - East,Queensland,Rest of Qld,6.0,0.005484460694698354,1244.0,0.0,9.0,0.007468526251614094,3.0,0.0019840655569157394
4374,Southern Downs - West,Queensland,Rest of Qld,3.0,0.006048387096774193,1096.0,0.0,3.0,0.006048387096774193,0.0,0.0
4375,Stanthorpe Surrounds,Queensland,Rest of Qld,0.0,0.0,1137.0,0.0,0.0,0.0005324114463292062,0.0,0.0005324114463292062
4376,Stanthorpe Surrounds,Queensland,Rest of Qld,0.0,0.0,1137.0,0.0,0.0,0.0006399512058123946,0.0,0.0006399512058123946
4377,Tenterfield,New South Wales,Rest of NSW,3.0,0.0049261083743842365,885.0,0.0,3.0,0.0049261083743842365,0.0,0.0
4378,Stanthorpe Surrounds,Queensland,Rest of Qld,3.0,0.0053475935828877,1137.0,0.0,3.0,0.0053475935828877,0.0,0.0
4380,Stanthorpe Surrounds,Queensland,Rest of Qld,24.0,0.0030979734090615723,1137.0,1.0,59.0,0.0070529505610466,35.0,0.003954977151985028
4381,Stanthorpe Surrounds,Queensland,Rest of Qld,4.0,0.006745362563237774,1137.0,0.0,11.0,0.01756206341087818,7.0,0.010816700847640408
4382,Stanthorpe Surrounds,Queensland,Rest of Qld,5.0,0.008741258741258742,1137.0,0.0,13.0,0.02054101601243019,8.0,0.01179975727117145
4383,Tenterfield,New South Wales,Rest of NSW,3.0,0.004761904761904762,885.0,0.0,3.0,0.004761904761904762,0.0,0.0
4384,Inglewood - Waggamba,Queensland,Rest of Qld,0.0,0.0,1118.0,0.0,0.0,0.00023029415751807392,0.0,0.00023029415751807392
4385,Inglewood - Waggamba,Queensland,Rest of Qld,3.0,0.0024813895781637717,1118.0,0.0,3.0,0.0024813895781637717,0.0,0.0
4387,Inglewood - Waggamba,Queensland,Rest of Qld,0.0,0.0,1118.0,1.0,0.0,0.00033342052483931184,0.0,0.00033342052483931184
4388,Inglewood - Waggamba,Queensland,Rest of Qld,0.0,0.0,1118.0,0.0,0.0,0.0002995805407408625,0.0,0.0002995805407408625
4390,Inglewood - Waggamba,Queensland,Rest of Qld,6.0,0.0008002133902373967,1118.0,0.0,23.0,0.0028942138887941837,17.0,0.002094000498556787
4400,Jondaryan,Queensland,Rest of Qld,6.0,0.0030105368790767687,1357.0,0.0,7.0,0.0031835362315177917,1.0,0.00017299935244102305
4401,Jondaryan,Queensland,Rest of Qld,6.0,0.0011344299489506524,1357.0,0.0,22.0,0.0038179566618055105,16.0,0.002683526712854858
4402,Crows Nest - Rosalie,Queensland,Rest of Qld,0.0,0.0,1109.0,0.0,0.0,0.0010652500204741955,0.0,0.0010652500204741955
4403,Jondaryan,Queensland,Rest of Qld,0.0,0.0,1357.0,0.0,0.0,0.0005467862938530743,0.0,0.0005467862938530743
4404,Jondaryan,Queensland,Rest of Qld,0.0,0.0,1357.0,0.0,0.0,0.0006416294490918517,0.0,0.0006416294490918517
4405,Wambo,Queensland,Rest of Qld,29.0,0.0021556530141975767,1410.0,2.0,92.0,0.006349925883114338,63.0,0.004194272868916761
4406,Tara,Queensland,Rest of Qld,0.0,0.0,945.0,0.0,1.0,0.0003152280405629426,1.0,0.0003152280405629426
4407,Millmerran,Queensland,Rest of Qld,0.0,0.0,1200.0,0.0,0.0,0.000555375823751092,0.0,0.000555375823751092
4408,Wambo,Queensland,Rest of Qld,0.0,0.0,1410.0,0.0,0.0,0.00047436001477763057,0.0,0.00047436001477763057
4410,Wambo,Queensland,Rest of Qld,0.0,0.0,1410.0,0.0,1.0,0.0005316999740898609,1.0,0.0005316999740898609
4411,Wambo,Queensland,Rest of Qld,0.0,0.0,1410.0,0.0,0.0,0.00042551543447189033,0.0,0.00042551543447189033
4412,Chinchilla,Queensland,Rest of Qld,0.0,0.0,1549.0,0.0,0.0,0.0003507797955535352,0.0,0.0003507797955535352
4413,Chinchilla,Queensland,Rest of Qld,8.0,0.0010282776349614395,1549.0,0.0,37.0,0.004399446304887533,29.0,0.0033711686699260937
4415,Miles - Wandoan,Queensland,Rest of Qld,3.0,0.0013986013986013986,1334.0,0.0,3.0,0.0013986013986013986,0.0,0.0
4416,Miles - Wandoan,Queensland,Rest of Qld,0.0,0.0,1334.0,0.0,0.0,0.0002549177734181285,0.0,0.0002549177734181285
4417,Roma Surrounds,Queensland,Rest of Qld,17.0,0.02631578947368421,1436.0,0.0,18.0,0.02631578947368421,1.0,0.0
4418,Miles - Wandoan,Queensland,Rest of Qld,0.0,0.0,1334.0,0.0,0.0,0.00012899840658064932,0.0,0.00012899840658064932
4419,Miles - Wandoan,Queensland,Rest of Qld,0.0,0.0,1334.0,0.0,0.0,0.00025280361296609044,0.0,0.00025280361296609044
4420,Banana,Queensland,Rest of Qld,0.0,0.0,1675.0,0.0,1.0,0.00047444761730730534,1.0,0.00047444761730730534
4421,Tara,Queensland,Rest of Qld,4.0,0.0016481252575195715,945.0,0.0,4.0,0.0016481252575195715,0.0,0.0
4422,Tara,Queensland,Rest of Qld,0.0,0.0,945.0,0.0,0.0,0.0003744104178622365,0.0,0.0003744104178622365
4423,Tara,Queensland,Rest of Qld,0.0,0.0,945.0,0.0,0.0,0.00035911353188566864,0.0,0.00035911353188566864
4424,Miles - Wandoan,Queensland,Rest of Qld,0.0,0.0,1334.0,0.0,0.0,0.00014888096484355628,0.0,0.00014888096484355628
4425,Miles - Wandoan,Queensland,Rest of Qld,0.0,0.0,1334.0,0.0,0.0,0.00015468153287656605,0.0,0.00015468153287656605
4426,Roma Surrounds,Queensland,Rest of Qld,0.0,0.0,1436.0,0.0,0.0,0.00012347439769655466,0.0,0.00012347439769655466
4427,Roma Surrounds,Queensland,Rest of Qld,0.0,0.0,1436.0,0.0,0.0,0.00019974075257778168,0.0,0.00019974075257778168
4428,Roma Surrounds,Queensland,Rest of Qld,0.0,0.0,1436.0,0.0,0.0,0.00022903289936948568,0.0,0.00022903289936948568
4454,Roma Surrounds,Queensland,Rest of Qld,0.0,0.0,1436.0,0.0,0.0,0.0002382205711910501,0.0,0.0002382205711910501
4455,Roma Surrounds,Queensland,Rest of Qld,7.0,0.000854805226523385,1436.0,2.0,8.0,0.0008630770607851446,1.0,8.271834261759517e-06
4461,Roma Surrounds,Queensland,Rest of Qld,0.0,0.0,1436.0,0.0,0.0,0.00019817872089333832,0.0,0.00019817872089333832
4462,Roma Surrounds,Queensland,Rest of Qld,0.0,0.0,1436.0,0.0,0.0,0.00012347439769655466,0.0,0.00012347439769655466
4465,Roma Surrounds,Queensland,Rest of Qld,0.0,0.0,1436.0,0.0,0.0,0.0002152682573068887,0.0,0.0002152682573068887
4467,Roma Surrounds,Queensland,Rest of Qld,0.0,0.0,1436.0,0.0,0.0,0.00012347439769655466,0.0,0.00012347439769655466
4468,Charleville,Queensland,Rest of Qld,0.0,0.0,1294.0,0.0,0.0,0.00013944834063295275,0.0,0.00013944834063295275
4470,Charleville,Queensland,Rest of Qld,3.0,0.0009884678747940692,1294.0,1.0,3.0,0.0009884678747940692,0.0,0.0
4472,Barcaldine - Blackall,Queensland,Rest of Qld,0.0,0.0,1341.0,1.0,0.0,0.00026949512539431453,0.0,0.00026949512539431453
4474,Far South West,Queensland,Rest of Qld,0.0,0.0,1110.0,0.0,0.0,0.00016206591681111604,0.0,0.00016206591681111604
4477,Charleville,Queensland,Rest of Qld,0.0,0.0,1294.0,0.0,0.0,0.00017258006846532226,0.0,0.00017258006846532226
4478,Barcaldine - Blackall,Queensland,Rest of Qld,0.0,0.0,1341.0,0.0,0.0,0.0002960246056318283,0.0,0.0002960246056318283
4479,Charleville,Queensland,Rest of Qld,0.0,0.0,1294.0,0.0,0.0,0.00015460311260540038,0.0,0.00015460311260540038
4480,Far South West,Queensland,Rest of Qld,0.0,0.0,1110.0,0.0,0.0,0.00020301988115534186,0.0,0.00020301988115534186
4481,Far Central West,Queensland,Rest of Qld,0.0,0.0,1442.0,0.0,0.0,0.0003031602536793798,0.0,0.0003031602536793798
4482,Far Central West,Queensland,Rest of Qld,0.0,0.0,1442.0,0.0,0.0,0.0003031602536793798,0.0,0.0003031602536793798
4486,Balonne,Queensland,Rest of Qld,0.0,0.0,1358.0,0.0,0.0,0.0002386382402619347,0.0,0.0002386382402619347
4487,Balonne,Queensland,Rest of Qld,0.0,0.0,1358.0,0.0,1.0,0.00021262449445202947,1.0,0.00021262449445202947
4488,Roma Surrounds,Queensland,Rest of Qld,0.0,0.0,1436.0,0.0,0.0,0.0001834141876315698,0.0,0.0001834141876315698
4489,Far South West,Queensland,Rest of Qld,0.0,0.0,1110.0,0.0,0.0,0.00013945541286375374,0.0,0.00013945541286375374
4490,Far South West,Queensland,Rest of Qld,0.0,0.0,1110.0,0.0,0.0,0.00018825175357051194,0.0,0.00018825175357051194
4491,Far South West,Queensland,Rest of Qld,0.0,0.0,1110.0,0.0,0.0,0.00016206591681111604,0.0,0.00016206591681111604
4492,Far South West,Queensland,Rest of Qld,0.0,0.0,1110.0,0.0,0.0,0.0001685263850959018,0.0,0.0001685263850959018
4493,Far South West,Queensland,Rest of Qld,0.0,0.0,1110.0,0.0,0.0,0.00016688044706825167,0.0,0.00016688044706825167
4494,Inglewood - Waggamba,Queensland,Rest of Qld,0.0,0.0,1118.0,0.0,0.0,0.0002296656894031912,0.0,0.0002296656894031912
4496,Inglewood - Waggamba,Queensland,Rest of Qld,0.0,0.0,1118.0,0.0,0.0,0.0002910391485784203,0.0,0.0002910391485784203
4497,Balonne,Queensland,Rest of Qld,3.0,0.007751937984496124,1358.0,0.0,3.0,0.007751937984496124,0.0,0.0
4498,Inglewood - Waggamba,Queensland,Rest of Qld,0.0,0.0,1118.0,0.0,0.0,0.0002296656894031912,0.0,0.0002296656894031912
4500,Cashmere,Queensland,Greater Brisbane,462.0,0.011521484326292426,2406.0,1.0,1298.0,0.030057495459914207,836.0,0.018536011133621782
4501,Lawnton,Queensland,Greater Brisbane,37.0,0.007237871674491393,1494.0,0.0,186.0,0.033832795917987823,149.0,0.02659492424349643
4502,Petrie,Queensland,Greater Brisbane,58.0,0.00888208269525268,1853.0,0.0,240.0,0.03408392146229744,182.0,0.02520183876704476
4503,Dayboro,Queensland,Greater Brisbane,411.0,0.010305659336526165,2378.0,0.0,1270.0,0.02955631911754608,859.0,0.01925065978101992
4504,Narangba,Queensland,Greater Brisbane,155.0,0.008512741652021089,2207.0,0.0,624.0,0.03183045983314514,469.0,0.023317718181124054
4505,Burpengary - East,Queensland,Greater Brisbane,203.0,0.008381848961559106,2346.0,0.0,855.0,0.03277866542339325,652.0,0.024396816461834142
4506,Morayfield,Queensland,Greater Brisbane,105.0,0.0048320294523699955,1951.0,4.0,875.0,0.03739912062883377,770.0,0.032567091176463774
4507,Bribie Island,Queensland,Greater Brisbane,153.0,0.008797148114075438,961.0,0.0,523.0,0.02793726697564125,370.0,0.019140118861565813
4508,Deception Bay,Queensland,Greater Brisbane,57.0,0.003821399839098954,1219.0,0.0,498.0,0.031019333750009537,441.0,0.027197933910910584
4509,Mango Hill,Queensland,Greater Brisbane,497.0,0.01737579974128588,2145.0,3.0,1031.0,0.03345530480146408,534.0,0.0160795050601782
4510,Caboolture - East,Queensland,Greater Brisbane,248.0,0.005290553801518901,1319.0,0.0,1445.0,0.02860807254910469,1197.0,0.02331751874758579
4511,Beachmere - Sandstone Point,Queensland,Greater Brisbane,36.0,0.00420954162768943,1160.0,0.0,252.0,0.027341922745108604,216.0,0.023132381117419176
4512,Wamuran,Queensland,Greater Brisbane,15.0,0.004011767852366943,2049.0,0.0,119.0,0.02951240912079811,104.0,0.025500641268431167
4514,Woodford - D'Aguilar,Queensland,Greater Brisbane,51.0,0.006525911708253359,1632.0,0.0,250.0,0.02968505211174488,199.0,0.02315914040349152
4515,Kilcoy,Queensland,Greater Brisbane,7.0,0.0016192458940550544,1334.0,0.0,127.0,0.02726532332599163,120.0,0.025646077431936577
4516,Elimbah,Queensland,Greater Brisbane,19.0,0.004366812227074236,2183.0,0.0,139.0,0.029714880511164665,120.0,0.02534806828409043
4517,Glass House Mountains,Queensland,Rest of Qld,4.0,0.004819277108433735,1686.0,0.0,19.0,0.02178759127855301,15.0,0.016968314170119275
4518,Glass House Mountains,Queensland,Rest of Qld,37.0,0.006851851851851852,1686.0,2.0,168.0,0.0289643295109272,131.0,0.02211247765907535
4519,Beerwah,Queensland,Rest of Qld,58.0,0.006875296348980559,1534.0,0.0,243.0,0.02669428661465645,185.0,0.01981899026567589
4520,Samford Valley,Queensland,Greater Brisbane,323.0,0.024434526060972843,2806.0,0.0,427.0,0.030015138909220695,104.0,0.005580612848247853
4521,Dayboro,Queensland,Greater Brisbane,63.0,0.01245305396323384,2378.0,0.0,167.0,0.03070872277021408,104.0,0.018255668806980242
4550,Landsborough,Queensland,Rest of Qld,29.0,0.0063249727371864775,2004.0,0.0,134.0,0.027182092890143394,105.0,0.020857120152956918
4551,Caloundra West - Baringa,Queensland,Rest of Qld,610.0,0.010212110558652671,1872.0,2.0,1744.0,0.027098186314105988,1134.0,0.01688607575545332
4552,Caloundra Hinterland,Queensland,Rest of Qld,137.0,0.015732659623334866,1261.0,0.0,239.0,0.025481509044766426,102.0,0.00974884942143156
4553,Landsborough,Queensland,Rest of Qld,147.0,0.012133718530747007,2004.0,0.0,361.0,0.027649063616991043,214.0,0.015515345086244036
4554,Palmwoods,Queensland,Rest of Qld,18.0,0.009183673469387756,1795.0,0.0,57.0,0.026885828003287315,39.0,0.01770215453389956
4555,Palmwoods,Queensland,Rest of Qld,83.0,0.010717975206611571,1795.0,0.0,224.0,0.026823028922080994,141.0,0.01610505371546942
4556,Buderim - South,Queensland,Rest of Qld,529.0,0.013156585754078791,1922.0,4.0,1176.0,0.027138905599713326,647.0,0.013982319845634535
4557,Mountain Creek,Queensland,Rest of Qld,195.0,0.0126953125,1911.0,0.0,487.0,0.029458265751600266,292.0,0.016762953251600266
4558,Maroochydore - Kuluin,Queensland,Rest of Qld,239.0,0.010280896459758248,1384.0,8.0,716.0,0.02857147715985775,477.0,0.0182905807000995
4559,Nambour,Queensland,Rest of Qld,63.0,0.009341637010676156,1383.0,0.0,196.0,0.026976466178894043,133.0,0.01763482916821789
4560,Nambour,Queensland,Rest of Qld,283.0,0.008727564300252883,1383.0,2.0,956.0,0.02736908756196499,673.0,0.018641523261712103
4561,Eumundi - Yandina,Queensland,Rest of Qld,86.0,0.009343763581051717,1796.0,0.0,266.0,0.026800384745001793,180.0,0.017456621163950074
4562,Eumundi - Yandina,Queensland,Rest of Qld,149.0,0.016504209127159948,1796.0,0.0,260.0,0.026716386899352074,111.0,0.010212177772192126
4563,Noosa Hinterland,Queensland,Rest of Qld,100.0,0.010263779123473264,1496.0,2.0,268.0,0.025501802563667297,168.0,0.015238023440194034
4564,Marcoola - Mudjimba,Queensland,Rest of Qld,107.0,0.0108772999898343,1506.0,0.0,308.0,0.02904432639479637,201.0,0.018167026404962074
4565,Noosa Hinterland,Queensland,Rest of Qld,108.0,0.00806030300768714,1496.0,0.0,380.0,0.026299109682440758,272.0,0.018238806674753617
4566,Noosaville,Queensland,Rest of Qld,120.0,0.013837638376383764,1390.0,3.0,254.0,0.02719792351126671,134.0,0.013360285134882945
4567,Noosa Heads,Queensland,Rest of Qld,256.0,0.02396779327778298,1843.0,0.0,318.0,0.02762649580836296,62.0,0.0036587025305799825
4568,Noosa Hinterland,Queensland,Rest of Qld,17.0,0.004437483685721744,1496.0,0.0,104.0,0.025227539241313934,87.0,0.020790055555592192
4569,Noosa Hinterland,Queensland,Rest of Qld,14.0,0.008443908323281062,1496.0,0.0,47.0,0.026426324620842934,33.0,0.017982416297561872
4570,Gympie Surrounds,Queensland,Rest of Qld,142.0,0.003083470859028924,1292.0,8.0,683.0,0.01376073807477951,541.0,0.010677267215750587
4571,Noosa Hinterland,Queensland,Rest of Qld,4.0,0.004415011037527594,1496.0,0.0,6.0,0.006020362488925457,2.0,0.0016053514513978632
4572,Mooloolaba - Alexandra Headland,Queensland,Rest of Qld,44.0,0.01284296555750146,1559.0,0.0,112.0,0.03047988936305046,68.0,0.017636923805549
4573,Eumundi - Yandina,Queensland,Rest of Qld,429.0,0.016861219195849545,1796.0,0.0,749.0,0.027335813269019127,320.0,0.010474594073169582
4574,Maroochy Hinterland,Queensland,Rest of Qld,8.0,0.005294506949040371,1337.0,0.0,43.0,0.026237018406391144,35.0,0.020942511457350772
4575,Parrearra - Warana,Queensland,Rest of Qld,341.0,0.014114822633387144,1593.0,2.0,762.0,0.029269114136695862,421.0,0.015154291503308718
4580,Cooloola,Queensland,Rest of Qld,14.0,0.0027290448343079924,790.0,0.0,139.0,0.025166228413581848,125.0,0.022437183579273857
4581,Burrum - Fraser,Queensland,Rest of Qld,3.0,0.0017035775127768314,976.0,0.0,7.0,0.003927362617105246,4.0,0.0022237851043284142
4600,Kilkivan,Queensland,Rest of Qld,0.0,0.0,1088.0,0.0,1.0,0.0007817415753379464,1.0,0.0007817415753379464
4601,Kilkivan,Queensland,Rest of Qld,0.0,0.0,1088.0,0.0,1.0,0.0007054349989630282,1.0,0.0007054349989630282
4605,Kingaroy Surrounds - North,Queensland,Rest of Qld,0.0,0.0,950.0,0.0,3.0,0.00069651217199862,3.0,0.00069651217199862
4606,Kingaroy Surrounds - North,Queensland,Rest of Qld,3.0,0.001312910284463895,950.0,0.0,8.0,0.003349148202687502,5.0,0.002036237918223607
4608,Kingaroy Surrounds - North,Queensland,Rest of Qld,0.0,0.0,950.0,0.0,1.0,0.0010476320749148726,1.0,0.0010476320749148726
4610,Kingaroy Surrounds - South,Queensland,Rest of Qld,36.0,0.002569226377390808,1361.0,5.0,407.0,0.026987165212631226,371.0,0.02441793883524042
4611,Kingaroy Surrounds - North,Queensland,Rest of Qld,0.0,0.0,950.0,0.0,0.0,0.0010275094537064433,0.0,0.0010275094537064433
4612,Kingaroy Surrounds - North,Queensland,Rest of Qld,0.0,0.0,950.0,0.0,1.0,0.001593734952621162,1.0,0.001593734952621162
4613,Kingaroy Surrounds - North,Queensland,Rest of Qld,0.0,0.0,950.0,0.0,1.0,0.0010476320749148726,1.0,0.0010476320749148726
4614,Crows Nest - Rosalie,Queensland,Rest of Qld,3.0,0.0025619128949615714,1109.0,0.0,3.0,0.0025619128949615714,0.0,0.0
4615,Nanango,Queensland,Rest of Qld,9.0,0.0012412081092263137,883.0,0.0,64.0,0.008158816955983639,55.0,0.006917608846757325
4620,Maryborough Surrounds - South,Queensland,Rest of Qld,0.0,0.0,959.0,0.0,1.0,0.0010627219453454018,1.0,0.0010627219453454018
4621,Gayndah - Mundubbera,Queensland,Rest of Qld,0.0,0.0,1051.0,0.0,1.0,0.00047645310405641794,1.0,0.00047645310405641794
4625,Gayndah - Mundubbera,Queensland,Rest of Qld,0.0,0.0,1051.0,0.0,1.0,0.0004786249774042517,1.0,0.0004786249774042517
4626,Gayndah - Mundubbera,Queensland,Rest of Qld,3.0,0.0015471892728210418,1051.0,0.0,3.0,0.0015471892728210418,0.0,0.0
4627,Monto - Eidsvold,Queensland,Rest of Qld,0.0,0.0,981.0,0.0,0.0,0.0004918246995657682,0.0,0.0004918246995657682
4630,Monto - Eidsvold,Queensland,Rest of Qld,0.0,0.0,981.0,0.0,1.0,0.0005018162773922086,1.0,0.0005018162773922086
4650,Maryborough Surrounds - South,Queensland,Rest of Qld,83.0,0.0026582967684079042,959.0,2.0,866.0,0.025745270773768425,783.0,0.02308697400536052
4655,Booral - River Heads,Queensland,Rest of Qld,247.0,0.004245810055865922,1402.0,4.0,1602.0,0.025564316660165787,1355.0,0.021318506604299865
4659,Burrum - Fraser,Queensland,Rest of Qld,12.0,0.0021509231044990144,976.0,0.0,147.0,0.024504724889993668,135.0,0.022353801785494655
4660,Bundaberg Surrounds - South,Queensland,Rest of Qld,17.0,0.002000235321802565,1022.0,0.0,94.0,0.010239615105092525,77.0,0.00823937978328996
4662,Burrum - Fraser,Queensland,Rest of Qld,3.0,0.0039946737683089215,976.0,0.0,3.0,0.0039946737683089215,0.0,0.0
4670,Bundaberg Surrounds - North,Queensland,Rest of Qld,242.0,0.0032684593671074135,1216.0,0.0,1372.0,0.01719941757619381,1130.0,0.013930958209086396
4671,Gin Gin,Queensland,Rest of Qld,7.0,0.0010799136069114472,954.0,0.0,37.0,0.005256256088614464,30.0,0.0041763424817030164
4673,Bundaberg Surrounds - North,Queensland,Rest of Qld,0.0,0.0,1216.0,0.0,3.0,0.004115786403417587,3.0,0.004115786403417587
4674,Agnes Water - Miriam Vale,Queensland,Rest of Qld,0.0,0.0,1009.0,0.0,1.0,0.000556986196897924,1.0,0.000556986196897924
4676,Agnes Water - Miriam Vale,Queensland,Rest of Qld,0.0,0.0,1009.0,0.0,0.0,0.0005298834876157343,0.0,0.0005298834876157343
4677,Agnes Water - Miriam Vale,Queensland,Rest of Qld,16.0,0.003343083994985374,1009.0,0.0,107.0,0.020752234384417534,91.0,0.01740915038943216
4678,Agnes Water - Miriam Vale,Queensland,Rest of Qld,0.0,0.0,1009.0,0.0,1.0,0.0005557278054766357,1.0,0.0005557278054766357
4680,Gladstone Hinterland,Queensland,Rest of Qld,126.0,0.0025291047771979127,1986.0,0.0,904.0,0.016838746145367622,778.0,0.01430964136816971
4694,Gladstone Hinterland,Queensland,Rest of Qld,0.0,0.0,1986.0,0.0,0.0,0.0003521449107211083,0.0,0.0003521449107211083
4695,Gladstone Hinterland,Queensland,Rest of Qld,3.0,0.002457002457002457,1986.0,0.0,3.0,0.002457002457002457,0.0,0.0
4697,Gladstone Hinterland,Queensland,Rest of Qld,0.0,0.0,1986.0,0.0,0.0,0.00030747789423912764,0.0,0.00030747789423912764
4699,Bouldercombe,Queensland,Rest of Qld,0.0,0.0,1437.0,0.0,2.0,0.0029292674735188484,2.0,0.0029292674735188484
4700,Rockhampton Surrounds - East,Queensland,Rest of Qld,130.0,0.008393595041322314,1589.0,0.0,460.0,0.027548324316740036,330.0,0.019154729275417722
4701,Rockhampton Surrounds - East,Queensland,Rest of Qld,124.0,0.003575650970327864,1589.0,0.0,999.0,0.026741143316030502,875.0,0.02316549234570264
4702,Central Highlands - East,Queensland,Rest of Qld,44.0,0.0015949541450683293,2069.0,0.0,419.0,0.014092794619500637,375.0,0.012497840474432307
4703,Rockhampton Surrounds - North,Queensland,Rest of Qld,79.0,0.0034655202667134583,1679.0,0.0,671.0,0.027341065928339958,592.0,0.0238755456616265
4704,Rockhampton Surrounds - North,Queensland,Rest of Qld,0.0,0.0,1679.0,0.0,0.0,0.0002496694796718657,0.0,0.0002496694796718657
4705,Broadsound - Nebo,Queensland,Rest of Qld,0.0,0.0,2207.0,0.0,0.0,0.0003954792919103056,0.0,0.0003954792919103056
4706,Rockhampton Surrounds - North,Queensland,Rest of Qld,0.0,0.0,1679.0,0.0,0.0,0.00037895614514127374,0.0,0.00037895614514127374
4707,Broadsound - Nebo,Queensland,Rest of Qld,0.0,0.0,2207.0,0.0,0.0,0.00039115402614697814,0.0,0.00039115402614697814
4709,Central Highlands - West,Queensland,Rest of Qld,3.0,0.004418262150220913,1620.0,0.0,3.0,0.004418262150220913,0.0,0.0
4710,Emu Park,Queensland,Rest of Qld,18.0,0.003861832224844454,1203.0,0.0,149.0,0.02968236804008484,131.0,0.025820535815240384
4711,Glenlee - Rockyview,Queensland,Rest of Qld,9.0,0.005260081823495032,2432.0,0.0,56.0,0.030196556821465492,47.0,0.02493647499797046
4712,Central Highlands - East,Queensland,Rest of Qld,0.0,0.0,2069.0,0.0,0.0,0.00036068304325453937,0.0,0.00036068304325453937
4713,Central Highlands - East,Queensland,Rest of Qld,0.0,0.0,2069.0,0.0,0.0,0.00036068304325453937,0.0,0.00036068304325453937
4714,Mount Morgan,Queensland,Rest of Qld,5.0,0.0019083969465648854,813.0,0.0,15.0,0.005415488965809345,10.0,0.00350709201924446
4715,Biloela,Queensland,Rest of Qld,6.0,0.0009063444108761329,1883.0,0.0,157.0,0.02195015363395214,151.0,0.02104380922307601
4716,Banana,Queensland,Rest of Qld,0.0,0.0,1675.0,0.0,0.0,0.0004468219121918082,0.0,0.0004468219121918082
4717,Central Highlands - East,Queensland,Rest of Qld,11.0,0.002860114404576183,2069.0,0.0,18.0,0.0043229954317212105,7.0,0.0014628810271450276
4718,Central Highlands - East,Queensland,Rest of Qld,0.0,0.0,2069.0,0.0,1.0,0.0004024743102490902,1.0,0.0004024743102490902
4719,Banana,Queensland,Rest of Qld,0.0,0.0,1675.0,0.0,1.0,0.0004773154796566814,1.0,0.0004773154796566814
4720,Central Highlands - West,Queensland,Rest of Qld,15.0,0.0011003521126760564,1620.0,0.0,63.0,0.0042608389630913734,48.0,0.003160486850415317
4721,Clermont,Queensland,Rest of Qld,4.0,0.0010370754472387865,1873.0,0.0,5.0,0.001257873373106122,1.0,0.0002207979258673355
4722,Central Highlands - West,Queensland,Rest of Qld,0.0,0.0,1620.0,0.0,1.0,0.00036814535269513726,1.0,0.00036814535269513726
4723,Central Highlands - West,Queensland,Rest of Qld,0.0,0.0,1620.0,0.0,1.0,0.00032939904485829175,1.0,0.00032939904485829175
4724,Barcaldine - Blackall,Queensland,Rest of Qld,0.0,0.0,1341.0,0.0,0.0,0.0002681786718312651,0.0,0.0002681786718312651
4725,Barcaldine - Blackall,Queensland,Rest of Qld,3.0,0.0020876826722338203,1341.0,1.0,3.0,0.0020876826722338203,0.0,0.0
4726,Barcaldine - Blackall,Queensland,Rest of Qld,0.0,0.0,1341.0,0.0,0.0,0.00025638926308602095,0.0,0.00025638926308602095
4727,Longreach,Queensland,Rest of Qld,0.0,0.0,1561.0,0.0,0.0,0.0002464213757775724,0.0,0.0002464213757775724
4728,Barcaldine - Blackall,Queensland,Rest of Qld,0.0,0.0,1341.0,0.0,0.0,0.00024269433924928308,0.0,0.00024269433924928308
4730,Longreach,Queensland,Rest of Qld,0.0,0.0,1561.0,1.0,1.0,0.00033242322388105094,1.0,0.00033242322388105094
4731,Longreach,Queensland,Rest of Qld,0.0,0.0,1561.0,0.0,0.0,0.00021511325030587614,0.0,0.00021511325030587614
4732,Barcaldine - Blackall,Queensland,Rest of Qld,0.0,0.0,1341.0,0.0,0.0,0.00020887842401862144,0.0,0.00020887842401862144
4733,Far Central West,Queensland,Rest of Qld,0.0,0.0,1442.0,0.0,0.0,0.00032123015262186527,0.0,0.00032123015262186527
4735,Far Central West,Queensland,Rest of Qld,0.0,0.0,1442.0,1.0,1.0,0.00038057140773162246,1.0,0.00038057140773162246
4736,Far Central West,Queensland,Rest of Qld,3.0,0.01694915254237288,1442.0,0.0,3.0,0.01694915254237288,0.0,0.0
4737,Sarina,Queensland,Rest of Qld,8.0,0.0009782342871117633,1781.0,0.0,98.0,0.011109699495136738,90.0,0.010131465208024975
4738,Sarina,Queensland,Rest of Qld,0.0,0.0,1781.0,0.0,10.0,0.00701818335801363,10.0,0.00701818335801363
4739,Broadsound - Nebo,Queensland,Rest of Qld,0.0,0.0,2207.0,0.0,0.0,0.00039115402614697814,0.0,0.00039115402614697814
4740,Walkerston - Eton,Queensland,Rest of Qld,236.0,0.00296821743450427,2105.0,0.0,2237.0,0.026118798181414604,2001.0,0.023150580746910336
4741,Eungella Hinterland,Queensland,Rest of Qld,8.0,0.001083570364350535,2624.0,0.0,64.0,0.008017872460186481,56.0,0.006934302095835947
4742,Broadsound - Nebo,Queensland,Rest of Qld,3.0,0.002506265664160401,2207.0,0.0,3.0,0.002506265664160401,0.0,0.0
4743,Broadsound - Nebo,Queensland,Rest of Qld,0.0,0.0,2207.0,0.0,0.0,0.00039115402614697814,0.0,0.00039115402614697814
4744,Moranbah,Queensland,Rest of Qld,8.0,0.0010733932644572655,3079.0,0.0,158.0,0.019678335636854172,150.0,0.018604942372396908
4745,Broadsound - Nebo,Queensland,Rest of Qld,3.0,0.001405152224824356,2207.0,0.0,3.0,0.001405152224824356,0.0,0.0
4746,Broadsound - Nebo,Queensland,Rest of Qld,0.0,0.0,2207.0,0.0,1.0,0.0004626879235729575,1.0,0.0004626879235729575
4750,Shoal Point - Bucasia,Queensland,Rest of Qld,16.0,0.003201921152691615,2085.0,0.0,161.0,0.02992394007742405,145.0,0.026722018924732433
4751,Walkerston - Eton,Queensland,Rest of Qld,3.0,0.000713436385255648,2105.0,0.0,38.0,0.008330533280968666,35.0,0.007617096895713018
4753,Pioneer Valley,Queensland,Rest of Qld,5.0,0.0012635835228708618,2036.0,0.0,44.0,0.01029809657484293,39.0,0.009034513051972068
4754,Pioneer Valley,Queensland,Rest of Qld,3.0,0.0013940520446096654,2036.0,0.0,4.0,0.0015288288705050945,1.0,0.00013477682589542917
4756,Pioneer Valley,Queensland,Rest of Qld,0.0,0.0,2036.0,0.0,1.0,0.0022723886650055647,1.0,0.0022723886650055647
4757,Eungella Hinterland,Queensland,Rest of Qld,0.0,0.0,2624.0,0.0,1.0,0.0034888514783233404,1.0,0.0034888514783233404
4798,Seaforth - Calen,Queensland,Rest of Qld,3.0,0.004021447721179625,1661.0,0.0,3.0,0.004021447721179625,0.0,0.0
4799,Seaforth - Calen,Queensland,Rest of Qld,0.0,0.0,1661.0,0.0,20.0,0.014181816950440407,20.0,0.014181816950440407
4800,Proserpine,Queensland,Rest of Qld,22.0,0.002133643681505189,1431.0,3.0,289.0,0.025988692417740822,267.0,0.02385504873623563
4802,Airlie - Whitsundays,Queensland,Rest of Qld,33.0,0.0033580950442657982,1674.0,0.0,281.0,0.026538196951150894,248.0,0.023180101906885096
4804,Collinsville,Queensland,Rest of Qld,0.0,0.0,1359.0,0.0,1.0,0.00026044988771900535,1.0,0.00026044988771900535
4805,Collinsville,Queensland,Rest of Qld,16.0,0.0015337423312883436,1359.0,3.0,255.0,0.022656261920928955,239.0,0.02112251958964061
4806,Burdekin,Queensland,Rest of Qld,0.0,0.0,1422.0,0.0,3.0,0.000662900332827121,3.0,0.000662900332827121
4807,Burdekin,Queensland,Rest of Qld,14.0,0.0013808067856790611,1422.0,2.0,283.0,0.02589556947350502,269.0,0.02451476268782596
4808,Burdekin,Queensland,Rest of Qld,0.0,0.0,1422.0,0.0,1.0,0.0005583120509982109,1.0,0.0005583120509982109
4809,Burdekin,Queensland,Rest of Qld,0.0,0.0,1422.0,0.0,1.0,0.0005583120509982109,1.0,0.0005583120509982109
4810,Townsville - South,Queensland,Rest of Qld,219.0,0.011777992900935785,1886.0,0.0,547.0,0.02731344848871231,328.0,0.015535455587776525
4811,Wulguru - Roseneath,Queensland,Rest of Qld,74.0,0.007132530120481928,1421.0,4.0,315.0,0.02814769372344017,241.0,0.021015163602958242
4812,Hyde Park - Pimlico,Queensland,Rest of Qld,103.0,0.006922043010752688,1305.0,0.0,467.0,0.029155079275369644,364.0,0.022233036264616958
4814,Aitkenvale,Queensland,Rest of Qld,255.0,0.0068537332688276085,1378.0,0.0,1135.0,0.028310460969805717,880.0,0.02145672770097811
4815,Townsville - South,Queensland,Rest of Qld,50.0,0.0031744016252936323,1886.0,0.0,231.0,0.013614512048661709,181.0,0.010440110423368076
4816,Northern Highlands,Queensland,Rest of Qld,34.0,0.004104792949414463,1502.0,0.0,139.0,0.015589998103678226,105.0,0.011485205154263763
4817,Dalrymple,Queensland,Rest of Qld,97.0,0.00396160914845824,1391.0,0.0,609.0,0.023092621937394142,512.0,0.019131012788935902
4818,Northern Beaches,Queensland,Rest of Qld,177.0,0.006286850891525183,1531.0,0.0,836.0,0.027552679181098938,659.0,0.021265828289573754
4819,Magnetic Island,Queensland,Rest of Qld,12.0,0.004012036108324975,1001.0,0.0,87.0,0.027064068242907524,75.0,0.02305203213458255
4820,Dalrymple,Queensland,Rest of Qld,15.0,0.0016808606006275212,1391.0,1.0,208.0,0.0216194000095129,193.0,0.01993853940888538
4821,Northern Highlands,Queensland,Rest of Qld,0.0,0.0,1502.0,0.0,0.0,0.0002824808470904827,0.0,0.0002824808470904827
4822,Northern Highlands,Queensland,Rest of Qld,0.0,0.0,1502.0,0.0,0.0,0.00030543311731889844,0.0,0.00030543311731889844
4823,Northern Highlands,Queensland,Rest of Qld,0.0,0.0,1502.0,0.0,0.0,0.00030543311731889844,0.0,0.00030543311731889844
4824,Mount Isa Surrounds,Queensland,Rest of Qld,0.0,0.0,1856.0,1.0,1.0,0.0002525949676055461,1.0,0.0002525949676055461
4825,Mount Isa Surrounds,Queensland,Rest of Qld,9.0,0.0006471095772217428,1856.0,0.0,21.0,0.0013697887770831585,12.0,0.0007226791998614157
4828,Mount Isa Surrounds,Queensland,Rest of Qld,0.0,0.0,1856.0,2.0,0.0,0.00024223020591307431,0.0,0.00024223020591307431
4829,Far Central West,Queensland,Rest of Qld,0.0,0.0,1442.0,0.0,0.0,0.00035207628388889134,0.0,0.00035207628388889134
4830,Carpentaria,Queensland,Rest of Qld,0.0,0.0,1279.0,0.0,0.0,0.00015171567793004215,0.0,0.00015171567793004215
4849,Tully,Queensland,Rest of Qld,4.0,0.0029607698001480384,1190.0,2.0,19.0,0.012766039930284023,15.0,0.009805270130135985
4850,Dalrymple,Queensland,Rest of Qld,9.0,0.0008704903762452848,1391.0,3.0,12.0,0.0010618101805448532,3.0,0.00019131980429956837
4852,Tully,Queensland,Rest of Qld,23.0,0.006226312939902545,1190.0,0.0,97.0,0.024434519931674004,74.0,0.018208206991771458
4854,Tully,Queensland,Rest of Qld,7.0,0.0014265335235378032,1190.0,0.0,67.0,0.012659037485718727,60.0,0.011232503962180923
4855,Johnstone,Queensland,Rest of Qld,0.0,0.0,1301.0,0.0,3.0,0.0037248849403113127,3.0,0.0037248849403113127
4856,Johnstone,Queensland,Rest of Qld,0.0,0.0,1301.0,0.0,2.0,0.002155337017029524,2.0,0.002155337017029524
4858,Johnstone,Queensland,Rest of Qld,4.0,0.0030816640986132513,1301.0,0.0,4.0,0.0030816640986132513,0.0,0.0
4859,Johnstone,Queensland,Rest of Qld,0.0,0.0,1301.0,0.0,1.0,0.002704871352761984,1.0,0.002704871352761984
4860,Wooroonooran,Queensland,Rest of Qld,15.0,0.0016818028927009755,2250.0,2.0,127.0,0.013195118866860867,112.0,0.011513315974159891
4861,Babinda,Queensland,Rest of Qld,5.0,0.0037764350453172208,1320.0,0.0,37.0,0.025930464267730713,32.0,0.022154029222413493
4865,Gordonvale - Trinity,Queensland,Rest of Qld,31.0,0.004141616566466266,1790.0,0.0,84.0,0.010378231294453144,53.0,0.006236614727986878
4868,Woree,Queensland,Rest of Qld,80.0,0.004799616030717543,1152.0,0.0,523.0,0.02913449890911579,443.0,0.02433488287839825
4869,Edmonton,Queensland,Rest of Qld,56.0,0.00354699771978718,1643.0,0.0,511.0,0.03001607023179531,455.0,0.02646907251200813
4870,Lamb Range,Queensland,Rest of Qld,450.0,0.007456133083690952,2750.0,3.0,1598.0,0.024575987830758095,1148.0,0.01711985474706714
4871,Croydon - Etheridge,Queensland,Rest of Qld,17.0,0.0018214936247723133,1206.0,0.0,77.0,0.007686644792556763,60.0,0.005865151167784449
4872,Herberton,Queensland,Rest of Qld,6.0,0.0013455931823278763,900.0,0.0,82.0,0.016972089186310768,76.0,0.01562649600398289
4873,Daintree,Queensland,Rest of Qld,20.0,0.0032107882485150102,1201.0,2.0,62.0,0.009164928458631039,42.0,0.005954140210116029
4874,Cape York,Queensland,Rest of Qld,3.0,0.0006261740763932373,1063.0,0.0,3.0,0.0006261740763932373,0.0,0.0
4875,Torres Strait Islands,Queensland,Rest of Qld,0.0,0.0,976.0,0.0,10.0,0.004211761988699436,10.0,0.004211761988699436
4876,Northern Peninsula,Queensland,Rest of Qld,0.0,0.0,1331.0,0.0,11.0,0.009957095608115196,11.0,0.009957095608115196
4877,Port Douglas,Queensland,Rest of Qld,40.0,0.008859357696566999,1441.0,2.0,132.0,0.027179501950740814,92.0,0.018320144254173817
4878,Yorkeys Knob - Machans Beach,Queensland,Rest of Qld,92.0,0.0074657145175687735,1327.0,0.0,396.0,0.029847394675016403,304.0,0.02238168015744763
4879,Clifton Beach - Kewarra Beach,Queensland,Rest of Qld,178.0,0.009930819013613033,1638.0,0.0,560.0,0.02898561954498291,382.0,0.019054800531369875
4880,Tablelands,Queensland,Rest of Qld,27.0,0.002235284377845848,1171.0,0.0,61.0,0.004663469269871712,34.0,0.0024281848920258637
4881,Kuranda,Queensland,Rest of Qld,27.0,0.006343984962406015,1352.0,0.0,123.0,0.026792723685503006,96.0,0.020448738723096993
4882,Atherton,Queensland,Rest of Qld,8.0,0.002641135688345989,1208.0,0.0,89.0,0.027248462662100792,81.0,0.024607326973754805
4883,Atherton,Queensland,Rest of Qld,26.0,0.0033792565635560176,1208.0,0.0,221.0,0.026691557839512825,195.0,0.023312301275956807
4884,Malanda - Yungaburra,Queensland,Rest of Qld,10.0,0.00495785820525533,1296.0,0.0,14.0,0.006381125655025244,4.0,0.0014232674497699138
4885,Malanda - Yungaburra,Queensland,Rest of Qld,13.0,0.0033827738745771533,1296.0,0.0,112.0,0.02696601115167141,99.0,0.023583237277094257
4886,Malanda - Yungaburra,Queensland,Rest of Qld,3.0,0.0035169988276670576,1296.0,0.0,3.0,0.0035169988276670576,0.0,0.0
4887,Tablelands,Queensland,Rest of Qld,3.0,0.0014925373134328358,1171.0,0.0,3.0,0.0014925373134328358,0.0,0.0
4888,Herberton,Queensland,Rest of Qld,5.0,0.0017574692442882249,900.0,0.0,7.0,0.0024045384488999844,2.0,0.0006470692046117595
4890,Carpentaria,Queensland,Rest of Qld,0.0,0.0,1279.0,0.0,0.0,0.00016946120013017207,0.0,0.00016946120013017207
4891,Carpentaria,Queensland,Rest of Qld,0.0,0.0,1279.0,0.0,0.0,0.00013703713193535805,0.0,0.00013703713193535805
4892,Cape York,Queensland,Rest of Qld,0.0,0.0,1063.0,0.0,0.0,0.00022205474670045078,0.0,0.00022205474670045078
4895,Cape York,Queensland,Rest of Qld,0.0,0.0,1063.0,0.0,1.0,0.0002177222486352548,1.0,0.0002177222486352548
5000,Adelaide,South Australia,Greater Adelaide,503.0,0.025767122585933097,1365.0,45.0,633.0,0.030112899839878082,130.0,0.004345777253944985
5006,North Adelaide,South Australia,Greater Adelaide,99.0,0.021090754154239454,1867.0,2.0,146.0,0.028778444975614548,47.0,0.0076876908213750934
5007,Hindmarsh - Brompton,South Australia,Greater Adelaide,99.0,0.012178619756427604,1631.0,4.0,284.0,0.032377660274505615,185.0,0.020199040518078012
5008,Hindmarsh - Brompton,South Australia,Greater Adelaide,103.0,0.009287646528403968,1631.0,0.0,387.0,0.032432280480861664,284.0,0.023144633952457694
5009,Beverley,South Australia,Greater Adelaide,38.0,0.007411741759313439,1695.0,0.0,200.0,0.036217693239450455,162.0,0.028805951480137017
5010,The Parks,South Australia,Greater Adelaide,30.0,0.005271481286241434,1297.0,0.0,196.0,0.03201166167855263,166.0,0.026740180392311193
5011,Beverley,South Australia,Greater Adelaide,132.0,0.012003273620078202,1695.0,2.0,398.0,0.03359339013695717,266.0,0.021590116516878966
5012,Woodville - Cheltenham,South Australia,Greater Adelaide,56.0,0.006691360975026885,1491.0,0.0,292.0,0.032377660274505615,236.0,0.02568629929947873
5013,The Parks,South Australia,Greater Adelaide,43.0,0.0038499418032053004,1297.0,0.0,392.0,0.032590411603450775,349.0,0.028740469800245475
5014,Royal Park - Hendon - Albert Park,South Australia,Greater Adelaide,107.0,0.009337638537394189,1427.0,6.0,406.0,0.03288844972848892,299.0,0.023550811191094735
5015,Port Adelaide,South Australia,Greater Adelaide,61.0,0.01021091396049548,1247.0,1.0,215.0,0.03338564932346344,154.0,0.02317473536296796
5016,North Haven,South Australia,Greater Adelaide,59.0,0.008060109289617486,1414.0,2.0,253.0,0.03208432346582413,194.0,0.02402421417620664
5017,North Haven,South Australia,Greater Adelaide,22.0,0.006136680613668061,1414.0,0.0,132.0,0.034154023975133896,110.0,0.028017343361465837
5018,North Haven,South Australia,Greater Adelaide,35.0,0.007348309888725593,1414.0,0.0,165.0,0.032242171466350555,130.0,0.02489386157762496
5019,Largs Bay - Semaphore,South Australia,Greater Adelaide,81.0,0.01181274609887706,1584.0,1.0,262.0,0.03548415005207062,181.0,0.02367140395319356
5020,West Lakes,South Australia,Greater Adelaide,17.0,0.006493506493506494,1506.0,0.0,51.0,0.018066110089421272,34.0,0.011572603595914778
5021,West Lakes,South Australia,Greater Adelaide,51.0,0.008881922675026124,1506.0,0.0,196.0,0.031677745282649994,145.0,0.022795822607623868
5022,Seaton - Grange,South Australia,Greater Adelaide,191.0,0.015122723673792558,1425.0,0.0,439.0,0.03229600191116333,248.0,0.017173278237370772
5023,Seaton - Grange,South Australia,Greater Adelaide,83.0,0.006183877216510207,1425.0,0.0,504.0,0.03488411009311676,421.0,0.028700232876606554
5024,Fulham,South Australia,Greater Adelaide,106.0,0.009258450519696043,1753.0,0.0,386.0,0.031280577182769775,280.0,0.02202212666307373
5025,Flinders Park,South Australia,Greater Adelaide,63.0,0.008566766385640467,1563.0,0.0,252.0,0.0317634716629982,189.0,0.023196705277357732
5031,Richmond (SA),South Australia,Greater Adelaide,161.0,0.015594730724525378,1555.0,3.0,354.0,0.03180577978491783,193.0,0.016211049060392453
5032,Lockleys,South Australia,Greater Adelaide,103.0,0.009414990859232175,1635.0,0.0,394.0,0.03345287963747978,291.0,0.024037888778247606
5033,Richmond (SA),South Australia,Greater Adelaide,57.0,0.006260296540362438,1555.0,0.0,318.0,0.03237876296043396,261.0,0.026118466420071523
5034,Goodwood - Millswood,South Australia,Greater Adelaide,144.0,0.017130620985010708,2001.0,0.0,295.0,0.032570235431194305,151.0,0.015439614446183598
5035,Goodwood - Millswood,South Australia,Greater Adelaide,162.0,0.02711750920656177,2001.0,0.0,205.0,0.031899381428956985,43.0,0.004781872222395216
5037,Plympton,South Australia,Greater Adelaide,96.0,0.009038696921193861,1551.0,0.0,368.0,0.03216719254851341,272.0,0.02312849562731955
5038,Morphettville,South Australia,Greater Adelaide,103.0,0.008079698776278631,1554.0,0.0,441.0,0.032108843326568604,338.0,0.024029144550289972
5039,Edwardstown,South Australia,Greater Adelaide,96.0,0.010716677829872739,1452.0,2.0,317.0,0.032852884382009506,221.0,0.022136206552136765
5040,Plympton,South Australia,Greater Adelaide,25.0,0.014450867052023121,1551.0,0.0,56.0,0.03025353141129017,31.0,0.015802664359267048
5041,Colonel Light Gardens,South Australia,Greater Adelaide,130.0,0.012845849802371542,2006.0,0.0,360.0,0.033054012805223465,230.0,0.02020816300285192
5042,Panorama,South Australia,Greater Adelaide,140.0,0.015179442697603816,1518.0,16.0,341.0,0.034316275268793106,201.0,0.01913683257118929
5043,Mitchell Park,South Australia,Greater Adelaide,118.0,0.008364048766657216,1307.0,1.0,496.0,0.032631468027830124,378.0,0.024267419261172908
5044,Glenelg (SA),South Australia,Greater Adelaide,109.0,0.011627906976744186,1562.0,0.0,328.0,0.03250447288155556,219.0,0.02087656590481137
5045,Glenelg (SA),South Australia,Greater Adelaide,176.0,0.014356799086385513,1562.0,0.0,451.0,0.034165289252996445,275.0,0.01980849016661093
5046,Warradale,South Australia,Greater Adelaide,57.0,0.008250108554059922,1421.0,0.0,239.0,0.03209890052676201,182.0,0.023848791972702087
5047,Mitchell Park,South Australia,Greater Adelaide,79.0,0.011906556141672946,1307.0,0.0,247.0,0.03457334265112877,168.0,0.022666786509455823
5048,Brighton (SA),South Australia,Greater Adelaide,162.0,0.013973949797291468,1673.0,0.0,414.0,0.03315581753849983,252.0,0.019181867741208364
5049,Marino - Seaview Downs,South Australia,Greater Adelaide,114.0,0.01373990599011691,1821.0,0.0,313.0,0.03503388911485672,199.0,0.02129398312473981
5050,Bellevue Heights,South Australia,Greater Adelaide,81.0,0.017849272807404143,1764.0,0.0,164.0,0.033581677824258804,83.0,0.01573240501685466
5051,Coromandel Valley,South Australia,Greater Adelaide,231.0,0.018843298800880984,2233.0,0.0,448.0,0.033946264535188675,217.0,0.01510296573430769
5052,Belair,South Australia,Greater Adelaide,109.0,0.020659590598938588,2273.0,0.0,206.0,0.036322515457868576,97.0,0.015662924858929988
5061,Goodwood - Millswood,South Australia,Greater Adelaide,218.0,0.026233453670276775,2001.0,1.0,284.0,0.03175101429224014,66.0,0.0055175606219633674
5062,Mitcham (SA),South Australia,Greater Adelaide,297.0,0.024762381190595296,2203.0,0.0,436.0,0.03373727202415466,139.0,0.008974890833559367
5063,Unley - Parkside,South Australia,Greater Adelaide,195.0,0.020261845386533667,1998.0,0.0,338.0,0.032566916197538376,143.0,0.012305070811004709
5064,Beaumont - Glen Osmond,South Australia,Greater Adelaide,226.0,0.028844926611359286,2326.0,0.0,287.0,0.034054577350616455,61.0,0.005209650739257169
5065,Toorak Gardens,South Australia,Greater Adelaide,197.0,0.023618271190504737,1929.0,6.0,280.0,0.03111887536942959,83.0,0.007500604178924852
5066,Burnside - Wattle Park,South Australia,Greater Adelaide,271.0,0.028296961470188994,2086.0,0.0,339.0,0.03286537528038025,68.0,0.004568413810191255
5067,Norwood (SA),South Australia,Greater Adelaide,190.0,0.020103692730927943,1653.0,3.0,336.0,0.03304777666926384,146.0,0.012944083938335897
5068,Burnside - Wattle Park,South Australia,Greater Adelaide,184.0,0.018627252480259163,2086.0,0.0,350.0,0.032866448163986206,166.0,0.014239195683727043
5069,St Peters - Marden,South Australia,Greater Adelaide,155.0,0.021967120181405897,1879.0,1.0,253.0,0.0332544706761837,98.0,0.011287350494777804
5070,Payneham - Felixstow,South Australia,Greater Adelaide,163.0,0.014055359144606363,1476.0,5.0,418.0,0.03344890847802162,255.0,0.019393549333415257
5072,Uraidla - Summertown,South Australia,Greater Adelaide,193.0,0.018257496925551037,2181.0,0.0,325.0,0.028520135208964348,132.0,0.010262638283413311
5073,Rostrevor - Magill,South Australia,Greater Adelaide,163.0,0.013007740802809033,1644.0,1.0,435.0,0.03224165365099907,272.0,0.019233912848190038
5074,Paradise - Newton,South Australia,Greater Adelaide,130.0,0.012017008689221667,1427.0,3.0,416.0,0.035685326904058456,286.0,0.023668318214836788
5075,Highbury - Dernancourt,South Australia,Greater Adelaide,80.0,0.009086778736937756,1920.0,0.0,318.0,0.03352943807840347,238.0,0.024442659341465715
5076,Uraidla - Summertown,South Australia,Greater Adelaide,79.0,0.009986095310327393,2181.0,0.0,238.0,0.027973676100373268,159.0,0.017987580790045875
5081,Walkerville,South Australia,Greater Adelaide,213.0,0.028092851490371933,2052.0,0.0,269.0,0.03298482671380043,56.0,0.004891975223428498
5082,Prospect,South Australia,Greater Adelaide,178.0,0.014802494802494803,2019.0,0.0,421.0,0.03246782720088959,243.0,0.017665332398394785
5083,Nailsworth - Broadview,South Australia,Greater Adelaide,79.0,0.012623841482901885,1967.0,0.0,212.0,0.03148457780480385,133.0,0.018860736321901963
5084,Enfield - Blair Athol,South Australia,Greater Adelaide,45.0,0.005533013648100332,1428.0,0.0,283.0,0.03229298070073128,238.0,0.026759967052630944
5085,Northgate - Northfield,South Australia,Greater Adelaide,242.0,0.013304013194062672,1759.0,1.0,626.0,0.031957488507032394,384.0,0.018653475312969722
5086,Windsor Gardens,South Australia,Greater Adelaide,107.0,0.00822570725707257,1595.0,2.0,456.0,0.03250552713871002,349.0,0.02427981988163745
5087,Windsor Gardens,South Australia,Greater Adelaide,89.0,0.009007185507539723,1595.0,0.0,367.0,0.034447573125362396,278.0,0.025440387617822673
5088,Hope Valley - Modbury,South Australia,Greater Adelaide,26.0,0.007907542579075427,1314.0,0.0,113.0,0.03176901862025261,87.0,0.023861476041177183
5089,Highbury - Dernancourt,South Australia,Greater Adelaide,72.0,0.012887059244675139,1920.0,0.0,203.0,0.033769771456718445,131.0,0.020882712212043304
5090,Hope Valley - Modbury,South Australia,Greater Adelaide,27.0,0.004535528305056274,1314.0,0.0,219.0,0.03421283885836601,192.0,0.029677310553309737
5091,St Agnes - Ridgehaven,South Australia,Greater Adelaide,53.0,0.00843277645186953,1492.0,0.0,243.0,0.035936079919338226,190.0,0.027503303467468695
5092,Modbury Heights,South Australia,Greater Adelaide,96.0,0.006759611322348965,1657.0,2.0,504.0,0.032973580062389374,408.0,0.026213968740040408
5093,Valley View - Gilles Plains,South Australia,Greater Adelaide,26.0,0.003666619658722324,1469.0,0.0,277.0,0.036276575177907944,251.0,0.03260995551918562
5094,Dry Creek - North,South Australia,Greater Adelaide,17.0,0.004871060171919771,1300.0,0.0,33.0,0.008894777856767178,16.0,0.004023717684847407
5095,Mawson Lakes - Globe Derby Park,South Australia,Greater Adelaide,169.0,0.01019115962129892,1913.0,0.0,603.0,0.033769749104976654,434.0,0.023578589483677734
5096,Para Hills,South Australia,Greater Adelaide,70.0,0.006076388888888889,1444.0,0.0,420.0,0.03382919356226921,350.0,0.027752804673380323
5097,St Agnes - Ridgehaven,South Australia,Greater Adelaide,53.0,0.004955586722767648,1492.0,0.0,412.0,0.035743597894907,359.0,0.03078801117213935
5098,Ingle Farm,South Australia,Greater Adelaide,47.0,0.004849860695490662,1344.0,0.0,339.0,0.032514527440071106,292.0,0.027664666744580443
5106,Parafield,South Australia,Greater Adelaide,12.0,0.013245033112582781,1300.0,0.0,31.0,0.031826313585042953,19.0,0.018581280472460174
5107,Parafield Gardens,South Australia,Greater Adelaide,87.0,0.006196581196581196,1384.0,0.0,489.0,0.03235179930925369,402.0,0.026155218112672497
5108,Paralowie,South Australia,Greater Adelaide,98.0,0.0032547326469611424,1458.0,2.0,1131.0,0.0348639078438282,1033.0,0.03160917519686706
5109,Salisbury East,South Australia,Greater Adelaide,66.0,0.0041480736597322605,1339.0,0.0,556.0,0.03242088481783867,490.0,0.02827281115810641
5110,Virginia - Waterloo Corner,South Australia,Greater Adelaide,19.0,0.002483335511697817,1387.0,0.0,265.0,0.03220470994710922,246.0,0.029721374435411407
5111,Salisbury North,South Australia,Greater Adelaide,6.0,0.010416666666666666,1255.0,0.0,18.0,0.029232710599899292,12.0,0.018816043933232628
5112,Elizabeth,South Australia,Greater Adelaide,48.0,0.003630313114506126,827.0,3.0,481.0,0.03380053862929344,433.0,0.030170225514787315
5113,Smithfield - Elizabeth North,South Australia,Greater Adelaide,34.0,0.0026920031670625497,939.0,0.0,491.0,0.03605947643518448,457.0,0.03336747326812193
5114,One Tree Hill,South Australia,Greater Adelaide,100.0,0.0036660923122044213,2277.0,0.0,962.0,0.03273603692650795,862.0,0.02906994461430353
5115,Munno Para West - Angle Vale,South Australia,Greater Adelaide,47.0,0.004559123096323601,1653.0,0.0,362.0,0.03259997442364693,315.0,0.028040851327323327
5116,Gawler - South,South Australia,Greater Adelaide,51.0,0.0058526509065871014,1336.0,0.0,272.0,0.028963126242160797,221.0,0.023110475335573696
5117,Munno Para West - Angle Vale,South Australia,Greater Adelaide,42.0,0.007475970096119616,1653.0,0.0,195.0,0.032176386564970016,153.0,0.0247004164688504
5118,Gawler - North,South Australia,Greater Adelaide,102.0,0.005941978329255505,1770.0,3.0,568.0,0.030705992132425308,466.0,0.024764013803169803
5120,Virginia - Waterloo Corner,South Australia,Greater Adelaide,40.0,0.00963159162051529,1387.0,0.0,132.0,0.0294652096927166,92.0,0.019833618072201308
5121,Virginia - Waterloo Corner,South Australia,Greater Adelaide,15.0,0.006587615283267457,1387.0,0.0,71.0,0.028853338211774826,56.0,0.02226572292850737
5125,Greenwith,South Australia,Greater Adelaide,132.0,0.00828573222019961,1937.0,0.0,579.0,0.033713411539793015,447.0,0.025427679319593402
5126,Redwood Park,South Australia,Greater Adelaide,35.0,0.006033442509912084,1818.0,0.0,216.0,0.03448614478111267,181.0,0.028452702271200586
5127,Modbury Heights,South Australia,Greater Adelaide,51.0,0.008559919436052367,1657.0,0.0,208.0,0.032399047166109085,157.0,0.023839127730056718
5131,Adelaide Hills,South Australia,Greater Adelaide,6.0,0.005870841487279843,1905.0,0.0,29.0,0.026050036773085594,23.0,0.02017919528580575
5132,Adelaide Hills,South Australia,Greater Adelaide,3.0,0.006726457399103139,1905.0,0.0,3.0,0.006726457399103139,0.0,0.0
5133,Adelaide Hills,South Australia,Greater Adelaide,3.0,0.0071090047393364926,1905.0,0.0,3.0,0.0071090047393364926,0.0,0.0
5134,Uraidla - Summertown,South Australia,Greater Adelaide,10.0,0.024096385542168676,2181.0,0.0,13.0,0.028908776119351387,3.0,0.004812390577182711
5136,Uraidla - Summertown,South Australia,Greater Adelaide,10.0,0.020242914979757085,2181.0,1.0,16.0,0.029904957860708237,6.0,0.009662042880951151
5137,Uraidla - Summertown,South Australia,Greater Adelaide,8.0,0.014285714285714285,2181.0,0.0,15.0,0.025040362030267715,7.0,0.01075464774455343
5138,Uraidla - Summertown,South Australia,Greater Adelaide,0.0,0.0,2181.0,0.0,4.0,0.011071860790252686,4.0,0.011071860790252686
5139,Lobethal - Woodside,South Australia,Greater Adelaide,6.0,0.020689655172413793,1691.0,0.0,7.0,0.023028865456581116,1.0,0.002339210284167323
5140,Uraidla - Summertown,South Australia,Greater Adelaide,7.0,0.01977401129943503,2181.0,0.0,10.0,0.026501089334487915,3.0,0.006727078035052885
5141,Uraidla - Summertown,South Australia,Greater Adelaide,24.0,0.034934497816593885,2181.0,0.0,26.0,0.034934497816593885,2.0,0.0
5142,Uraidla - Summertown,South Australia,Greater Adelaide,9.0,0.016042780748663103,2181.0,0.0,15.0,0.025039255619049072,6.0,0.008996474870385969
5144,Uraidla - Summertown,South Australia,Greater Adelaide,8.0,0.018518518518518517,2181.0,0.0,12.0,0.026756662875413895,4.0,0.008238144356895377
5150,Belair,South Australia,Greater Adelaide,4.0,0.058823529411764705,2273.0,0.0,4.0,0.058823529411764705,0.0,0.0
5151,Aldgate - Stirling,South Australia,Greater Adelaide,8.0,0.019559902200488997,2297.0,0.0,12.0,0.028286200016736984,4.0,0.008726297816247987
5152,Uraidla - Summertown,South Australia,Greater Adelaide,146.0,0.0259094942324756,2181.0,1.0,169.0,0.027778463438153267,23.0,0.0018689692056776674
5153,Hahndorf - Echunga,South Australia,Greater Adelaide,117.0,0.017878973105134473,1926.0,0.0,191.0,0.02715778909623623,74.0,0.009278815991101756
5154,Aldgate - Stirling,South Australia,Greater Adelaide,76.0,0.024942566458811946,2297.0,0.0,89.0,0.027002334594726562,13.0,0.0020597681359146164
5155,Aldgate - Stirling,South Australia,Greater Adelaide,46.0,0.014003044140030441,2297.0,0.0,94.0,0.026556504890322685,48.0,0.012553460750292244
5156,Aldgate - Stirling,South Australia,Greater Adelaide,14.0,0.015590200445434299,2297.0,0.0,25.0,0.026169542223215103,11.0,0.010579341777780804
5157,Mount Barker Surrounds,South Australia,Greater Adelaide,27.0,0.00818926296633303,1784.0,0.0,95.0,0.026758555322885513,68.0,0.018569292356552483
5158,Sheidow Park - Trott Park,South Australia,Greater Adelaide,142.0,0.007322229670499665,1922.0,0.0,752.0,0.03600858151912689,610.0,0.028686351848627226
5159,Aberfoyle Park,South Australia,Greater Adelaide,262.0,0.009622447480534743,1807.0,0.0,976.0,0.03329070284962654,714.0,0.023668255369091798
5160,Lonsdale,South Australia,Greater Adelaide,7.0,0.0036138358286009293,725.0,0.0,16.0,0.007880546152591705,9.0,0.004266710323990776
5161,Reynella,South Australia,Greater Adelaide,54.0,0.006395073424917101,1334.0,0.0,328.0,0.03605526685714722,274.0,0.029660193432230114
5162,Morphett Vale - East,South Australia,Greater Adelaide,138.0,0.005186799969931594,1228.0,0.0,975.0,0.03402938321232796,837.0,0.028842583242396365
5163,Hackham - Onkaparinga Hills,South Australia,Greater Adelaide,51.0,0.0045393858477970625,1355.0,0.0,409.0,0.033814433962106705,358.0,0.029275048114309643
5164,Christie Downs,South Australia,Greater Adelaide,7.0,0.0022151898734177216,995.0,0.0,39.0,0.011586195789277554,32.0,0.009371005915859832
5165,Christies Beach,South Australia,Greater Adelaide,32.0,0.006933911159263272,1220.0,0.0,165.0,0.03315383940935135,133.0,0.02621992825008808
5166,Christies Beach,South Australia,Greater Adelaide,7.0,0.004578155657292348,1220.0,0.0,53.0,0.03228762000799179,46.0,0.027709464350699445
5167,Seaford - Seaford Meadows,South Australia,Greater Adelaide,50.0,0.009784735812133072,1466.0,0.0,189.0,0.034358590841293335,139.0,0.024573855029160263
5168,Christie Downs,South Australia,Greater Adelaide,45.0,0.010069366748713358,995.0,0.0,173.0,0.03594593703746796,128.0,0.025876570288754598
5169,Seaford Rise - Moana,South Australia,Greater Adelaide,134.0,0.008600218214492009,1521.0,0.0,570.0,0.03394266963005066,436.0,0.025342451415558652
5170,Seaford Rise - Moana,South Australia,Greater Adelaide,12.0,0.01091901728844404,1521.0,0.0,42.0,0.03546394780278206,30.0,0.024544930514338016
5171,McLaren Vale,South Australia,Greater Adelaide,43.0,0.007488679902473006,1638.0,3.0,184.0,0.029747573658823967,141.0,0.022258893756350963
5172,Strathalbyn Surrounds,South Australia,Rest of SA,60.0,0.015178345560333924,1479.0,0.0,112.0,0.02623913809657097,52.0,0.011060792536237044
5173,Aldinga,South Australia,Greater Adelaide,83.0,0.007993066255778121,1317.0,0.0,350.0,0.031246451660990715,267.0,0.023253385405212594
5174,Willunga,South Australia,Greater Adelaide,18.0,0.006463195691202872,1755.0,0.0,89.0,0.029701504856348038,71.0,0.023238309165145167
5201,Mount Barker Surrounds,South Australia,Greater Adelaide,22.0,0.009263157894736843,1784.0,0.0,66.0,0.025986526161432266,44.0,0.016723368266695425
5202,Yankalilla,South Australia,Rest of SA,0.0,0.0,1082.0,0.0,16.0,0.014377579092979431,16.0,0.014377579092979431
5203,Yankalilla,South Australia,Rest of SA,3.0,0.0022205773501110288,1082.0,3.0,3.0,0.002314526354894042,0.0,9.394900478301325e-05
5204,Yankalilla,South Australia,Rest of SA,22.0,0.006520450503852994,1082.0,1.0,91.0,0.025092460215091705,69.0,0.01857200971123871
5210,Strathalbyn Surrounds,South Australia,Rest of SA,6.0,0.0032751091703056767,1479.0,0.0,24.0,0.012078193947672844,18.0,0.008803084777367166
5211,Yankalilla,South Australia,Rest of SA,102.0,0.006695109944207417,1082.0,5.0,427.0,0.025996090844273567,325.0,0.01930098090006615
5212,Goolwa - Port Elliot,South Australia,Rest of SA,13.0,0.006555723651033787,970.0,0.0,16.0,0.007587579544633627,3.0,0.0010318558935998399
5213,Goolwa - Port Elliot,South Australia,Rest of SA,10.0,0.008058017727639,970.0,0.0,34.0,0.025181550532579422,24.0,0.017123532804940424
5214,Goolwa - Port Elliot,South Australia,Rest of SA,57.0,0.006067702789014265,970.0,2.0,254.0,0.025116661563515663,197.0,0.0190489587745014
5220,Kangaroo Island,South Australia,Rest of SA,0.0,0.0,1128.0,1.0,0.0,0.0007775580743327737,0.0,0.0007775580743327737
5221,Kangaroo Island,South Australia,Rest of SA,0.0,0.0,1128.0,1.0,1.0,0.000907284498680383,1.0,0.000907284498680383
5222,Kangaroo Island,South Australia,Rest of SA,10.0,0.008223684210526315,1128.0,1.0,27.0,0.020490853115916252,17.0,0.012267168905389937
5223,Kangaroo Island,South Australia,Rest of SA,16.0,0.003769140164899882,1128.0,7.0,115.0,0.02509571984410286,99.0,0.021326579679202977
5231,Adelaide Hills,South Australia,Greater Adelaide,10.0,0.008438818565400843,1905.0,0.0,33.0,0.025932971388101578,23.0,0.017494152822700733
5232,Adelaide Hills,South Australia,Greater Adelaide,7.0,0.0166270783847981,1905.0,0.0,12.0,0.027332371100783348,5.0,0.010705292715985248
5233,Adelaide Hills,South Australia,Greater Adelaide,11.0,0.0076282940360610264,1905.0,0.0,40.0,0.02604580484330654,29.0,0.018417510807245515
5234,Adelaide Hills,South Australia,Greater Adelaide,12.0,0.008915304606240713,1905.0,0.0,38.0,0.025932971388101578,26.0,0.017017666781860865
5235,Barossa - Angaston,South Australia,Rest of SA,10.0,0.003633720930232558,1441.0,0.0,30.0,0.010110932402312756,20.0,0.006477211472080198
5236,Mannum,South Australia,Rest of SA,0.0,0.0,901.0,0.0,0.0,0.0010606611613184214,0.0,0.0010606611613184214
5237,Mannum,South Australia,Rest of SA,3.0,0.006944444444444444,901.0,0.0,3.0,0.006944444444444444,0.0,0.0
5238,Mannum,South Australia,Rest of SA,15.0,0.0030272452068617556,901.0,0.0,133.0,0.024938756600022316,118.0,0.02191151139316056
5240,Lobethal - Woodside,South Australia,Greater Adelaide,3.0,0.0051635111876075735,1691.0,0.0,11.0,0.017280900850892067,8.0,0.012117389663284493
5241,Lobethal - Woodside,South Australia,Greater Adelaide,9.0,0.00389948006932409,1691.0,0.0,67.0,0.026773246005177498,58.0,0.022873765935853406
5242,Lobethal - Woodside,South Australia,Greater Adelaide,17.0,0.011409395973154362,1691.0,0.0,42.0,0.026346947997808456,25.0,0.014937552024654095
5243,Lobethal - Woodside,South Australia,Greater Adelaide,14.0,0.014583333333333334,1691.0,0.0,27.0,0.02618439681828022,13.0,0.011601063484946886
5244,Lobethal - Woodside,South Australia,Greater Adelaide,50.0,0.011418131993605847,1691.0,1.0,128.0,0.027188727632164955,78.0,0.015770595638559107
5245,Hahndorf - Echunga,South Australia,Greater Adelaide,32.0,0.011053540587219343,1926.0,1.0,85.0,0.027098486199975014,53.0,0.01604494561275567
5250,Mount Barker,South Australia,Greater Adelaide,35.0,0.010551703346397347,1698.0,0.0,96.0,0.027005432173609734,61.0,0.016453728827212386
5251,Mount Barker,South Australia,Greater Adelaide,199.0,0.011317750099527953,1698.0,2.0,545.0,0.028789427131414413,346.0,0.01747167703188646
5252,Mount Barker Surrounds,South Australia,Greater Adelaide,49.0,0.008607061303354997,1784.0,0.0,165.0,0.026948442682623863,116.0,0.018341381379268867
5253,Murray Bridge Surrounds,South Australia,Rest of SA,44.0,0.002485735269193831,1294.0,6.0,522.0,0.0273581612855196,478.0,0.02487242601632577
5254,Murray Bridge Surrounds,South Australia,Rest of SA,4.0,0.0013231888852133643,1294.0,0.0,15.0,0.004569399170577526,11.0,0.003246210285364162
5255,Strathalbyn Surrounds,South Australia,Rest of SA,69.0,0.006742231776431503,1479.0,1.0,294.0,0.026702644303441048,225.0,0.019960412527009544
5256,Strathalbyn Surrounds,South Australia,Rest of SA,6.0,0.0035356511490866236,1479.0,0.0,43.0,0.023261476308107376,37.0,0.019725825159020754
5259,The Coorong,South Australia,Rest of SA,5.0,0.003965107057890563,1085.0,0.0,6.0,0.004685377702116966,1.0,0.0007202706442264034
5260,The Coorong,South Australia,Rest of SA,7.0,0.003858875413450937,1085.0,8.0,32.0,0.016445443034172058,25.0,0.01258656762072112
5261,The Coorong,South Australia,Rest of SA,0.0,0.0,1085.0,0.0,0.0,0.00037087310920469463,0.0,0.00037087310920469463
5262,Naracoorte Surrounds,South Australia,Rest of SA,0.0,0.0,1632.0,0.0,1.0,0.001705969450995326,1.0,0.001705969450995326
5263,Penola,South Australia,Rest of SA,0.0,0.0,1314.0,0.0,1.0,0.0032321144826710224,1.0,0.0032321144826710224
5264,The Coorong,South Australia,Rest of SA,0.0,0.0,1085.0,0.0,1.0,0.0003873078676406294,1.0,0.0003873078676406294
5265,The Coorong,South Australia,Rest of SA,3.0,0.006787330316742082,1085.0,2.0,3.0,0.006787330316742082,0.0,0.0
5266,The Coorong,South Australia,Rest of SA,0.0,0.0,1085.0,0.0,0.0,0.00033493401133455336,0.0,0.00033493401133455336
5267,Tatiara,South Australia,Rest of SA,3.0,0.0013599274705349048,1470.0,2.0,3.0,0.0013599274705349048,0.0,0.0
5268,Tatiara,South Australia,Rest of SA,3.0,0.0008116883116883117,1470.0,7.0,3.0,0.0008116883116883117,0.0,0.0
5269,Tatiara,South Australia,Rest of SA,0.0,0.0,1470.0,0.0,0.0,0.0001635047374293208,0.0,0.0001635047374293208
5270,Tatiara,South Australia,Rest of SA,0.0,0.0,1470.0,0.0,0.0,0.00022683308634441346,0.0,0.00022683308634441346
5271,Naracoorte Surrounds,South Australia,Rest of SA,7.0,0.0009223876663592041,1632.0,2.0,41.0,0.004965158645063639,34.0,0.0040427709787044346
5272,Naracoorte Surrounds,South Australia,Rest of SA,0.0,0.0,1632.0,0.0,4.0,0.00317242625169456,4.0,0.00317242625169456
5273,Naracoorte Surrounds,South Australia,Rest of SA,3.0,0.01948051948051948,1632.0,0.0,3.0,0.01948051948051948,0.0,0.0
5275,Kingston - Robe,South Australia,Rest of SA,3.0,0.0010873504893077202,1200.0,3.0,12.0,0.003908495884388685,9.0,0.002821145395080965
5276,Kingston - Robe,South Australia,Rest of SA,4.0,0.0024554941682013503,1200.0,1.0,9.0,0.0050689224153757095,5.0,0.002613428247174359
5277,Penola,South Australia,Rest of SA,3.0,0.0009724473257698541,1314.0,0.0,14.0,0.004358918406069279,11.0,0.0033864710802994245
5278,Penola,South Australia,Rest of SA,0.0,0.0,1314.0,0.0,1.0,0.0022344833705574274,1.0,0.0022344833705574274
5279,Wattle Range,South Australia,Rest of SA,0.0,0.0,1351.0,0.0,1.0,0.0021148992236703634,1.0,0.0021148992236703634
5280,Millicent,South Australia,Rest of SA,13.0,0.001681541844522054,988.0,0.0,68.0,0.00815740879625082,55.0,0.006475866951728766
5290,Mount Gambier - West,South Australia,Rest of SA,54.0,0.0023397894189522944,1210.0,14.0,276.0,0.011091658845543861,222.0,0.008751869426591567
5291,Mount Gambier - West,South Australia,Rest of SA,15.0,0.00149895073448586,1210.0,0.0,210.0,0.01946624368429184,195.0,0.01796729294980598
5301,The Coorong,South Australia,Rest of SA,0.0,0.0,1085.0,0.0,0.0,0.00033610756509006023,0.0,0.00033610756509006023
5302,Karoonda - Lameroo,South Australia,Rest of SA,0.0,0.0,1189.0,0.0,0.0,0.00038359116297215223,0.0,0.00038359116297215223
5303,Karoonda - Lameroo,South Australia,Rest of SA,0.0,0.0,1189.0,0.0,0.0,0.0003431298246141523,0.0,0.0003431298246141523
5304,Karoonda - Lameroo,South Australia,Rest of SA,3.0,0.0030181086519114686,1189.0,0.0,3.0,0.0030181086519114686,0.0,0.0
5306,Karoonda - Lameroo,South Australia,Rest of SA,0.0,0.0,1189.0,0.0,0.0,0.0002721897908486426,0.0,0.0002721897908486426
5307,Karoonda - Lameroo,South Australia,Rest of SA,0.0,0.0,1189.0,0.0,0.0,0.0003678297798614949,0.0,0.0003678297798614949
5308,Karoonda - Lameroo,South Australia,Rest of SA,0.0,0.0,1189.0,0.0,0.0,0.0002721897908486426,0.0,0.0002721897908486426
5309,Karoonda - Lameroo,South Australia,Rest of SA,0.0,0.0,1189.0,0.0,0.0,0.00026300211902707815,0.0,0.00026300211902707815
5310,Karoonda - Lameroo,South Australia,Rest of SA,0.0,0.0,1189.0,0.0,0.0,0.0004127657157368958,0.0,0.0004127657157368958
5311,Loxton Surrounds,South Australia,Rest of SA,0.0,0.0,1300.0,0.0,0.0,0.0006674249307252467,0.0,0.0006674249307252467
5320,Waikerie,South Australia,Rest of SA,0.0,0.0,1027.0,0.0,0.0,0.0003948630183003843,0.0,0.0003948630183003843
5321,Waikerie,South Australia,Rest of SA,0.0,0.0,1027.0,0.0,0.0,0.00038450336433015764,0.0,0.00038450336433015764
5322,Waikerie,South Australia,Rest of SA,0.0,0.0,1027.0,0.0,0.0,0.00042617603321559727,0.0,0.00042617603321559727
5330,Waikerie,South Australia,Rest of SA,4.0,0.0011052777010223818,1027.0,10.0,14.0,0.0034840689040720463,10.0,0.0023787912030496646
5331,Loxton Surrounds,South Australia,Rest of SA,0.0,0.0,1300.0,0.0,0.0,0.0007033340516500175,0.0,0.0007033340516500175
5332,Loxton Surrounds,South Australia,Rest of SA,0.0,0.0,1300.0,0.0,0.0,0.0006381739513017237,0.0,0.0006381739513017237
5333,Loxton,South Australia,Rest of SA,9.0,0.001544004117344313,1208.0,0.0,54.0,0.008610166609287262,45.0,0.007066162491942949
5340,Renmark Surrounds,South Australia,Rest of SA,4.0,0.0027434842249657062,1459.0,0.0,39.0,0.025041384622454643,35.0,0.022297900397488937
5341,Outback,South Australia,Rest of SA,9.0,0.0012062726176115801,1214.0,0.0,22.0,0.0027468993794173002,13.0,0.00154062676180572
5342,Barmera,South Australia,Rest of SA,0.0,0.0,1245.0,0.0,15.0,0.011389940977096558,15.0,0.011389940977096558
5343,Barmera,South Australia,Rest of SA,8.0,0.001692047377326565,1245.0,1.0,55.0,0.01081376988440752,47.0,0.009121722507080956
5344,Barmera,South Australia,Rest of SA,0.0,0.0,1245.0,0.0,12.0,0.011499729007482529,12.0,0.011499729007482529
5345,Barmera,South Australia,Rest of SA,7.0,0.0020313406848520023,1245.0,0.0,103.0,0.027717536315321922,96.0,0.02568619563046992
5346,Barmera,South Australia,Rest of SA,0.0,0.0,1245.0,0.0,1.0,0.0035789927933365107,1.0,0.0035789927933365107
5350,Lyndoch,South Australia,Rest of SA,4.0,0.006420545746388443,1827.0,0.0,9.0,0.013873728923499584,5.0,0.007453183177111141
5351,Lyndoch,South Australia,Rest of SA,31.0,0.005159786950732357,1827.0,0.0,165.0,0.025464391335844994,134.0,0.020304604385112637
5352,Light,South Australia,Rest of SA,32.0,0.005999250093738283,1544.0,0.0,145.0,0.02518349513411522,113.0,0.019184245040376937
5353,Mannum,South Australia,Rest of SA,14.0,0.0033444816053511705,901.0,0.0,90.0,0.019977666437625885,76.0,0.016633184832274713
5354,Mannum,South Australia,Rest of SA,3.0,0.0057361376673040155,901.0,0.0,3.0,0.0057361376673040155,0.0,0.0
5355,Nuriootpa,South Australia,Rest of SA,56.0,0.006575085123869907,1326.0,17.0,242.0,0.02632194384932518,186.0,0.01974685872545527
5356,Waikerie,South Australia,Rest of SA,0.0,0.0,1027.0,0.0,0.0,0.00042617603321559727,0.0,0.00042617603321559727
5357,Waikerie,South Australia,Rest of SA,0.0,0.0,1027.0,0.0,0.0,0.0003922229807358235,0.0,0.0003922229807358235
5360,Light,South Australia,Rest of SA,10.0,0.008347245409015025,1544.0,0.0,33.0,0.025918733328580856,23.0,0.01757148791956583
5371,Light,South Australia,Rest of SA,9.0,0.004851752021563342,1544.0,0.0,12.0,0.006145074963569641,3.0,0.0012933229420062989
5372,Light,South Australia,Rest of SA,13.0,0.005501481168006771,1544.0,0.0,59.0,0.023185016587376595,46.0,0.017683535419369824
5373,Light,South Australia,Rest of SA,11.0,0.0031663788140472078,1544.0,0.0,25.0,0.00663593178614974,14.0,0.0034695529721025325
5374,Goyder,South Australia,Rest of SA,0.0,0.0,917.0,0.0,1.0,0.0005508412141352892,1.0,0.0005508412141352892
5381,Goyder,South Australia,Rest of SA,0.0,0.0,917.0,0.0,0.0,0.0004890565178357065,0.0,0.0004890565178357065
5400,Light,South Australia,Rest of SA,5.0,0.00496031746031746,1544.0,0.0,6.0,0.005699796136468649,1.0,0.0007394786761511889
5401,Wakefield - Barunga West,South Australia,Rest of SA,0.0,0.0,1092.0,0.0,1.0,0.0006541680777445436,1.0,0.0006541680777445436
5410,Gilbert Valley,South Australia,Rest of SA,0.0,0.0,1257.0,0.0,1.0,0.002375443000346422,1.0,0.002375443000346422
5411,Gilbert Valley,South Australia,Rest of SA,0.0,0.0,1257.0,0.0,1.0,0.0022770550567656755,1.0,0.0022770550567656755
5412,Gilbert Valley,South Australia,Rest of SA,0.0,0.0,1257.0,0.0,4.0,0.003204005304723978,4.0,0.003204005304723978
5413,Gilbert Valley,South Australia,Rest of SA,3.0,0.0028625954198473282,1257.0,0.0,3.0,0.0028625954198473282,0.0,0.0
5414,Gilbert Valley,South Australia,Rest of SA,0.0,0.0,1257.0,0.0,0.0,0.0006555162253789604,0.0,0.0006555162253789604
5415,Gilbert Valley,South Australia,Rest of SA,0.0,0.0,1257.0,0.0,1.0,0.0023646221961826086,1.0,0.0023646221961826086
5416,Goyder,South Australia,Rest of SA,0.0,0.0,917.0,0.0,0.0,0.0006573215941898525,0.0,0.0006573215941898525
5417,Outback,South Australia,Rest of SA,3.0,0.0018170805572380376,1214.0,0.0,3.0,0.0018170805572380376,0.0,0.0
5418,Goyder,South Australia,Rest of SA,0.0,0.0,917.0,0.0,0.0,0.00047106752754189074,0.0,0.00047106752754189074
5419,Goyder,South Australia,Rest of SA,0.0,0.0,917.0,0.0,0.0,0.0006573215941898525,0.0,0.0006573215941898525
5420,Goyder,South Australia,Rest of SA,0.0,0.0,917.0,0.0,0.0,0.002310930285602808,0.0,0.002310930285602808
5421,Goyder,South Australia,Rest of SA,0.0,0.0,917.0,0.0,0.0,0.00047106752754189074,0.0,0.00047106752754189074
5422,Peterborough - Mount Remarkable,South Australia,Rest of SA,0.0,0.0,931.0,6.0,1.0,0.0005151720833964646,1.0,0.0005151720833964646
5431,Peterborough - Mount Remarkable,South Australia,Rest of SA,3.0,0.003080082135523614,931.0,0.0,3.0,0.003080082135523614,0.0,0.0
5432,Outback,South Australia,Rest of SA,3.0,0.013824884792626729,1214.0,0.0,3.0,0.013824884792626729,0.0,0.0
5433,Quorn - Lake Gilles,South Australia,Rest of SA,0.0,0.0,1047.0,0.0,1.0,0.0007803422631695867,1.0,0.0007803422631695867
5434,Outback,South Australia,Rest of SA,3.0,0.0069124423963133645,1214.0,2.0,3.0,0.0069124423963133645,0.0,0.0
5440,Outback,South Australia,Rest of SA,0.0,0.0,1214.0,0.0,0.0,0.00034245828283019364,0.0,0.00034245828283019364
5451,Gilbert Valley,South Australia,Rest of SA,4.0,0.004914004914004914,1257.0,0.0,7.0,0.008072670549154282,3.0,0.0031586656351493677
5452,Gilbert Valley,South Australia,Rest of SA,0.0,0.0,1257.0,0.0,1.0,0.0023155277594923973,1.0,0.0023155277594923973
5453,Gilbert Valley,South Australia,Rest of SA,8.0,0.0015384615384615385,1257.0,0.0,99.0,0.017589634284377098,91.0,0.01605117274591556
5454,Jamestown,South Australia,Rest of SA,0.0,0.0,1145.0,0.0,0.0,0.0005517033278010786,0.0,0.0005517033278010786
5455,Gilbert Valley,South Australia,Rest of SA,0.0,0.0,1257.0,0.0,0.0,0.0022793766111135483,0.0,0.0022793766111135483
5460,Wakefield - Barunga West,South Australia,Rest of SA,3.0,0.0038071065989847717,1092.0,0.0,3.0,0.0038071065989847717,0.0,0.0
5461,Wakefield - Barunga West,South Australia,Rest of SA,4.0,0.0015600624024961,1092.0,0.0,8.0,0.003072448307648301,4.0,0.0015123859051522012
5462,Wakefield - Barunga West,South Australia,Rest of SA,0.0,0.0,1092.0,0.0,0.0,0.0006232591695152223,0.0,0.0006232591695152223
5464,Wakefield - Barunga West,South Australia,Rest of SA,0.0,0.0,1092.0,0.0,0.0,0.000556916871573776,0.0,0.000556916871573776
5470,Jamestown,South Australia,Rest of SA,0.0,0.0,1145.0,0.0,0.0,0.00042648406815715134,0.0,0.00042648406815715134
5471,Jamestown,South Australia,Rest of SA,0.0,0.0,1145.0,0.0,0.0,0.00042648406815715134,0.0,0.00042648406815715134
5472,Jamestown,South Australia,Rest of SA,0.0,0.0,1145.0,0.0,0.0,0.0004849339311476797,0.0,0.0004849339311476797
5473,Jamestown,South Australia,Rest of SA,0.0,0.0,1145.0,0.0,1.0,0.0006434781826101243,1.0,0.0006434781826101243
5480,Jamestown,South Australia,Rest of SA,0.0,0.0,1145.0,0.0,1.0,0.0006694690673612058,1.0,0.0006694690673612058
5481,Peterborough - Mount Remarkable,South Australia,Rest of SA,3.0,0.004739336492890996,931.0,0.0,3.0,0.004739336492890996,0.0,0.0
5482,Peterborough - Mount Remarkable,South Australia,Rest of SA,3.0,0.004966887417218543,931.0,0.0,3.0,0.004966887417218543,0.0,0.0
5483,Peterborough - Mount Remarkable,South Australia,Rest of SA,0.0,0.0,931.0,0.0,0.0,0.0004473764856811613,0.0,0.0004473764856811613
5485,Peterborough - Mount Remarkable,South Australia,Rest of SA,0.0,0.0,931.0,2.0,0.0,0.0004878327017650008,0.0,0.0004878327017650008
5490,Jamestown,South Australia,Rest of SA,0.0,0.0,1145.0,0.0,0.0,0.00043605073005892336,0.0,0.00043605073005892336
5491,Jamestown,South Australia,Rest of SA,4.0,0.0019521717911176184,1145.0,0.0,7.0,0.0029449176508933306,3.0,0.0009927458597757122
5493,Peterborough - Mount Remarkable,South Australia,Rest of SA,0.0,0.0,931.0,0.0,0.0,0.0003501650062389672,0.0,0.0003501650062389672
5495,Peterborough - Mount Remarkable,South Australia,Rest of SA,0.0,0.0,931.0,0.0,0.0,0.0004740664444398135,0.0,0.0004740664444398135
5501,Mallala,South Australia,Rest of SA,37.0,0.003971235376194054,1369.0,0.0,244.0,0.024355901405215263,207.0,0.020384666029021208
5502,Mallala,South Australia,Rest of SA,8.0,0.004656577415599534,1369.0,0.0,47.0,0.025239907205104828,39.0,0.020583329789505292
5510,Wakefield - Barunga West,South Australia,Rest of SA,3.0,0.02142857142857143,1092.0,0.0,3.0,0.02142857142857143,0.0,0.0
5520,Wakefield - Barunga West,South Australia,Rest of SA,0.0,0.0,1092.0,0.0,0.0,0.0006232591695152223,0.0,0.0006232591695152223
5521,Port Pirie Surrounds,South Australia,Rest of SA,0.0,0.0,1145.0,0.0,0.0,0.0022484813816845417,0.0,0.0022484813816845417
5522,Wakefield - Barunga West,South Australia,Rest of SA,0.0,0.0,1092.0,0.0,1.0,0.0006209806306287646,1.0,0.0006209806306287646
5523,Port Pirie Surrounds,South Australia,Rest of SA,7.0,0.003453379378391712,1145.0,0.0,11.0,0.005032048560678959,4.0,0.001578669182287247
5540,Port Pirie,South Australia,Rest of SA,20.0,0.0015729453401494297,1044.0,1.0,372.0,0.027149012312293053,352.0,0.025576066972143624
5550,Wakefield - Barunga West,South Australia,Rest of SA,5.0,0.005202913631633715,1092.0,0.0,5.0,0.005202913631633715,0.0,0.0
5552,Kadina,South Australia,Rest of SA,3.0,0.007731958762886598,1155.0,0.0,3.0,0.007731958762886598,0.0,0.0
5554,Kadina,South Australia,Rest of SA,4.0,0.000735564545788893,1155.0,0.0,81.0,0.013751519843935966,77.0,0.013015955298147074
5555,Wakefield - Barunga West,South Australia,Rest of SA,0.0,0.0,1092.0,0.0,0.0,0.000556916871573776,0.0,0.000556916871573776
5556,Wallaroo,South Australia,Rest of SA,5.0,0.0011693171188026192,916.0,0.0,98.0,0.021352212876081467,93.0,0.020182895757278847
5558,Yorke Peninsula - North,South Australia,Rest of SA,6.0,0.0011137924633376648,1003.0,0.0,31.0,0.005290038883686066,25.0,0.004176246420348401
5560,Wakefield - Barunga West,South Australia,Rest of SA,0.0,0.0,1092.0,0.0,0.0,0.0006232591695152223,0.0,0.0006232591695152223
5570,Yorke Peninsula - North,South Australia,Rest of SA,3.0,0.004392386530014641,1003.0,0.0,3.0,0.004392386530014641,0.0,0.0
5571,Yorke Peninsula - North,South Australia,Rest of SA,3.0,0.0014771048744460858,1003.0,1.0,5.0,0.002369220368564129,2.0,0.0008921154941180431
5572,Yorke Peninsula - North,South Australia,Rest of SA,0.0,0.0,1003.0,0.0,0.0,0.0010557036148384213,0.0,0.0010557036148384213
5573,Yorke Peninsula - North,South Australia,Rest of SA,7.0,0.002785515320334262,1003.0,0.0,26.0,0.009678194299340248,19.0,0.006892678979005987
5575,Yorke Peninsula - South,South Australia,Rest of SA,3.0,0.001098901098901099,891.0,3.0,3.0,0.0011196944396942854,0.0,2.0793340793186493e-05
5576,Yorke Peninsula - South,South Australia,Rest of SA,0.0,0.0,891.0,1.0,1.0,0.0010853230487555265,1.0,0.0010853230487555265
5577,Yorke Peninsula - South,South Australia,Rest of SA,0.0,0.0,891.0,0.0,1.0,0.001577788032591343,1.0,0.001577788032591343
5580,Yorke Peninsula - North,South Australia,Rest of SA,0.0,0.0,1003.0,0.0,1.0,0.0015837505925446749,1.0,0.0015837505925446749
5581,Yorke Peninsula - North,South Australia,Rest of SA,0.0,0.0,1003.0,1.0,1.0,0.0015816452214494348,1.0,0.0015816452214494348
5582,Yorke Peninsula - South,South Australia,Rest of SA,0.0,0.0,891.0,0.0,1.0,0.0015928065404295921,1.0,0.0015928065404295921
5583,Yorke Peninsula - South,South Australia,Rest of SA,0.0,0.0,891.0,0.0,1.0,0.0012264904798939824,1.0,0.0012264904798939824
5600,Whyalla,South Australia,Rest of SA,11.0,0.0017687731146486573,1188.0,1.0,40.0,0.005973498802632093,29.0,0.004204725687983436
5601,Kimba - Cleve - Franklin Harbour,South Australia,Rest of SA,0.0,0.0,1176.0,0.0,0.0,0.0031831609085202217,0.0,0.0031831609085202217
5602,Kimba - Cleve - Franklin Harbour,South Australia,Rest of SA,3.0,0.0020463847203274215,1176.0,2.0,3.0,0.0020463847203274215,0.0,0.0
5603,Kimba - Cleve - Franklin Harbour,South Australia,Rest of SA,0.0,0.0,1176.0,0.0,0.0,0.00047945298138074577,0.0,0.00047945298138074577
5604,Eyre Peninsula,South Australia,Rest of SA,0.0,0.0,1308.0,0.0,0.0,0.00035457086050882936,0.0,0.00035457086050882936
5605,Eyre Peninsula,South Australia,Rest of SA,0.0,0.0,1308.0,0.0,1.0,0.0004258182889316231,1.0,0.0004258182889316231
5606,Eyre Peninsula,South Australia,Rest of SA,21.0,0.001615881809787627,1308.0,0.0,73.0,0.00520704872906208,52.0,0.0035911669192744532
5607,Eyre Peninsula,South Australia,Rest of SA,4.0,0.0007974481658692185,1308.0,0.0,12.0,0.0021986078936606646,8.0,0.001401159727791446
5608,Whyalla,South Australia,Rest of SA,12.0,0.0013049151805132667,1188.0,2.0,63.0,0.006319660693407059,51.0,0.005014745512893792
5609,Whyalla,South Australia,Rest of SA,7.0,0.0044728434504792336,1188.0,0.0,8.0,0.0049381498247385025,1.0,0.00046530637425926894
5611,Quorn - Lake Gilles,South Australia,Rest of SA,3.0,0.017241379310344827,1047.0,0.0,3.0,0.017241379310344827,0.0,0.0
5630,Eyre Peninsula,South Australia,Rest of SA,0.0,0.0,1308.0,0.0,0.0,0.0002532431099098176,0.0,0.0002532431099098176
5631,Eyre Peninsula,South Australia,Rest of SA,0.0,0.0,1308.0,0.0,0.0,0.0004145674465689808,0.0,0.0004145674465689808
5632,Eyre Peninsula,South Australia,Rest of SA,0.0,0.0,1308.0,0.0,0.0,0.0003758030943572521,0.0,0.0003758030943572521
5633,Le Hunte - Elliston,South Australia,Rest of SA,0.0,0.0,1235.0,0.0,0.0,0.0003401012800168246,0.0,0.0003401012800168246
5640,Kimba - Cleve - Franklin Harbour,South Australia,Rest of SA,0.0,0.0,1176.0,0.0,1.0,0.00043769736657850444,1.0,0.00043769736657850444
5641,Kimba - Cleve - Franklin Harbour,South Australia,Rest of SA,0.0,0.0,1176.0,4.0,1.0,0.0004614490026142448,1.0,0.0004614490026142448
5642,Kimba - Cleve - Franklin Harbour,South Australia,Rest of SA,0.0,0.0,1176.0,0.0,0.0,0.0010639878455549479,0.0,0.0010639878455549479
5650,Le Hunte - Elliston,South Australia,Rest of SA,0.0,0.0,1235.0,0.0,0.0,0.00028522167121991515,0.0,0.00028522167121991515
5651,Le Hunte - Elliston,South Australia,Rest of SA,0.0,0.0,1235.0,0.0,0.0,0.0002944093430414796,0.0,0.0002944093430414796
5652,Le Hunte - Elliston,South Australia,Rest of SA,0.0,0.0,1235.0,1.0,0.0,0.0004047677794005722,0.0,0.0004047677794005722
5653,Le Hunte - Elliston,South Australia,Rest of SA,0.0,0.0,1235.0,0.0,0.0,0.00036787588032893836,0.0,0.00036787588032893836
5654,Le Hunte - Elliston,South Australia,Rest of SA,0.0,0.0,1235.0,0.0,0.0,0.0003199649800080806,0.0,0.0003199649800080806
5655,Outback,South Australia,Rest of SA,0.0,0.0,1214.0,0.0,0.0,0.000331143441144377,0.0,0.000331143441144377
5660,West Coast (SA),South Australia,Rest of SA,0.0,0.0,1148.0,0.0,0.0,0.00021928947535343468,0.0,0.00021928947535343468
5661,West Coast (SA),South Australia,Rest of SA,0.0,0.0,1148.0,0.0,0.0,0.00022987890406511724,0.0,0.00022987890406511724
5670,Le Hunte - Elliston,South Australia,Rest of SA,0.0,0.0,1235.0,0.0,0.0,0.0003622296790126711,0.0,0.0003622296790126711
5671,West Coast (SA),South Australia,Rest of SA,0.0,0.0,1148.0,0.0,0.0,0.0002889673050958663,0.0,0.0002889673050958663
5680,West Coast (SA),South Australia,Rest of SA,0.0,0.0,1148.0,0.0,1.0,0.00027398462407290936,1.0,0.00027398462407290936
5690,Western,South Australia,Rest of SA,3.0,0.0008726003490401396,1312.0,0.0,3.0,0.0008726003490401396,0.0,0.0
5700,Quorn - Lake Gilles,South Australia,Rest of SA,21.0,0.002269779507133593,1047.0,6.0,209.0,0.02095756307244301,188.0,0.018687783565309417
5701,Quorn - Lake Gilles,South Australia,Rest of SA,0.0,0.0,1047.0,0.0,0.0,0.0012424038723111153,0.0,0.0012424038723111153
5710,Port Augusta,South Australia,Rest of SA,4.0,0.001999000499750125,1277.0,0.0,10.0,0.004416787531226873,6.0,0.0024177870314767485
5713,Outback,South Australia,Rest of SA,0.0,0.0,1214.0,0.0,0.0,0.00034086016239598393,0.0,0.00034086016239598393
5715,Quorn - Lake Gilles,South Australia,Rest of SA,0.0,0.0,1047.0,0.0,0.0,0.0007596759242005646,0.0,0.0007596759242005646
5717,Outback,South Australia,Rest of SA,0.0,0.0,1214.0,0.0,0.0,0.00033241070923395455,0.0,0.00033241070923395455
5719,Outback,South Australia,Rest of SA,0.0,0.0,1214.0,1.0,0.0,0.0003864862082991749,0.0,0.0003864862082991749
5720,Outback,South Australia,Rest of SA,3.0,0.016304347826086956,1214.0,2.0,3.0,0.016304347826086956,0.0,0.0
5722,Outback,South Australia,Rest of SA,0.0,0.0,1214.0,0.0,0.0,0.0003552260168362409,0.0,0.0003552260168362409
5723,Outback,South Australia,Rest of SA,0.0,0.0,1214.0,0.0,1.0,0.00036229065153747797,1.0,0.00036229065153747797
5724,Outback,South Australia,Rest of SA,0.0,0.0,1214.0,6.0,0.0,0.00037519028410315514,0.0,0.00037519028410315514
5725,Roxby Downs,South Australia,Rest of SA,0.0,0.0,3140.0,2.0,53.0,0.012630944140255451,53.0,0.012630944140255451
5730,Outback,South Australia,Rest of SA,0.0,0.0,1214.0,0.0,0.0,0.000331143441144377,0.0,0.000331143441144377
5731,Outback,South Australia,Rest of SA,0.0,0.0,1214.0,1.0,0.0,0.00039056382956914604,0.0,0.00039056382956914604
5732,Outback,South Australia,Rest of SA,0.0,0.0,1214.0,0.0,0.0,0.0003186302783433348,0.0,0.0003186302783433348
5733,Outback,South Australia,Rest of SA,0.0,0.0,1214.0,0.0,0.0,0.00032195576932281256,0.0,0.00032195576932281256
5734,Outback,South Australia,Rest of SA,0.0,0.0,1214.0,0.0,0.0,0.0003537540906108916,0.0,0.0003537540906108916
5950,Adelaide Airport,South Australia,Greater Adelaide,228.0,0.04914852338866135,1300.0,4.0,246.0,0.04914852338866135,18.0,0.0
6000,Perth (West) - Northbridge,Western Australia,Greater Perth,339.0,0.01401347608614774,1966.0,25.0,788.0,0.030251910910010338,449.0,0.0162384348238626
6003,Perth (North) - Highgate,Western Australia,Greater Perth,63.0,0.017592851158894165,1893.0,8.0,117.0,0.030278945341706276,54.0,0.012686094182812111
6004,East Perth,Western Australia,Greater Perth,204.0,0.015973690392295042,2009.0,4.0,426.0,0.030929412692785263,222.0,0.01495572230049022
6005,Kings Park (WA),Western Australia,Greater Perth,232.0,0.023966942148760332,4799.0,8.0,296.0,0.0284157432615757,64.0,0.004448801112815367
6006,North Perth,Western Australia,Greater Perth,149.0,0.02229537632799641,2328.0,2.0,215.0,0.029821055009961128,66.0,0.007525678681964718
6007,Wembley - West Leederville - Glendalough,Western Australia,Greater Perth,194.0,0.02646657571623465,2012.0,2.0,227.0,0.028794553130865097,33.0,0.0023279774146304465
6008,Subiaco - Shenton Park,Western Australia,Greater Perth,404.0,0.028898426323319026,2143.0,8.0,454.0,0.030155017971992493,50.0,0.001256591648673467
6009,Nedlands - Dalkeith - Crawley,Western Australia,Greater Perth,552.0,0.040651005228661906,2610.0,1.0,595.0,0.040651005228661906,43.0,0.0
6010,Claremont (WA),Western Australia,Greater Perth,457.0,0.03182672888084129,2068.0,5.0,492.0,0.03182672888084129,35.0,0.0
6011,Cottesloe,Western Australia,Greater Perth,266.0,0.03265807243707796,3351.0,0.0,287.0,0.03265807243707796,21.0,0.0
6012,Mosman Park - Peppermint Grove,Western Australia,Greater Perth,188.0,0.02665910380034033,2303.0,0.0,221.0,0.029050715267658234,33.0,0.002391611467317905
6014,Wembley - West Leederville - Glendalough,Western Australia,Greater Perth,460.0,0.02743320610687023,2012.0,3.0,532.0,0.029472999274730682,72.0,0.0020397931678604528
6015,City Beach,Western Australia,Greater Perth,205.0,0.03498293515358362,3700.0,2.0,221.0,0.03498293515358362,16.0,0.0
6016,Mount Hawthorn - Leederville,Western Australia,Greater Perth,192.0,0.025644450380659812,2632.0,0.0,241.0,0.029836226254701614,49.0,0.0041917758740418025
6017,Osborne Park Industrial,Western Australia,Greater Perth,424.0,0.024239652412531443,1666.0,15.0,544.0,0.028874171897768974,120.0,0.004634519485237531
6018,Innaloo - Doubleview,Western Australia,Greater Perth,716.0,0.02244514106583072,2050.0,13.0,998.0,0.029033364728093147,282.0,0.006588223662262426
6019,Scarborough,Western Australia,Greater Perth,350.0,0.018721583311045734,2108.0,1.0,626.0,0.031065311282873154,276.0,0.01234372797182742
6020,Karrinyup - Gwelup - Carine,Western Australia,Greater Perth,395.0,0.02161067950541635,2490.0,0.0,598.0,0.030345823615789413,203.0,0.008735144110373065
6021,Stirling - Osborne Park,Western Australia,Greater Perth,319.0,0.0155336969224776,1857.0,1.0,680.0,0.03072240762412548,361.0,0.01518871070164788
6022,Balcatta - Hamersley,Western Australia,Greater Perth,44.0,0.010476190476190476,1625.0,0.0,140.0,0.03099406324326992,96.0,0.020517872767079445
6023,Duncraig,Western Australia,Greater Perth,195.0,0.01573215006050827,2394.0,0.0,432.0,0.032325033098459244,237.0,0.016592883037950975
6024,Greenwood - Warwick,Western Australia,Greater Perth,113.0,0.010285818314218096,1897.0,2.0,375.0,0.03171713650226593,262.0,0.021431318188047832
6025,Padbury,Western Australia,Greater Perth,332.0,0.012806171648987464,2065.0,0.0,860.0,0.03079204447567463,528.0,0.017985872826687163
6026,Woodvale,Western Australia,Greater Perth,225.0,0.012363996043521267,2339.0,0.0,626.0,0.031939949840307236,401.0,0.01957595379678597
6027,Heathridge - Connolly,Western Australia,Greater Perth,405.0,0.011332475236443002,1930.0,6.0,1127.0,0.029282040894031525,722.0,0.017949565657588522
6028,Iluka - Burns Beach,Western Australia,Greater Perth,267.0,0.014046717171717172,3272.0,0.0,638.0,0.03115590661764145,371.0,0.017109189445924277
6029,Trigg - North Beach - Watermans Bay,Western Australia,Greater Perth,53.0,0.021774856203779787,2304.0,0.0,75.0,0.028465311974287033,22.0,0.006690455770507246
6030,Clarkson,Western Australia,Greater Perth,271.0,0.008617126140735794,1761.0,0.0,1012.0,0.029882652685046196,741.0,0.021265526544310402
6031,Carramar,Western Australia,Greater Perth,111.0,0.00761160255091545,2116.0,5.0,482.0,0.030702529475092888,371.0,0.023090926924177437
6032,Carabooda - Pinjar,Western Australia,Greater Perth,3.0,0.011235955056179775,2120.0,0.0,7.0,0.02280389703810215,4.0,0.011567941981922375
6033,Carabooda - Pinjar,Western Australia,Greater Perth,3.0,0.004878048780487805,2120.0,0.0,3.0,0.004878048780487805,0.0,0.0
6034,Alkimos - Eglinton,Western Australia,Greater Perth,33.0,0.008048780487804878,2031.0,10.0,171.0,0.038615841418504715,138.0,0.030567060930699837
6035,Carabooda - Pinjar,Western Australia,Greater Perth,70.0,0.0077356613990496184,2120.0,11.0,274.0,0.028145955875515938,204.0,0.02041029447646632
6036,Butler - Merriwa - Ridgewood,Western Australia,Greater Perth,125.0,0.009757239871985013,1542.0,3.0,458.0,0.03316793590784073,333.0,0.023410696035855716
6037,Two Rocks,Western Australia,Greater Perth,29.0,0.007733333333333333,1526.0,0.0,117.0,0.028957882896065712,88.0,0.021224549562732377
6038,Alkimos - Eglinton,Western Australia,Greater Perth,110.0,0.012619020305150854,2031.0,0.0,280.0,0.02979956567287445,170.0,0.017180545367723597
6041,Gingin - Dandaragan,Western Australia,Rest of WA,7.0,0.0037056643726839597,1321.0,1.0,24.0,0.011549154296517372,17.0,0.007843489923833413
6042,Gingin - Dandaragan,Western Australia,Rest of WA,0.0,0.0,1321.0,0.0,0.0,0.0010619977256283164,0.0,0.0010619977256283164
6043,Gingin - Dandaragan,Western Australia,Rest of WA,0.0,0.0,1321.0,0.0,1.0,0.0020601563155651093,1.0,0.0020601563155651093
6044,Gingin - Dandaragan,Western Australia,Rest of WA,6.0,0.0037854889589905363,1321.0,7.0,24.0,0.013976885005831718,18.0,0.010191396046841182
6050,Mount Lawley - Inglewood,Western Australia,Greater Perth,315.0,0.027178602243313203,2079.0,2.0,377.0,0.030227402225136757,62.0,0.0030487999818235544
6051,Maylands,Western Australia,Greater Perth,173.0,0.014988736787385201,1623.0,0.0,375.0,0.03012416884303093,202.0,0.015135432055645728
6052,Mount Lawley - Inglewood,Western Australia,Greater Perth,178.0,0.019986525937570176,2079.0,0.0,305.0,0.03177955746650696,127.0,0.011793031528936782
6053,Bayswater - Embleton - Bedford,Western Australia,Greater Perth,234.0,0.01657928298143687,2011.0,0.0,467.0,0.030733834952116013,233.0,0.014154551970679143
6054,Bassendean - Eden Hill - Ashfield,Western Australia,Greater Perth,199.0,0.009974937343358395,1738.0,0.0,661.0,0.030757896602153778,462.0,0.020782959258795385
6055,Lockridge - Kiara,Western Australia,Greater Perth,376.0,0.012223269724651344,1812.0,2.0,1009.0,0.03045228123664856,633.0,0.018229011511997215
6056,Middle Swan - Herne Hill,Western Australia,Greater Perth,299.0,0.007728694393465505,1502.0,3.0,1206.0,0.02894415892660618,907.0,0.021215464533140674
6057,High Wycombe,Western Australia,Greater Perth,94.0,0.006399782135076253,1758.0,0.0,509.0,0.03218453377485275,415.0,0.0257847516397765
6058,Forrestfield - Wattle Grove,Western Australia,Greater Perth,74.0,0.00609705858119799,1839.0,2.0,397.0,0.030350463464856148,323.0,0.02425340488365816
6059,Dianella - North,Western Australia,Greater Perth,265.0,0.013671068922822946,1881.0,0.0,652.0,0.0312117300927639,387.0,0.017540661169940956
6060,Yokine - Coolbinia - Menora,Western Australia,Greater Perth,237.0,0.012447478991596638,1746.0,0.0,625.0,0.030452881008386612,388.0,0.018005402016789976
6061,Balga - Mirrabooka,Western Australia,Greater Perth,243.0,0.008076846373728644,1293.0,0.0,961.0,0.02966010384261608,718.0,0.021583257468887437
6062,Morley,Western Australia,Greater Perth,277.0,0.009721686028147264,1583.0,2.0,905.0,0.029468467459082603,628.0,0.01974678143093534
6063,Beechboro,Western Australia,Greater Perth,103.0,0.008455097685109178,1791.0,0.0,392.0,0.029851039871573448,289.0,0.02139594218646427
6064,Marangaroo,Western Australia,Greater Perth,119.0,0.00502916067957062,1533.0,0.0,776.0,0.030446145683526993,657.0,0.025416985003956373
6065,Hocking - Pearsall,Western Australia,Greater Perth,784.0,0.012295724726326025,2096.0,6.0,1871.0,0.027240438386797905,1087.0,0.01494471366047188
6066,Ballajura,Western Australia,Greater Perth,94.0,0.006460925149494811,1725.0,0.0,489.0,0.03117946721613407,395.0,0.02471854206663926
6067,Ballajura,Western Australia,Greater Perth,0.0,0.0,1725.0,0.0,0.0,0.004314505495131016,0.0,0.004314505495131016
6068,Beechboro,Western Australia,Greater Perth,0.0,0.0,1791.0,0.0,0.0,0.005236328579485416,0.0,0.005236328579485416
6069,The Vines,Western Australia,Greater Perth,387.0,0.010536059459312297,2218.0,6.0,1126.0,0.0284627303481102,739.0,0.017926670888797902
6070,Glen Forrest - Darlington,Western Australia,Greater Perth,93.0,0.02784431137724551,2286.0,0.0,104.0,0.028775466606020927,11.0,0.0009311552287754182
6071,Glen Forrest - Darlington,Western Australia,Greater Perth,54.0,0.015859030837004406,2286.0,0.0,110.0,0.030093280598521233,56.0,0.014234249761516826
6072,Mundaring,Western Australia,Greater Perth,7.0,0.008120649651972157,2013.0,0.0,20.0,0.021379701793193817,13.0,0.01325905214122166
6073,Mundaring,Western Australia,Greater Perth,35.0,0.011072445428661816,2013.0,4.0,117.0,0.03427917882800102,82.0,0.023206733399339208
6074,Malmalling - Reservoir,Western Australia,Greater Perth,8.0,0.007751937984496124,1374.0,0.0,28.0,0.025386912748217583,20.0,0.01763497476372146
6076,Malmalling - Reservoir,Western Australia,Greater Perth,279.0,0.013509587449157466,1374.0,0.0,627.0,0.028173290193080902,348.0,0.014663702743923436
6077,Tapping - Ashby - Sinagra,Western Australia,Greater Perth,33.0,0.013704318936877076,2128.0,0.0,74.0,0.02845907025039196,41.0,0.014754751313514884
6078,Carabooda - Pinjar,Western Australia,Greater Perth,8.0,0.008105369807497468,2120.0,0.0,28.0,0.026729563251137733,20.0,0.018624193443640268
6079,Melaleuca - Lexia,Western Australia,Greater Perth,0.0,0.0,2250.0,0.0,0.0,0.005830693524330854,0.0,0.005830693524330854
6081,Mundaring,Western Australia,Greater Perth,57.0,0.01148961902842169,2013.0,0.0,153.0,0.028666868805885315,96.0,0.017177249777463627
6082,Gidgegannup,Western Australia,Greater Perth,22.0,0.006592747977225052,2449.0,0.0,103.0,0.02870684117078781,81.0,0.022114093193562757
6083,Gidgegannup,Western Australia,Greater Perth,44.0,0.01027077497665733,2449.0,0.0,134.0,0.029076337814331055,90.0,0.018805562837673727
6084,Chittering,Western Australia,Rest of WA,55.0,0.005397448478900883,2044.0,1.0,274.0,0.024916013702750206,219.0,0.019518565223849323
6090,Malaga,Western Australia,Greater Perth,96.0,0.01470362995864604,1749.0,0.0,218.0,0.030947783961892128,122.0,0.016244154003246088
6100,Victoria Park - Lathlain - Burswood,Western Australia,Greater Perth,299.0,0.01914702868852459,1896.0,2.0,513.0,0.030464665964245796,214.0,0.011317637275721205
6101,East Victoria Park - Carlisle,Western Australia,Greater Perth,227.0,0.01712432106216053,1974.0,0.0,440.0,0.030811164528131485,213.0,0.013686843465970953
6102,Bentley - Wilson - St James,Western Australia,Greater Perth,168.0,0.012987012987012988,1482.0,3.0,433.0,0.031074026599526405,265.0,0.018087013612513417
6103,Rivervale,Western Australia,Greater Perth,108.0,0.012347090431004916,1723.0,0.0,287.0,0.030472703278064728,179.0,0.01812561284705981
6104,Belmont - Ascot - Redcliffe,Western Australia,Greater Perth,180.0,0.010625737898465172,1666.0,2.0,566.0,0.031034132465720177,386.0,0.020408394567255003
6105,Perth Airport,Western Australia,Greater Perth,306.0,0.009656347628514627,1480.0,4.0,1047.0,0.03067801147699356,741.0,0.021021663848478936
6106,Welshpool,Western Australia,Greater Perth,55.0,0.004999545495864012,575.0,1.0,285.0,0.02407699078321457,230.0,0.01907744528735056
6107,Beckenham - Kenwick - Langford,Western Australia,Greater Perth,397.0,0.009569032009255688,1494.0,11.0,1279.0,0.028611494228243828,882.0,0.01904246221898814
6108,Thornlie,Western Australia,Greater Perth,104.0,0.005713030103274006,1571.0,4.0,679.0,0.03461344167590141,575.0,0.028900411572627408
6109,Maddington - Orange Grove - Martin,Western Australia,Greater Perth,86.0,0.005778016662187584,1407.0,0.0,494.0,0.030812883749604225,408.0,0.025034867087416642
6110,Gosnells,Western Australia,Greater Perth,296.0,0.008370803993099743,1254.0,2.0,1082.0,0.02839660830795765,786.0,0.020025804314857905
6111,Ashendon - Lesley,Western Australia,Greater Perth,172.0,0.008185019510802322,1480.0,2.0,636.0,0.028112264350056648,464.0,0.019927244839254326
6112,Armadale - Wungong - Brookdale,Western Australia,Greater Perth,683.0,0.011887771086434365,1306.0,18.0,1668.0,0.026950638741254807,985.0,0.015062867654820442
6121,Mundijong,Western Australia,Greater Perth,21.0,0.005826859045504994,2218.0,0.0,122.0,0.03149372711777687,101.0,0.02566686807227188
6122,Mundijong,Western Australia,Greater Perth,112.0,0.005763985384179919,2218.0,6.0,691.0,0.033025261014699936,579.0,0.027261275630520016
6123,Mundijong,Western Australia,Greater Perth,11.0,0.004820333041191937,2218.0,1.0,25.0,0.010369930416345596,14.0,0.00554959737515366
6124,Serpentine - Jarrahdale,Western Australia,Greater Perth,9.0,0.007525083612040134,1956.0,1.0,34.0,0.026707425713539124,25.0,0.019182342101498988
6125,Serpentine - Jarrahdale,Western Australia,Greater Perth,23.0,0.006054224795998947,1956.0,0.0,115.0,0.02803131192922592,92.0,0.021977087133226974
6126,Serpentine - Jarrahdale,Western Australia,Greater Perth,0.0,0.0,1956.0,0.0,4.0,0.012965490110218525,4.0,0.012965490110218525
6147,Parkwood - Ferndale - Lynwood,Western Australia,Greater Perth,105.0,0.008892276422764227,1546.0,2.0,405.0,0.03184732422232628,300.0,0.02295504779956205
6148,Riverton - Shelley - Rossmoyne,Western Australia,Greater Perth,331.0,0.022863853008219935,2051.0,4.0,464.0,0.029737407341599464,133.0,0.006873554333379529
6149,Leeming,Western Australia,Greater Perth,305.0,0.021064990676151668,2330.0,0.0,497.0,0.03189300373196602,192.0,0.01082801305581435
6150,Murdoch - Kardinya,Western Australia,Greater Perth,252.0,0.02534446344161722,1824.0,2.0,319.0,0.029788903892040253,67.0,0.004444440450423033
6151,South Perth - Kensington,Western Australia,Greater Perth,313.0,0.021182999458581483,2113.0,7.0,505.0,0.03171288222074509,192.0,0.010529882762163604
6152,Manning - Waterford,Western Australia,Greater Perth,451.0,0.023695686439342195,2146.0,0.0,609.0,0.029722364619374275,158.0,0.00602667818003208
6153,Applecross - Ardross,Western Australia,Greater Perth,577.0,0.031850298079046144,2435.0,4.0,622.0,0.031850298079046144,45.0,0.0
6154,Booragoon,Western Australia,Greater Perth,212.0,0.020925871088737537,2148.0,5.0,346.0,0.03174130618572235,134.0,0.010815435096984814
6155,Canning Vale - West,Western Australia,Greater Perth,776.0,0.017350087197603184,2326.0,4.0,1435.0,0.029778409749269485,659.0,0.012428322551666302
6156,Melville,Western Australia,Greater Perth,300.0,0.019476725313250665,2292.0,3.0,531.0,0.03202751278877258,231.0,0.012550787475521918
6157,Bicton - Palmyra,Western Australia,Greater Perth,152.0,0.013790600616947922,1842.0,0.0,370.0,0.03114466741681099,218.0,0.017354066799863066
6158,East Fremantle,Western Australia,Greater Perth,152.0,0.02490986561783022,2288.0,2.0,199.0,0.03034244291484356,47.0,0.0054325772970133385
6159,Fremantle,Western Australia,Greater Perth,84.0,0.024925816023738872,1952.0,0.0,101.0,0.02789781056344509,17.0,0.0029719945397062193
6160,Fremantle,Western Australia,Greater Perth,176.0,0.019947863538478976,1952.0,5.0,293.0,0.030800560489296913,117.0,0.010852696950817937
6161,Fremantle,Western Australia,Greater Perth,0.0,0.0,1952.0,0.0,0.0,0.005661762319505215,0.0,0.005661762319505215
6162,Fremantle - South,Western Australia,Greater Perth,203.0,0.021545319465081723,1811.0,5.0,302.0,0.029708506539463997,99.0,0.008163187074382273
6163,Coolbellup,Western Australia,Greater Perth,599.0,0.01180249054224464,1578.0,13.0,1536.0,0.028090355917811394,937.0,0.016287865375566753
6164,Success - Hammond Park,Western Australia,Greater Perth,838.0,0.015114622224627094,2273.0,5.0,1718.0,0.028764622285962105,880.0,0.01365000006133501
6165,Hope Valley - Postans,Western Australia,Greater Perth,8.0,0.009029345372460496,1749.0,0.0,28.0,0.029569808393716812,20.0,0.020540463021256318
6166,Beeliar - Wattleup,Western Australia,Greater Perth,129.0,0.011955514365152919,2178.0,0.0,365.0,0.031389009207487106,236.0,0.019433494842334188
6167,Hope Valley - Postans,Western Australia,Greater Perth,176.0,0.007729468599033816,1749.0,1.0,760.0,0.030981699004769325,584.0,0.02325223040573551
6168,Rockingham,Western Australia,Greater Perth,99.0,0.0047486569455103605,1147.0,5.0,698.0,0.03106539323925972,599.0,0.02631673629374936
6169,Waikiki,Western Australia,Greater Perth,145.0,0.005213201984612066,1612.0,1.0,1005.0,0.0335293784737587,860.0,0.02831617648914663
6170,Wellard (West) - Bertram,Western Australia,Greater Perth,148.0,0.011070386715535941,2068.0,0.0,456.0,0.03167286142706871,308.0,0.02060247471153277
6171,Baldivis - North,Western Australia,Greater Perth,290.0,0.009489839327203115,1957.0,14.0,1096.0,0.033295001834630966,806.0,0.02380516250742785
6172,Port Kennedy,Western Australia,Greater Perth,64.0,0.006187759837571304,1921.0,0.0,354.0,0.03178907185792923,290.0,0.025601312020357925
6173,Singleton - Golden Bay - Secret Harbour,Western Australia,Greater Perth,84.0,0.008928571428571428,2267.0,1.0,320.0,0.03158481791615486,236.0,0.022656246487583433
6174,Singleton - Golden Bay - Secret Harbour,Western Australia,Greater Perth,46.0,0.009623430962343096,2267.0,0.0,160.0,0.031098254024982452,114.0,0.021474823062639356
6175,Singleton - Golden Bay - Secret Harbour,Western Australia,Greater Perth,31.0,0.009040536599591718,2267.0,0.0,113.0,0.030591841787099838,82.0,0.02155130518750812
6176,Karnup,Western Australia,Greater Perth,12.0,0.006427423674343867,2122.0,0.0,57.0,0.0285248551517725,45.0,0.022097431477428632
6180,Mandurah - North,Western Australia,Greater Perth,37.0,0.006295729113493279,1861.0,0.0,187.0,0.029529724270105362,150.0,0.023233995156612085
6181,Mandurah - North,Western Australia,Greater Perth,3.0,0.005136986301369863,1861.0,0.0,3.0,0.005136986301369863,0.0,0.0
6207,Murray,Western Australia,Rest of WA,13.0,0.007589025102159953,1644.0,1.0,36.0,0.01944030448794365,23.0,0.011851279385783696
6208,Pinjarra,Western Australia,Greater Perth,56.0,0.004405979543666404,1337.0,1.0,402.0,0.029375826939940453,346.0,0.024969847396274048
6209,Mandurah - East,Western Australia,Greater Perth,7.0,0.0030661410424879547,1348.0,4.0,72.0,0.029252849519252777,65.0,0.02618670847676482
6210,Mandurah - South,Western Australia,Greater Perth,419.0,0.006505403055521053,1034.0,8.0,1941.0,0.027976995334029198,1522.0,0.021471592278508145
6211,Dawesville - Bouvard,Western Australia,Greater Perth,52.0,0.006209696680200621,1436.0,0.0,263.0,0.029205776751041412,211.0,0.02299608007084079
6213,Murray,Western Australia,Rest of WA,3.0,0.0040595399188092015,1644.0,0.0,3.0,0.0040595399188092015,0.0,0.0
6214,Pinjarra,Western Australia,Greater Perth,4.0,0.004801920768307323,1337.0,0.0,6.0,0.006640177685767412,2.0,0.0018382569174600896
6215,Waroona,Western Australia,Rest of WA,10.0,0.0019402405898331393,1312.0,0.0,66.0,0.0118449367582798,56.0,0.00990469616844666
6218,Harvey,Western Australia,Rest of WA,0.0,0.0,1498.0,0.0,3.0,0.005023874808102846,3.0,0.005023874808102846
6219,Harvey,Western Australia,Rest of WA,0.0,0.0,1498.0,0.0,1.0,0.002992176916450262,1.0,0.002992176916450262
6220,Harvey,Western Australia,Rest of WA,16.0,0.0032679738562091504,1498.0,1.0,29.0,0.005466321017593145,13.0,0.002198347161383995
6221,Harvey,Western Australia,Rest of WA,0.0,0.0,1498.0,0.0,1.0,0.0028632692992687225,1.0,0.0028632692992687225
6223,Harvey,Western Australia,Rest of WA,0.0,0.0,1498.0,0.0,1.0,0.0026244278997182846,1.0,0.0026244278997182846
6224,Harvey,Western Australia,Rest of WA,3.0,0.002288329519450801,1498.0,0.0,3.0,0.002390150912106037,0.0,0.00010182139265523622
6225,Collie,Western Australia,Rest of WA,15.0,0.001628310898827616,1234.0,3.0,210.0,0.021157309412956238,195.0,0.01952899851412862
6226,Harvey,Western Australia,Rest of WA,7.0,0.0065237651444548,1498.0,0.0,21.0,0.01818496733903885,14.0,0.01166120219458405
6227,Dardanup,Western Australia,Rest of WA,3.0,0.0035714285714285713,1883.0,0.0,5.0,0.006023751571774483,2.0,0.0024523230003459114
6228,Dardanup,Western Australia,Rest of WA,3.0,0.015544041450777202,1883.0,0.0,3.0,0.015544041450777202,0.0,0.0
6229,East Bunbury - Glen Iris,Western Australia,Rest of WA,11.0,0.010700389105058366,1358.0,0.0,30.0,0.027525590732693672,19.0,0.016825201627635306
6230,College Grove - Carey Park,Western Australia,Rest of WA,189.0,0.004665284360189573,1122.0,6.0,1141.0,0.026133811101317406,952.0,0.021468526741127834
6232,Eaton - Pelican Point,Western Australia,Rest of WA,35.0,0.0037477245957811328,1738.0,6.0,295.0,0.029310179874300957,260.0,0.025562455278519823
6233,Harvey,Western Australia,Rest of WA,86.0,0.004625645438898451,1498.0,2.0,525.0,0.026189692318439484,439.0,0.021564046879541034
6236,Dardanup,Western Australia,Rest of WA,11.0,0.004437273093989512,1883.0,0.0,67.0,0.02520425245165825,56.0,0.020766979357668736
6237,Capel,Western Australia,Rest of WA,11.0,0.0038800705467372134,1551.0,0.0,19.0,0.006346276495605707,8.0,0.0024662059488684937
6239,Donnybrook - Balingup,Western Australia,Rest of WA,19.0,0.003772086559459996,1332.0,0.0,137.0,0.025236889719963074,118.0,0.021464803160503077
6240,Donnybrook - Balingup,Western Australia,Rest of WA,3.0,0.01744186046511628,1332.0,0.0,3.0,0.01744186046511628,0.0,0.0
6243,Donnybrook - Balingup,Western Australia,Rest of WA,0.0,0.0,1332.0,0.0,0.0,0.002539566485211253,0.0,0.002539566485211253
6244,Bridgetown - Boyup Brook,Western Australia,Rest of WA,3.0,0.0015120967741935483,1230.0,0.0,3.0,0.0015519020380452275,0.0,3.980526385167918e-05
6251,Donnybrook - Balingup,Western Australia,Rest of WA,0.0,0.0,1332.0,0.0,1.0,0.002875539241358638,1.0,0.002875539241358638
6252,Donnybrook - Balingup,Western Australia,Rest of WA,0.0,0.0,1332.0,0.0,0.0,0.0016223713755607605,0.0,0.0016223713755607605
6253,Donnybrook - Balingup,Western Australia,Rest of WA,9.0,0.011538461538461539,1332.0,0.0,13.0,0.01561805047094822,4.0,0.00407958893248668
6254,Bridgetown - Boyup Brook,Western Australia,Rest of WA,4.0,0.005215123859191656,1230.0,0.0,4.0,0.005215123859191656,0.0,0.0
6255,Bridgetown - Boyup Brook,Western Australia,Rest of WA,11.0,0.002349423323366083,1230.0,1.0,86.0,0.016962146386504173,75.0,0.01461272306313809
6256,Bridgetown - Boyup Brook,Western Australia,Rest of WA,3.0,0.00967741935483871,1230.0,0.0,3.0,0.00967741935483871,0.0,0.0
6258,Pemberton,Western Australia,Rest of WA,13.0,0.0019932536031892056,1112.0,0.0,43.0,0.006083359010517597,30.0,0.004090105407328392
6260,Pemberton,Western Australia,Rest of WA,0.0,0.0,1112.0,0.0,1.0,0.0006872185622341931,1.0,0.0006872185622341931
6262,Pemberton,Western Australia,Rest of WA,0.0,0.0,1112.0,0.0,1.0,0.0006675253971479833,1.0,0.0006675253971479833
6271,Capel,Western Australia,Rest of WA,13.0,0.0035116153430578066,1551.0,0.0,34.0,0.008466314524412155,21.0,0.004954699181354348
6275,Pemberton,Western Australia,Rest of WA,7.0,0.004176610978520286,1112.0,0.0,9.0,0.00511041609570384,2.0,0.0009338051171835539
6280,Busselton - West,Western Australia,Rest of WA,110.0,0.003790619938660877,1351.0,9.0,771.0,0.024665024131536484,661.0,0.020874404192875607
6281,Busselton Surrounds,Western Australia,Rest of WA,62.0,0.0071726052753354926,1823.0,4.0,214.0,0.02298789843916893,152.0,0.015815293163833438
6282,Busselton Surrounds,Western Australia,Rest of WA,26.0,0.014857142857142857,1823.0,2.0,38.0,0.01993703469634056,12.0,0.005079891839197704
6284,Augusta,Western Australia,Rest of WA,23.0,0.007610853739245533,1370.0,0.0,75.0,0.02306675910949707,52.0,0.015455905370251537
6285,Augusta,Western Australia,Rest of WA,81.0,0.007686468020497248,1370.0,16.0,269.0,0.023685384541749954,188.0,0.015998916521252706
6286,Augusta,Western Australia,Rest of WA,22.0,0.016093635698610095,1370.0,6.0,37.0,0.024952413514256477,15.0,0.008858777815646382
6288,Augusta,Western Australia,Rest of WA,0.0,0.0,1370.0,0.0,4.0,0.005023845937103033,4.0,0.005023845937103033
6290,Augusta,Western Australia,Rest of WA,10.0,0.004770992366412214,1370.0,0.0,50.0,0.02230141870677471,40.0,0.017530426340362497
6302,York - Beverley,Western Australia,Rest of WA,11.0,0.0025955639452571967,1102.0,1.0,98.0,0.021449219435453415,87.0,0.018853655490196217
6304,York - Beverley,Western Australia,Rest of WA,3.0,0.0014591439688715954,1102.0,3.0,11.0,0.005014642607420683,8.0,0.0035554986385490876
6306,Brookton,Western Australia,Rest of WA,0.0,0.0,1258.0,2.0,3.0,0.002663466613739729,3.0,0.002663466613739729
6308,Brookton,Western Australia,Rest of WA,3.0,0.0015625,1258.0,0.0,6.0,0.003101827809587121,3.0,0.001539327809587121
6309,Wagin,Western Australia,Rest of WA,3.0,0.006666666666666667,1355.0,0.0,3.0,0.006666666666666667,0.0,0.0
6311,Wagin,Western Australia,Rest of WA,0.0,0.0,1355.0,0.0,1.0,0.0007013707072474062,1.0,0.0007013707072474062
6312,Wagin,Western Australia,Rest of WA,3.0,0.0007147962830593281,1355.0,4.0,4.0,0.0007810385432094336,1.0,6.624226015010544e-05
6313,Wagin,Western Australia,Rest of WA,0.0,0.0,1355.0,0.0,0.0,0.0007213913486339152,0.0,0.0007213913486339152
6315,Wagin,Western Australia,Rest of WA,0.0,0.0,1355.0,1.0,8.0,0.0035559115931391716,8.0,0.0035559115931391716
6316,Katanning,Western Australia,Rest of WA,0.0,0.0,1347.0,0.0,1.0,0.0020567469764500856,1.0,0.0020567469764500856
6317,Katanning,Western Australia,Rest of WA,3.0,0.0008121277747698972,1347.0,0.0,5.0,0.0013213088968768716,2.0,0.0005091811221069744
6318,Kojonup,Western Australia,Rest of WA,3.0,0.0048543689320388345,1385.0,0.0,3.0,0.0048543689320388345,0.0,0.0
6320,Kojonup,Western Australia,Rest of WA,0.0,0.0,1385.0,0.0,0.0,0.000653005437925458,0.0,0.000653005437925458
6321,Kojonup,Western Australia,Rest of WA,0.0,0.0,1385.0,0.0,0.0,0.000653005437925458,0.0,0.000653005437925458
6322,Kojonup,Western Australia,Rest of WA,0.0,0.0,1385.0,0.0,0.0,0.0006321438704617321,0.0,0.0006321438704617321
6323,Plantagenet,Western Australia,Rest of WA,0.0,0.0,1181.0,0.0,7.0,0.005366133060306311,7.0,0.005366133060306311
6324,Plantagenet,Western Australia,Rest of WA,11.0,0.002781289506953224,1181.0,0.0,57.0,0.013457528315484524,46.0,0.0106762388085313
6326,Plantagenet,Western Australia,Rest of WA,3.0,0.004629629629629629,1181.0,0.0,3.0,0.004629629629629629,0.0,0.0
6327,Albany Surrounds,Western Australia,Rest of WA,0.0,0.0,1552.0,0.0,0.0,0.0010607449803501368,0.0,0.0010607449803501368
6328,Albany Surrounds,Western Australia,Rest of WA,0.0,0.0,1552.0,0.0,1.0,0.0016680267872288823,1.0,0.0016680267872288823
6330,McKail - Willyung,Western Australia,Rest of WA,123.0,0.0034540859309182812,1387.0,0.0,279.0,0.007281774189323187,156.0,0.0038276882584049056
6333,Denmark,Western Australia,Rest of WA,57.0,0.00907209931561356,1134.0,0.0,157.0,0.02317904680967331,100.0,0.01410694749405975
6335,Gnowangerup,Western Australia,Rest of WA,3.0,0.0032017075773745998,1484.0,0.0,3.0,0.0032017075773745998,0.0,0.0
6336,Gnowangerup,Western Australia,Rest of WA,0.0,0.0,1484.0,0.0,0.0,0.0007034595473669469,0.0,0.0007034595473669469
6337,Gnowangerup,Western Australia,Rest of WA,0.0,0.0,1484.0,0.0,1.0,0.001014223787933588,1.0,0.001014223787933588
6338,Albany Surrounds,Western Australia,Rest of WA,5.0,0.004721435316336166,1552.0,2.0,6.0,0.004833161365240812,1.0,0.00011172604890464632
6341,Gnowangerup,Western Australia,Rest of WA,0.0,0.0,1484.0,0.0,0.0,0.0006881282897666097,0.0,0.0006881282897666097
6343,Gnowangerup,Western Australia,Rest of WA,0.0,0.0,1484.0,0.0,0.0,0.0006881282897666097,0.0,0.0006881282897666097
6346,Esperance Surrounds,Western Australia,Rest of WA,3.0,0.0031847133757961785,1653.0,3.0,3.0,0.0031847133757961785,0.0,0.0
6348,Esperance Surrounds,Western Australia,Rest of WA,4.0,0.0040858018386108275,1653.0,0.0,4.0,0.0040858018386108275,0.0,0.0
6350,Kulin,Western Australia,Rest of WA,3.0,0.005952380952380952,1480.0,0.0,3.0,0.005952380952380952,0.0,0.0
6351,Kulin,Western Australia,Rest of WA,0.0,0.0,1480.0,0.0,0.0,0.00039185394416563213,0.0,0.00039185394416563213
6352,Kulin,Western Australia,Rest of WA,0.0,0.0,1480.0,0.0,0.0,0.0004376048455014825,0.0,0.0004376048455014825
6353,Kulin,Western Australia,Rest of WA,0.0,0.0,1480.0,0.0,1.0,0.0005305256345309317,1.0,0.0005305256345309317
6355,Kulin,Western Australia,Rest of WA,3.0,0.004016064257028112,1480.0,0.0,3.0,0.004016064257028112,0.0,0.0
6356,Kulin,Western Australia,Rest of WA,0.0,0.0,1480.0,0.0,0.0,0.0003835854004137218,0.0,0.0003835854004137218
6357,Kulin,Western Australia,Rest of WA,0.0,0.0,1480.0,0.0,0.0,0.00036782832466997206,0.0,0.00036782832466997206
6358,Kulin,Western Australia,Rest of WA,0.0,0.0,1480.0,0.0,0.0,0.00036782832466997206,0.0,0.00036782832466997206
6359,Kulin,Western Australia,Rest of WA,0.0,0.0,1480.0,0.0,0.0,0.0004881579370703548,0.0,0.0004881579370703548
6361,Kulin,Western Australia,Rest of WA,0.0,0.0,1480.0,0.0,0.0,0.00036782832466997206,0.0,0.00036782832466997206
6363,Kulin,Western Australia,Rest of WA,0.0,0.0,1480.0,0.0,0.0,0.0004425326769705862,0.0,0.0004425326769705862
6365,Kulin,Western Australia,Rest of WA,0.0,0.0,1480.0,3.0,0.0,0.0005339065100997686,0.0,0.0005339065100997686
6367,Kulin,Western Australia,Rest of WA,3.0,0.007731958762886598,1480.0,0.0,3.0,0.007731958762886598,0.0,0.0
6368,Merredin,Western Australia,Rest of WA,0.0,0.0,1387.0,0.0,0.0,0.0004370256792753935,0.0,0.0004370256792753935
6369,Merredin,Western Australia,Rest of WA,0.0,0.0,1387.0,0.0,1.0,0.001045318553224206,1.0,0.001045318553224206
6370,Kulin,Western Australia,Rest of WA,0.0,0.0,1480.0,0.0,0.0,0.0004946279223076999,0.0,0.0004946279223076999
6372,Kulin,Western Australia,Rest of WA,0.0,0.0,1480.0,0.0,0.0,0.0003835854004137218,0.0,0.0003835854004137218
6373,Brookton,Western Australia,Rest of WA,0.0,0.0,1258.0,0.0,0.0,0.0009278716170229018,0.0,0.0009278716170229018
6375,Brookton,Western Australia,Rest of WA,0.0,0.0,1258.0,2.0,2.0,0.001346791977994144,2.0,0.001346791977994144
6383,Cunderdin,Western Australia,Rest of WA,3.0,0.0027149321266968325,1248.0,2.0,3.0,0.0027149321266968325,0.0,0.0
6384,Cunderdin,Western Australia,Rest of WA,0.0,0.0,1248.0,0.0,0.0,0.00040701846592128277,0.0,0.00040701846592128277
6385,Merredin,Western Australia,Rest of WA,0.0,0.0,1387.0,0.0,0.0,0.0004370256792753935,0.0,0.0004370256792753935
6386,Merredin,Western Australia,Rest of WA,0.0,0.0,1387.0,0.0,0.0,0.0006338864914141595,0.0,0.0006338864914141595
6390,Murray,Western Australia,Rest of WA,8.0,0.004437049362174155,1644.0,3.0,11.0,0.005883405450731516,3.0,0.0014463560885573613
6391,Wagin,Western Australia,Rest of WA,0.0,0.0,1355.0,8.0,1.0,0.0007794383564032614,1.0,0.0007794383564032614
6392,Wagin,Western Australia,Rest of WA,3.0,0.0048543689320388345,1355.0,0.0,3.0,0.0048543689320388345,0.0,0.0
6393,Wagin,Western Australia,Rest of WA,0.0,0.0,1355.0,0.0,0.0,0.0005202681641094387,0.0,0.0005202681641094387
6394,Kojonup,Western Australia,Rest of WA,0.0,0.0,1385.0,0.0,0.0,0.000644246640149504,0.0,0.000644246640149504
6395,Kojonup,Western Australia,Rest of WA,3.0,0.0014231499051233396,1385.0,7.0,3.0,0.0015255570178851485,0.0,0.0001024071127618089
6396,Kojonup,Western Australia,Rest of WA,0.0,0.0,1385.0,0.0,0.0,0.0006734976195730269,0.0,0.0006734976195730269
6397,Plantagenet,Western Australia,Rest of WA,0.0,0.0,1181.0,0.0,0.0,0.001031525549478829,0.0,0.001031525549478829
6398,Pemberton,Western Australia,Rest of WA,5.0,0.008695652173913044,1112.0,0.0,5.0,0.008695652173913044,0.0,0.0
6401,Northam,Western Australia,Rest of WA,19.0,0.002632308118592408,1316.0,5.0,193.0,0.024810366332530975,174.0,0.02217805821393857
6403,Northam,Western Australia,Rest of WA,0.0,0.0,1316.0,0.0,1.0,0.0028033084236085415,1.0,0.0028033084236085415
6405,Cunderdin,Western Australia,Rest of WA,0.0,0.0,1248.0,0.0,1.0,0.002234608866274357,1.0,0.002234608866274357
6407,Cunderdin,Western Australia,Rest of WA,3.0,0.002849002849002849,1248.0,0.0,3.0,0.002849002849002849,0.0,0.0
6409,Cunderdin,Western Australia,Rest of WA,3.0,0.005836575875486381,1248.0,0.0,3.0,0.005836575875486381,0.0,0.0
6410,Cunderdin,Western Australia,Rest of WA,0.0,0.0,1248.0,0.0,3.0,0.002966948552057147,3.0,0.002966948552057147
6411,Cunderdin,Western Australia,Rest of WA,0.0,0.0,1248.0,0.0,0.0,0.0012274582404643297,0.0,0.0012274582404643297
6412,Cunderdin,Western Australia,Rest of WA,0.0,0.0,1248.0,0.0,0.0,0.0009025578037835658,0.0,0.0009025578037835658
6413,Merredin,Western Australia,Rest of WA,0.0,0.0,1387.0,0.0,0.0,0.004775648005306721,0.0,0.004775648005306721
6414,Merredin,Western Australia,Rest of WA,0.0,0.0,1387.0,0.0,0.0,0.004578867461532354,0.0,0.004578867461532354
6415,Merredin,Western Australia,Rest of WA,11.0,0.004310344827586207,1387.0,15.0,12.0,0.004384803585708141,1.0,7.445875812193449e-05
6418,Merredin,Western Australia,Rest of WA,3.0,0.0036452004860267314,1387.0,0.0,3.0,0.0036452004860267314,0.0,0.0
6419,Merredin,Western Australia,Rest of WA,0.0,0.0,1387.0,0.0,0.0,0.004789984785020351,0.0,0.004789984785020351
6420,Merredin,Western Australia,Rest of WA,0.0,0.0,1387.0,0.0,0.0,0.0006338864914141595,0.0,0.0006338864914141595
6421,Mukinbudin,Western Australia,Rest of WA,0.0,0.0,1286.0,0.0,0.0,0.0005047960439696908,0.0,0.0005047960439696908
6422,Mukinbudin,Western Australia,Rest of WA,0.0,0.0,1286.0,0.0,0.0,0.0005222576437518001,0.0,0.0005222576437518001
6423,Mukinbudin,Western Australia,Rest of WA,0.0,0.0,1286.0,0.0,0.0,0.0005162176676094532,0.0,0.0005162176676094532
6424,Mukinbudin,Western Australia,Rest of WA,0.0,0.0,1286.0,0.0,0.0,0.0005139837157912552,0.0,0.0005139837157912552
6425,Mukinbudin,Western Australia,Rest of WA,0.0,0.0,1286.0,0.0,0.0,0.0005047960439696908,0.0,0.0005047960439696908
6426,Mukinbudin,Western Australia,Rest of WA,0.0,0.0,1286.0,0.0,1.0,0.0006581956404261291,1.0,0.0006581956404261291
6428,Merredin,Western Australia,Rest of WA,0.0,0.0,1387.0,0.0,0.0,0.004775648005306721,0.0,0.004775648005306721
6429,Kambalda - Coolgardie - Norseman,Western Australia,Rest of WA,0.0,0.0,1627.0,0.0,0.0,0.00040330798947252333,0.0,0.00040330798947252333
6430,Kalgoorlie - North,Western Australia,Rest of WA,32.0,0.0016510164069755444,2514.0,0.0,462.0,0.022121980786323547,430.0,0.020470964379348002
6431,Leinster - Leonora,Western Australia,Rest of WA,0.0,0.0,1405.0,0.0,0.0,0.0006422623991966248,0.0,0.0006422623991966248
6432,Trafalgar (WA),Western Australia,Rest of WA,4.0,0.0006634599436059048,1480.0,0.0,63.0,0.009642589837312698,59.0,0.008979129893706793
6434,Kambalda - Coolgardie - Norseman,Western Australia,Rest of WA,0.0,0.0,1627.0,0.0,0.0,0.00026153921498917043,0.0,0.00026153921498917043
6436,Leinster - Leonora,Western Australia,Rest of WA,0.0,0.0,1405.0,0.0,0.0,0.0006648731650784612,0.0,0.0006648731650784612
6437,Leinster - Leonora,Western Australia,Rest of WA,0.0,0.0,1405.0,0.0,0.0,0.0006806501769460738,0.0,0.0006806501769460738
6438,Leinster - Leonora,Western Australia,Rest of WA,0.0,0.0,1405.0,0.0,0.0,0.000695981434546411,0.0,0.000695981434546411
6440,Leinster - Leonora,Western Australia,Rest of WA,0.0,0.0,1405.0,0.0,0.0,0.0006806501769460738,0.0,0.0006806501769460738
6442,Kambalda - Coolgardie - Norseman,Western Australia,Rest of WA,3.0,0.0013513513513513514,1627.0,0.0,3.0,0.0013513513513513514,0.0,0.0
6443,Kambalda - Coolgardie - Norseman,Western Australia,Rest of WA,0.0,0.0,1627.0,7.0,0.0,0.0004372504772618413,0.0,0.0004372504772618413
6445,Esperance Surrounds,Western Australia,Rest of WA,0.0,0.0,1653.0,0.0,0.0,0.0002944838488474488,0.0,0.0002944838488474488
6446,Esperance Surrounds,Western Australia,Rest of WA,0.0,0.0,1653.0,0.0,0.0,0.00026870548026636243,0.0,0.00026870548026636243
6447,Esperance Surrounds,Western Australia,Rest of WA,0.0,0.0,1653.0,0.0,0.0,0.0003639869100879878,0.0,0.0003639869100879878
6448,Esperance Surrounds,Western Australia,Rest of WA,0.0,0.0,1653.0,0.0,0.0,0.0003639869100879878,0.0,0.0003639869100879878
6450,Esperance Surrounds,Western Australia,Rest of WA,18.0,0.0013736263736263737,1653.0,12.0,64.0,0.004519153852015734,46.0,0.0031455274783893598
6452,Esperance Surrounds,Western Australia,Rest of WA,0.0,0.0,1653.0,0.0,0.0,0.00027885273448191583,0.0,0.00027885273448191583
6460,Dowerin,Western Australia,Rest of WA,3.0,0.0033003300330033004,1202.0,2.0,3.0,0.0033003300330033004,0.0,0.0
6461,Dowerin,Western Australia,Rest of WA,0.0,0.0,1202.0,1.0,4.0,0.004682226572185755,4.0,0.004682226572185755
6462,Dowerin,Western Australia,Rest of WA,3.0,0.03488372093023256,1202.0,0.0,3.0,0.03488372093023256,0.0,0.0
6463,Dowerin,Western Australia,Rest of WA,0.0,0.0,1202.0,0.0,0.0,0.002380436984822154,0.0,0.002380436984822154
6465,Dowerin,Western Australia,Rest of WA,0.0,0.0,1202.0,0.0,0.0,0.002380436984822154,0.0,0.002380436984822154
6466,Dowerin,Western Australia,Rest of WA,0.0,0.0,1202.0,0.0,0.0,0.0035686909686774015,0.0,0.0035686909686774015
6467,Dowerin,Western Australia,Rest of WA,0.0,0.0,1202.0,0.0,0.0,0.002380436984822154,0.0,0.002380436984822154
6468,Moora,Western Australia,Rest of WA,0.0,0.0,1583.0,0.0,0.0,0.0005257951561361551,0.0,0.0005257951561361551
6470,Dowerin,Western Australia,Rest of WA,0.0,0.0,1202.0,0.0,0.0,0.002380436984822154,0.0,0.002380436984822154
6472,Mukinbudin,Western Australia,Rest of WA,0.0,0.0,1286.0,0.0,0.0,0.0005381590453907847,0.0,0.0005381590453907847
6473,Mukinbudin,Western Australia,Rest of WA,0.0,0.0,1286.0,0.0,0.0,0.0003627317782957107,0.0,0.0003627317782957107
6475,Dowerin,Western Australia,Rest of WA,3.0,0.00597609561752988,1202.0,0.0,3.0,0.00597609561752988,0.0,0.0
6476,Mukinbudin,Western Australia,Rest of WA,0.0,0.0,1286.0,0.0,0.0,0.00037118123145774007,0.0,0.00037118123145774007
6477,Mukinbudin,Western Australia,Rest of WA,0.0,0.0,1286.0,0.0,0.0,0.0006973457057029009,0.0,0.0006973457057029009
6479,Mukinbudin,Western Australia,Rest of WA,0.0,0.0,1286.0,0.0,0.0,0.0006407220498658717,0.0,0.0006407220498658717
6480,Merredin,Western Australia,Rest of WA,0.0,0.0,1387.0,0.0,0.0,0.0033166296780109406,0.0,0.0033166296780109406
6484,Mukinbudin,Western Australia,Rest of WA,0.0,0.0,1286.0,0.0,0.0,0.0005222576437518001,0.0,0.0005222576437518001
6485,Dowerin,Western Australia,Rest of WA,0.0,0.0,1202.0,1.0,3.0,0.0050214058719575405,3.0,0.0050214058719575405
6487,Mukinbudin,Western Australia,Rest of WA,0.0,0.0,1286.0,0.0,0.0,0.0005222576437518001,0.0,0.0005222576437518001
6488,Mukinbudin,Western Australia,Rest of WA,0.0,0.0,1286.0,0.0,0.0,0.0005162176676094532,0.0,0.0005162176676094532
6489,Mukinbudin,Western Australia,Rest of WA,0.0,0.0,1286.0,0.0,0.0,0.0005139837157912552,0.0,0.0005139837157912552
6490,Mukinbudin,Western Australia,Rest of WA,0.0,0.0,1286.0,0.0,0.0,0.0005381590453907847,0.0,0.0005381590453907847
6501,Chittering,Western Australia,Rest of WA,8.0,0.006956521739130435,2044.0,1.0,27.0,0.02160271629691124,19.0,0.014646194557780805
6502,Chittering,Western Australia,Rest of WA,12.0,0.008005336891260841,2044.0,9.0,37.0,0.022974835708737373,25.0,0.014969498817476532
6503,Gingin - Dandaragan,Western Australia,Rest of WA,14.0,0.0048712595685455815,1321.0,3.0,15.0,0.0048712595685455815,1.0,0.0
6504,Chittering,Western Australia,Rest of WA,3.0,0.014634146341463415,2044.0,0.0,3.0,0.014634146341463415,0.0,0.0
6505,Chittering,Western Australia,Rest of WA,0.0,0.0,2044.0,0.0,1.0,0.0035882412921637297,1.0,0.0035882412921637297
6506,Moora,Western Australia,Rest of WA,0.0,0.0,1583.0,0.0,0.0,0.0007949392311275005,0.0,0.0007949392311275005
6507,Gingin - Dandaragan,Western Australia,Rest of WA,0.0,0.0,1321.0,0.0,2.0,0.0018800835823640227,2.0,0.0018800835823640227
6509,Moora,Western Australia,Rest of WA,0.0,0.0,1583.0,1.0,0.0,0.0004969863221049309,0.0,0.0004969863221049309
6510,Moora,Western Australia,Rest of WA,4.0,0.002031488065007618,1583.0,1.0,4.0,0.0020519390236586332,0.0,2.0450958651015323e-05
6511,Gingin - Dandaragan,Western Australia,Rest of WA,0.0,0.0,1321.0,0.0,1.0,0.001735831261612475,1.0,0.001735831261612475
6512,Moora,Western Australia,Rest of WA,0.0,0.0,1583.0,0.0,0.0,0.00045602835598401725,0.0,0.00045602835598401725
6513,Moora,Western Australia,Rest of WA,0.0,0.0,1583.0,0.0,0.0,0.0004468406841624528,0.0,0.0004468406841624528
6514,Morawa,Western Australia,Rest of WA,3.0,0.0036900369003690036,1310.0,6.0,3.0,0.0036900369003690036,0.0,0.0
6515,Morawa,Western Australia,Rest of WA,0.0,0.0,1310.0,0.0,0.0,0.0005353277083486319,0.0,0.0005353277083486319
6516,Gingin - Dandaragan,Western Australia,Rest of WA,4.0,0.0016884761502743773,1321.0,4.0,9.0,0.003559452947229147,5.0,0.0018709767969547696
6517,Morawa,Western Australia,Rest of WA,0.0,0.0,1310.0,0.0,0.0,0.0005176246049813926,0.0,0.0005176246049813926
6518,Morawa,Western Australia,Rest of WA,0.0,0.0,1310.0,4.0,0.0,0.0005675218417309225,0.0,0.0005675218417309225
6519,Morawa,Western Australia,Rest of WA,0.0,0.0,1310.0,0.0,0.0,0.0005240946193225682,0.0,0.0005240946193225682
6521,Gingin - Dandaragan,Western Australia,Rest of WA,0.0,0.0,1321.0,1.0,1.0,0.0018862771103158593,1.0,0.0018862771103158593
6522,Morawa,Western Australia,Rest of WA,0.0,0.0,1310.0,0.0,0.0,0.0005275023286230862,0.0,0.0005275023286230862
6525,Irwin,Western Australia,Rest of WA,4.0,0.0010554089709762533,1168.0,0.0,38.0,0.00930900126695633,34.0,0.008253592295980076
6528,Northampton - Mullewa - Greenough,Western Australia,Rest of WA,0.0,0.0,1276.0,0.0,0.0,0.0005027246079407632,0.0,0.0005027246079407632
6530,Geraldton - North,Western Australia,Rest of WA,42.0,0.001432225063938619,1915.0,0.0,820.0,0.025941409170627594,778.0,0.024509184106688973
6532,Northampton - Mullewa - Greenough,Western Australia,Rest of WA,16.0,0.002061324400927596,1276.0,0.0,119.0,0.014272427186369896,103.0,0.0122111027854423
6535,Northampton - Mullewa - Greenough,Western Australia,Rest of WA,0.0,0.0,1276.0,0.0,1.0,0.0004851658013649285,1.0,0.0004851658013649285
6536,Northampton - Mullewa - Greenough,Western Australia,Rest of WA,3.0,0.0020891364902506965,1276.0,0.0,3.0,0.0020891364902506965,0.0,0.0
6537,Exmouth,Western Australia,Rest of WA,3.0,0.003978779840848806,1727.0,0.0,3.0,0.003978779840848806,0.0,0.0
6556,Malmalling - Reservoir,Western Australia,Greater Perth,18.0,0.007846556233653008,1374.0,0.0,64.0,0.026040976867079735,46.0,0.018194420633426727
6558,Chidlow,Western Australia,Greater Perth,7.0,0.007936507936507936,1959.0,0.0,26.0,0.027246834710240364,19.0,0.019310326773732428
6560,Northam,Western Australia,Rest of WA,13.0,0.008678237650200267,1316.0,0.0,38.0,0.023455267772078514,25.0,0.014777030121878247
6562,Northam,Western Australia,Rest of WA,11.0,0.007194244604316547,1316.0,0.0,36.0,0.022094890475273132,25.0,0.014900645870956585
6564,Northam,Western Australia,Rest of WA,0.0,0.0,1316.0,0.0,1.0,0.0029090268071740866,1.0,0.0029090268071740866
6566,Toodyay,Western Australia,Rest of WA,13.0,0.00312124849939976,1272.0,2.0,101.0,0.02251732163131237,88.0,0.01939607313191261
6567,Toodyay,Western Australia,Rest of WA,0.0,0.0,1272.0,0.0,3.0,0.00709697138518095,3.0,0.00709697138518095
6568,Moora,Western Australia,Rest of WA,3.0,0.011152416356877323,1583.0,0.0,3.0,0.011152416356877323,0.0,0.0
6569,Moora,Western Australia,Rest of WA,0.0,0.0,1583.0,0.0,0.0,0.0005459313979372382,0.0,0.0005459313979372382
6571,Moora,Western Australia,Rest of WA,0.0,0.0,1583.0,0.0,0.0,0.00045602835598401725,0.0,0.00045602835598401725
6572,Moora,Western Australia,Rest of WA,0.0,0.0,1583.0,0.0,0.0,0.0007949392311275005,0.0,0.0007949392311275005
6574,Moora,Western Australia,Rest of WA,0.0,0.0,1583.0,0.0,0.0,0.00045602835598401725,0.0,0.00045602835598401725
6575,Moora,Western Australia,Rest of WA,0.0,0.0,1583.0,0.0,0.0,0.0004468406841624528,0.0,0.0004468406841624528
6603,Dowerin,Western Australia,Rest of WA,5.0,0.004095004095004095,1202.0,3.0,17.0,0.012743557803332806,12.0,0.008648553708328711
6605,Dowerin,Western Australia,Rest of WA,0.0,0.0,1202.0,0.0,0.0,0.005094374530017376,0.0,0.005094374530017376
6606,Dowerin,Western Australia,Rest of WA,0.0,0.0,1202.0,0.0,1.0,0.0035891032312065363,1.0,0.0035891032312065363
6608,Moora,Western Australia,Rest of WA,0.0,0.0,1583.0,0.0,0.0,0.00045602835598401725,0.0,0.00045602835598401725
6609,Moora,Western Australia,Rest of WA,0.0,0.0,1583.0,3.0,1.0,0.0007941294461488724,1.0,0.0007941294461488724
6612,Meekatharra,Western Australia,Rest of WA,0.0,0.0,1202.0,0.0,1.0,0.0018892643274739385,1.0,0.0018892643274739385
6613,Moora,Western Australia,Rest of WA,0.0,0.0,1583.0,0.0,0.0,0.00042807249701581895,0.0,0.00042807249701581895
6614,Morawa,Western Australia,Rest of WA,0.0,0.0,1310.0,0.0,0.0,0.0003988896496593952,0.0,0.0003988896496593952
6616,Morawa,Western Australia,Rest of WA,3.0,0.03296703296703297,1310.0,0.0,3.0,0.03296703296703297,0.0,0.0
6620,Morawa,Western Australia,Rest of WA,0.0,0.0,1310.0,0.0,0.0,0.0006321910186670721,0.0,0.0006321910186670721
6623,Morawa,Western Australia,Rest of WA,0.0,0.0,1310.0,0.0,0.0,0.000542426947504282,0.0,0.000542426947504282
6625,Morawa,Western Australia,Rest of WA,0.0,0.0,1310.0,0.0,0.0,0.0003988896496593952,0.0,0.0003988896496593952
6627,Morawa,Western Australia,Rest of WA,0.0,0.0,1310.0,0.0,0.0,0.0004073391028214246,0.0,0.0004073391028214246
6628,Northampton - Mullewa - Greenough,Western Australia,Rest of WA,0.0,0.0,1276.0,0.0,0.0,0.00036544137401506305,0.0,0.00036544137401506305
6630,Meekatharra,Western Australia,Rest of WA,0.0,0.0,1202.0,0.0,1.0,0.0010693505173549056,1.0,0.0010693505173549056
6631,Northampton - Mullewa - Greenough,Western Australia,Rest of WA,0.0,0.0,1276.0,0.0,0.0,0.00042825957643799484,0.0,0.00042825957643799484
6632,Northampton - Mullewa - Greenough,Western Australia,Rest of WA,0.0,0.0,1276.0,0.0,0.0,0.00042825957643799484,0.0,0.00042825957643799484
6635,Meekatharra,Western Australia,Rest of WA,0.0,0.0,1202.0,0.0,0.0,0.001659830566495657,0.0,0.001659830566495657
6638,Meekatharra,Western Australia,Rest of WA,0.0,0.0,1202.0,0.0,1.0,0.001051282393746078,1.0,0.001051282393746078
6639,Meekatharra,Western Australia,Rest of WA,0.0,0.0,1202.0,0.0,0.0,0.0020451645832508802,0.0,0.0020451645832508802
6640,Meekatharra,Western Australia,Rest of WA,0.0,0.0,1202.0,0.0,0.0,0.001873902278020978,0.0,0.001873902278020978
6642,Meekatharra,Western Australia,Rest of WA,0.0,0.0,1202.0,0.0,1.0,0.0010594908380880952,1.0,0.0010594908380880952
6646,Meekatharra,Western Australia,Rest of WA,0.0,0.0,1202.0,0.0,0.0,0.0018764417618513107,0.0,0.0018764417618513107
6701,Exmouth,Western Australia,Rest of WA,0.0,0.0,1727.0,0.0,2.0,0.00043965288205072284,2.0,0.00043965288205072284
6705,Exmouth,Western Australia,Rest of WA,0.0,0.0,1727.0,0.0,0.0,0.0006506260833702981,0.0,0.0006506260833702981
6707,Exmouth,Western Australia,Rest of WA,0.0,0.0,1727.0,0.0,1.0,0.00041281385347247124,1.0,0.00041281385347247124
6710,Ashburton (WA),Western Australia,Rest of WA,0.0,0.0,2937.0,0.0,1.0,0.0010424788342788815,1.0,0.0010424788342788815
6712,Ashburton (WA),Western Australia,Rest of WA,0.0,0.0,2937.0,0.0,0.0,0.0008033284684643149,0.0,0.0008033284684643149
6713,Roebourne,Western Australia,Rest of WA,3.0,0.0027624309392265192,2983.0,0.0,3.0,0.0027624309392265192,0.0,0.0
6714,Roebourne,Western Australia,Rest of WA,34.0,0.002413744143120829,2983.0,5.0,71.0,0.004664564970880747,37.0,0.0022508208277599176
6716,Ashburton (WA),Western Australia,Rest of WA,0.0,0.0,2937.0,0.0,0.0,0.0006691757589578629,0.0,0.0006691757589578629
6718,Roebourne,Western Australia,Rest of WA,0.0,0.0,2983.0,3.0,1.0,0.0010671414202079177,1.0,0.0010671414202079177
6720,Roebourne,Western Australia,Rest of WA,3.0,0.0017035775127768314,2983.0,0.0,3.0,0.0017035775127768314,0.0,0.0
6721,East Pilbara,Western Australia,Rest of WA,6.0,0.0014416146083613647,1159.0,6.0,56.0,0.012557527981698513,50.0,0.011115913373337147
6722,East Pilbara,Western Australia,Rest of WA,8.0,0.0010130429276940611,1159.0,0.0,31.0,0.003664017654955387,23.0,0.002650974727261326
6725,Roebuck,Western Australia,Rest of WA,8.0,0.0008702273468943762,1140.0,8.0,47.0,0.0047905948013067245,39.0,0.003920367454412348
6726,Broome,Western Australia,Rest of WA,6.0,0.0017548990933021352,2222.0,1.0,80.0,0.021608753129839897,74.0,0.019853854036537763
6728,Derby - West Kimberley,Western Australia,Rest of WA,3.0,0.0012340600575894694,1327.0,4.0,3.0,0.0012340600575894694,0.0,0.0
6740,Kununurra,Western Australia,Rest of WA,0.0,0.0,1858.0,0.0,0.0,0.0003234243777114898,0.0,0.0003234243777114898
6743,Kununurra,Western Australia,Rest of WA,12.0,0.0027069704489059328,1858.0,0.0,89.0,0.01871609501540661,77.0,0.016009124566500676
6751,Ashburton (WA),Western Australia,Rest of WA,0.0,0.0,2937.0,1.0,10.0,0.004392300732433796,10.0,0.004392300732433796
6753,East Pilbara,Western Australia,Rest of WA,0.0,0.0,1159.0,0.0,2.0,0.0005230058450251818,2.0,0.0005230058450251818
6754,Ashburton (WA),Western Australia,Rest of WA,0.0,0.0,2937.0,1.0,1.0,0.0012095237616449594,1.0,0.0012095237616449594
6758,East Pilbara,Western Australia,Rest of WA,0.0,0.0,1159.0,0.0,0.0,0.0008334858575835824,0.0,0.0008334858575835824
6760,East Pilbara,Western Australia,Rest of WA,0.0,0.0,1159.0,0.0,0.0,0.000789039651863277,0.0,0.000789039651863277
6762,East Pilbara,Western Australia,Rest of WA,0.0,0.0,1159.0,0.0,0.0,0.0005161213339306414,0.0,0.0005161213339306414
6765,Derby - West Kimberley,Western Australia,Rest of WA,0.0,0.0,1327.0,0.0,0.0,0.0002899196988437325,0.0,0.0002899196988437325
6770,Halls Creek,Western Australia,Rest of WA,0.0,0.0,1096.0,0.0,1.0,0.000635441392660141,1.0,0.000635441392660141
7000,Hobart,Tasmania,Greater Hobart,459.0,0.024930747922437674,1741.0,6.0,609.0,0.03070824407041073,150.0,0.005777496147973054
7004,South Hobart - Fern Tree,Tasmania,Greater Hobart,187.0,0.03313253012048193,1827.0,0.0,201.0,0.03313253012048193,14.0,0.0
7005,Sandy Bay,Tasmania,Greater Hobart,258.0,0.02616898265544173,1913.0,4.0,342.0,0.03222661465406418,84.0,0.0060576319986224494
7007,Mount Nelson - Dynnyrne,Tasmania,Greater Hobart,85.0,0.03161026403867609,1873.0,0.0,93.0,0.03205987438559532,8.0,0.0004496103469192325
7008,Lenah Valley - Mount Stuart,Tasmania,Greater Hobart,179.0,0.017567965452939444,1916.0,0.0,362.0,0.032952681183815,183.0,0.015384715730875558
7009,Moonah,Tasmania,Greater Hobart,122.0,0.00980392156862745,1418.0,0.0,429.0,0.032033514231443405,307.0,0.022229592662815954
7010,Glenorchy,Tasmania,Greater Hobart,102.0,0.007215619694397283,1151.0,0.0,498.0,0.0326690636575222,396.0,0.02545344396312492
7011,Claremont (Tas.),Tasmania,Greater Hobart,91.0,0.0074309978768577496,1241.0,0.0,433.0,0.032839614897966385,342.0,0.025408617021108637
7012,Berriedale - Chigwell,Tasmania,Greater Hobart,4.0,0.004449388209121246,1296.0,0.0,13.0,0.013253406621515751,9.0,0.008804018412394504
7015,Geilston Bay - Risdon,Tasmania,Greater Hobart,95.0,0.0110658124635993,1742.0,0.0,305.0,0.033017002046108246,210.0,0.021951189582508947
7016,Risdon Vale,Tasmania,Greater Hobart,5.0,0.002420135527589545,1104.0,0.0,16.0,0.007373410277068615,11.0,0.00495327474947907
7017,Brighton - Pontville,Tasmania,Greater Hobart,50.0,0.008548469823901521,1630.0,1.0,182.0,0.02894935943186283,132.0,0.02040088960796131
7018,Howrah - Tranmere,Tasmania,Greater Hobart,245.0,0.013385783751297602,1787.0,1.0,652.0,0.0330786406993866,407.0,0.019692856948088994
7019,Rokeby,Tasmania,Greater Hobart,42.0,0.007094594594594595,1321.0,0.0,205.0,0.03209257125854492,163.0,0.024997976663950327
7020,South Arm,Tasmania,Greater Hobart,45.0,0.017254601226993866,1934.0,0.0,80.0,0.028527135029435158,35.0,0.011272533802441292
7021,Cambridge,Tasmania,Greater Hobart,19.0,0.008890968647636874,2191.0,0.0,65.0,0.028249314054846764,46.0,0.01935834540720989
7022,South Arm,Tasmania,Greater Hobart,10.0,0.011013215859030838,1934.0,0.0,28.0,0.02839021198451519,18.0,0.01737699612548435
7023,South Arm,Tasmania,Greater Hobart,5.0,0.012755102040816327,1934.0,0.0,12.0,0.028154440224170685,7.0,0.015399338183354358
7024,South Arm,Tasmania,Greater Hobart,12.0,0.023529411764705882,1934.0,0.0,17.0,0.031184865161776543,5.0,0.007655453397070661
7025,Sorell - Richmond,Tasmania,Greater Hobart,23.0,0.012378902045209902,1439.0,0.0,55.0,0.027498554438352585,32.0,0.015119652393142682
7026,Southern Midlands,Tasmania,Rest of Tas.,0.0,0.0,1330.0,0.0,1.0,0.0010179239325225353,1.0,0.0010179239325225353
7027,Southern Midlands,Tasmania,Rest of Tas.,0.0,0.0,1330.0,0.0,0.0,0.0010458366014063358,0.0,0.0010458366014063358
7030,Central Highlands,Tasmania,Rest of Tas.,63.0,0.0036271518222119868,1017.0,4.0,480.0,0.02563345804810524,417.0,0.022006306225893252
7050,Kingston - Huntingfield,Tasmania,Greater Hobart,197.0,0.01677166695045122,1544.0,4.0,394.0,0.03117171861231327,197.0,0.014400051661862052
7052,Kingston Beach - Blackmans Bay,Tasmania,Greater Hobart,98.0,0.01650109446034686,1778.0,0.0,209.0,0.03262260928750038,111.0,0.016121514827153523
7053,Taroona - Bonnet Hill,Tasmania,Greater Hobart,76.0,0.02704626334519573,1910.0,0.0,86.0,0.028444044291973114,10.0,0.0013977809467773834
7054,Mount Wellington,Tasmania,Greater Hobart,163.0,0.019955925563173358,1296.0,0.0,259.0,0.02943478524684906,96.0,0.009478859683675702
7055,Kingston - Huntingfield,Tasmania,Greater Hobart,3.0,0.0046875,1544.0,0.0,3.0,0.0046875,0.0,0.0
7109,Geeveston - Dover,Tasmania,Rest of Tas.,98.0,0.010483525887890458,1059.0,2.0,263.0,0.0260884091258049,165.0,0.015604883237914443
7112,Cygnet,Tasmania,Rest of Tas.,49.0,0.014492753623188406,1077.0,1.0,89.0,0.02438156120479107,40.0,0.009888807581602663
7113,Huonville - Franklin,Tasmania,Rest of Tas.,10.0,0.0084530853761623,1429.0,0.0,32.0,0.025010831654071808,22.0,0.016557746277909506
7116,Wilderness - East,Tasmania,Rest of Tas.,14.0,0.005835764902042517,1125.0,1.0,15.0,0.005835764902042517,1.0,0.0
7117,Geeveston - Dover,Tasmania,Rest of Tas.,3.0,0.003188097768331562,1059.0,0.0,3.0,0.003188097768331562,0.0,0.0
7119,Southern Midlands,Tasmania,Rest of Tas.,0.0,0.0,1330.0,0.0,0.0,0.0005912696360610425,0.0,0.0005912696360610425
7120,Southern Midlands,Tasmania,Rest of Tas.,6.0,0.002849002849002849,1330.0,2.0,53.0,0.02328653819859028,47.0,0.020437535349587428
7139,Wilderness - East,Tasmania,Rest of Tas.,0.0,0.0,1125.0,0.0,0.0,0.0006225428660400212,0.0,0.0006225428660400212
7140,Central Highlands,Tasmania,Rest of Tas.,34.0,0.0030286834135043648,1017.0,5.0,307.0,0.02534491941332817,273.0,0.022316235999823807
7150,Bruny Island - Kettering,Tasmania,Rest of Tas.,63.0,0.018744421303183576,1296.0,1.0,82.0,0.022580087184906006,19.0,0.0038356658817224297
7155,Bruny Island - Kettering,Tasmania,Rest of Tas.,21.0,0.021784232365145227,1296.0,0.0,23.0,0.021784232365145227,2.0,0.0
7162,Bruny Island - Kettering,Tasmania,Rest of Tas.,13.0,0.02034428794992175,1296.0,0.0,16.0,0.02353292517364025,3.0,0.0031886372237184997
7163,Bruny Island - Kettering,Tasmania,Rest of Tas.,11.0,0.028645833333333332,1296.0,0.0,12.0,0.028645833333333332,1.0,0.0
7170,Cambridge,Tasmania,Greater Hobart,116.0,0.012556830482788483,2191.0,0.0,299.0,0.030068909749388695,183.0,0.017512079266600214
7171,Sorell - Richmond,Tasmania,Greater Hobart,26.0,0.008102212527267061,1439.0,0.0,100.0,0.028845595195889473,74.0,0.020743382668622412
7172,Sorell - Richmond,Tasmania,Greater Hobart,19.0,0.0044237485448195574,1439.0,0.0,134.0,0.02886027656495571,115.0,0.024436528020136156
7173,Dodges Ferry - Lewisham,Tasmania,Greater Hobart,63.0,0.008644346871569704,1373.0,0.0,229.0,0.029133740812540054,166.0,0.020489393940970352
7174,Dodges Ferry - Lewisham,Tasmania,Greater Hobart,0.0,0.0,1373.0,0.0,1.0,0.0050550783053040504,1.0,0.0050550783053040504
7175,Dodges Ferry - Lewisham,Tasmania,Greater Hobart,6.0,0.027777777777777776,1373.0,0.0,6.0,0.027777777777777776,0.0,0.0
7176,Dodges Ferry - Lewisham,Tasmania,Greater Hobart,3.0,0.01694915254237288,1373.0,0.0,4.0,0.02191377617418766,1.0,0.004964623631814779
7177,Forestier - Tasman,Tasmania,Rest of Tas.,3.0,0.0055762081784386614,863.0,0.0,3.0,0.0055762081784386614,0.0,0.0
7178,Forestier - Tasman,Tasmania,Rest of Tas.,8.0,0.0213903743315508,863.0,0.0,9.0,0.0213903743315508,1.0,0.0
7179,Forestier - Tasman,Tasmania,Rest of Tas.,3.0,0.005940594059405941,863.0,0.0,3.0,0.00605332525447011,0.0,0.00011273119506416927
7180,Forestier - Tasman,Tasmania,Rest of Tas.,0.0,0.0,863.0,0.0,1.0,0.006255743559449911,1.0,0.006255743559449911
7182,Forestier - Tasman,Tasmania,Rest of Tas.,3.0,0.011363636363636364,863.0,2.0,4.0,0.015045286156237125,1.0,0.0036816497926007614
7183,Forestier - Tasman,Tasmania,Rest of Tas.,0.0,0.0,863.0,0.0,0.0,0.005019106436520815,0.0,0.005019106436520815
7184,Forestier - Tasman,Tasmania,Rest of Tas.,3.0,0.00322234156820623,863.0,0.0,17.0,0.017165258526802063,14.0,0.013942916958595833
7185,Forestier - Tasman,Tasmania,Rest of Tas.,0.0,0.0,863.0,0.0,1.0,0.0061785997822880745,1.0,0.0061785997822880745
7186,Forestier - Tasman,Tasmania,Rest of Tas.,3.0,0.014778325123152709,863.0,0.0,3.0,0.014778325123152709,0.0,0.0
7187,Forestier - Tasman,Tasmania,Rest of Tas.,3.0,0.018633540372670808,863.0,0.0,3.0,0.018633540372670808,0.0,0.0
7190,Triabunna - Bicheno,Tasmania,Rest of Tas.,19.0,0.005082932049224184,1005.0,6.0,24.0,0.005909163970500231,5.0,0.000826231921276047
7209,Northern Midlands,Tasmania,Rest of Tas.,3.0,0.005917159763313609,1046.0,0.0,3.0,0.005917159763313609,0.0,0.0
7210,Northern Midlands,Tasmania,Rest of Tas.,3.0,0.0028116213683223993,1046.0,2.0,3.0,0.0028116213683223993,0.0,0.0
7211,Northern Midlands,Tasmania,Rest of Tas.,0.0,0.0,1046.0,0.0,1.0,0.002544635906815529,1.0,0.002544635906815529
7212,Northern Midlands,Tasmania,Rest of Tas.,9.0,0.002259036144578313,1046.0,0.0,37.0,0.008565793745219707,28.0,0.006306757600641394
7213,Northern Midlands,Tasmania,Rest of Tas.,3.0,0.008670520231213872,1046.0,0.0,3.0,0.008670520231213872,0.0,0.0
7214,St Helens - Scamander,Tasmania,Rest of Tas.,0.0,0.0,835.0,1.0,8.0,0.009298032149672508,8.0,0.009298032149672508
7215,St Helens - Scamander,Tasmania,Rest of Tas.,18.0,0.004435682602267127,835.0,4.0,21.0,0.004871520679444075,3.0,0.000435838077176948
7216,St Helens - Scamander,Tasmania,Rest of Tas.,13.0,0.003638399104394067,835.0,2.0,87.0,0.022723427042365074,74.0,0.019085027937971007
7248,Mowbray,Tasmania,Rest of Tas.,31.0,0.002352227027847333,1138.0,0.0,158.0,0.01115787960588932,127.0,0.008805652578041986
7249,Kings Meadows - Punchbowl,Tasmania,Rest of Tas.,68.0,0.005742758212988768,1298.0,3.0,218.0,0.017050813883543015,150.0,0.011308055670554247
7250,Launceston,Tasmania,Rest of Tas.,360.0,0.008265221783451189,1581.0,4.0,1293.0,0.02756110578775406,933.0,0.01929588400430287
7252,George Town,Tasmania,Rest of Tas.,29.0,0.008942337341967314,1002.0,0.0,86.0,0.02449430525302887,57.0,0.015551967911061556
7253,George Town,Tasmania,Rest of Tas.,12.0,0.0026785714285714286,1002.0,1.0,136.0,0.028210336342453957,124.0,0.025531764913882527
7254,George Town,Tasmania,Rest of Tas.,0.0,0.0,1002.0,0.0,5.0,0.006966419517993927,5.0,0.006966419517993927
7255,Flinders and Cape Barren Islands,Tasmania,Rest of Tas.,0.0,0.0,1057.0,0.0,10.0,0.00726599944755435,10.0,0.00726599944755435
7256,King Island,Tasmania,Rest of Tas.,0.0,0.0,1330.0,0.0,29.0,0.016304343938827515,29.0,0.016304343938827515
7257,Flinders and Cape Barren Islands,Tasmania,Rest of Tas.,0.0,0.0,1057.0,0.0,0.0,0.002423914847895503,0.0,0.002423914847895503
7258,Dilston - Lilydale,Tasmania,Rest of Tas.,9.0,0.007950530035335688,1580.0,0.0,12.0,0.009991426952183247,3.0,0.0020408969168475583
7259,Dilston - Lilydale,Tasmania,Rest of Tas.,10.0,0.018115942028985508,1580.0,0.0,15.0,0.02443082444369793,5.0,0.0063148824147124215
7260,Scottsdale - Bridport,Tasmania,Rest of Tas.,3.0,0.0008638065073423554,1040.0,1.0,3.0,0.0008638065073423554,0.0,0.0
7261,Scottsdale - Bridport,Tasmania,Rest of Tas.,3.0,0.012875536480686695,1040.0,0.0,3.0,0.012875536480686695,0.0,0.0
7262,Scottsdale - Bridport,Tasmania,Rest of Tas.,4.0,0.0020920502092050207,1040.0,1.0,10.0,0.005014817696064711,6.0,0.00292276748685969
7263,Scottsdale - Bridport,Tasmania,Rest of Tas.,3.0,0.004477611940298508,1040.0,0.0,3.0,0.004477611940298508,0.0,0.0
7264,Scottsdale - Bridport,Tasmania,Rest of Tas.,0.0,0.0,1040.0,1.0,1.0,0.0012496566632762551,1.0,0.0012496566632762551
7265,Scottsdale - Bridport,Tasmania,Rest of Tas.,0.0,0.0,1040.0,0.0,1.0,0.0017078741220757365,1.0,0.0017078741220757365
7267,Dilston - Lilydale,Tasmania,Rest of Tas.,4.0,0.0045662100456621,1580.0,0.0,17.0,0.01786579005420208,13.0,0.01329958000853998
7268,Dilston - Lilydale,Tasmania,Rest of Tas.,16.0,0.013082583810302535,1580.0,0.0,32.0,0.024473393335938454,16.0,0.011390809525635918
7270,Beauty Point - Beaconsfield,Tasmania,Rest of Tas.,15.0,0.0033783783783783786,944.0,0.0,83.0,0.01740557700395584,68.0,0.014027198625577462
7275,Grindelwald - Lanena,Tasmania,Rest of Tas.,18.0,0.005203816131830009,1371.0,2.0,36.0,0.00972179789096117,18.0,0.0045179817591311615
7276,Grindelwald - Lanena,Tasmania,Rest of Tas.,4.0,0.006535947712418301,1371.0,0.0,17.0,0.025097684934735298,13.0,0.018561737222316996
7277,Grindelwald - Lanena,Tasmania,Rest of Tas.,63.0,0.01026058631921824,1371.0,4.0,170.0,0.02568972110748291,107.0,0.01542913478826467
7290,Hadspen - Carrick,Tasmania,Rest of Tas.,5.0,0.002407318247472316,1581.0,0.0,15.0,0.006899947300553322,10.0,0.004492629053081006
7291,Hadspen - Carrick,Tasmania,Rest of Tas.,5.0,0.005681818181818182,1581.0,0.0,11.0,0.01110905222594738,6.0,0.005427234044129198
7292,Hadspen - Carrick,Tasmania,Rest of Tas.,3.0,0.0044444444444444444,1581.0,0.0,3.0,0.004658147227019072,0.0,0.00021370278257462714
7300,Perth - Evandale,Tasmania,Rest of Tas.,7.0,0.001944984717977216,1457.0,0.0,46.0,0.011781265959143639,39.0,0.009836281241166422
7301,Northern Midlands,Tasmania,Rest of Tas.,23.0,0.005027322404371585,1046.0,7.0,81.0,0.0164150670170784,58.0,0.011387744612706814
7302,Northern Midlands,Tasmania,Rest of Tas.,3.0,0.0015739769150052466,1046.0,0.0,10.0,0.004732287023216486,7.0,0.0031583101082112396
7303,Westbury,Tasmania,Rest of Tas.,11.0,0.0033567287152883735,1211.0,3.0,61.0,0.01721796952188015,50.0,0.013861240806591776
7304,Deloraine,Tasmania,Rest of Tas.,31.0,0.004864271143888279,1093.0,3.0,55.0,0.008064432069659233,24.0,0.0032001609257709543
7305,Sheffield - Railton,Tasmania,Rest of Tas.,3.0,0.0024019215372297837,1209.0,0.0,3.0,0.0024019215372297837,0.0,0.0
7306,Deloraine,Tasmania,Rest of Tas.,20.0,0.004715868898844612,1093.0,4.0,115.0,0.02514674887061119,95.0,0.02043087997176658
7307,Port Sorell,Tasmania,Rest of Tas.,51.0,0.004584269662921348,1279.0,2.0,308.0,0.0257174763828516,257.0,0.021133206719930252
7310,Sheffield - Railton,Tasmania,Rest of Tas.,106.0,0.004104549854791868,1209.0,3.0,735.0,0.0264145340770483,629.0,0.022309984222256433
7315,Burnie - Ulverstone Surrounds,Tasmania,Rest of Tas.,57.0,0.0039966344131257886,1443.0,0.0,191.0,0.012417013756930828,134.0,0.008420379343805039
7316,Burnie - Ulverstone Surrounds,Tasmania,Rest of Tas.,40.0,0.006732873253661,1443.0,0.0,166.0,0.025868287310004234,126.0,0.019135414056343236
7320,Acton - Upper Burnie,Tasmania,Rest of Tas.,55.0,0.0038572129882880985,966.0,1.0,426.0,0.02774231508374214,371.0,0.023885102095454042
7321,Waratah,Tasmania,Rest of Tas.,22.0,0.004334121355397951,1329.0,3.0,123.0,0.02254352532327175,101.0,0.0182094039678738
7322,Somerset,Tasmania,Rest of Tas.,0.0,0.0,1100.0,0.0,29.0,0.00744780246168375,29.0,0.00744780246168375
7325,Waratah,Tasmania,Rest of Tas.,34.0,0.004095398699108649,1329.0,0.0,227.0,0.02536776475608349,193.0,0.02127236605697484
7330,North West,Tasmania,Rest of Tas.,7.0,0.0011503697617091207,1356.0,0.0,34.0,0.005193032789975405,27.0,0.004042663028266284
7331,North West,Tasmania,Rest of Tas.,0.0,0.0,1356.0,0.0,0.0,0.0006621268694289029,0.0,0.0006621268694289029
7466,West Coast (Tas.),Tasmania,Rest of Tas.,0.0,0.0,958.0,0.0,0.0,0.0016828688094392419,0.0,0.0016828688094392419
7467,West Coast (Tas.),Tasmania,Rest of Tas.,0.0,0.0,958.0,1.0,7.0,0.004195710178464651,7.0,0.004195710178464651
7468,West Coast (Tas.),Tasmania,Rest of Tas.,0.0,0.0,958.0,1.0,2.0,0.0023766017984598875,2.0,0.0023766017984598875
7469,Waratah,Tasmania,Rest of Tas.,0.0,0.0,1329.0,0.0,3.0,0.004225193057209253,3.0,0.004225193057209253
7470,West Coast (Tas.),Tasmania,Rest of Tas.,0.0,0.0,958.0,0.0,3.0,0.00469940947368741,3.0,0.00469940947368741
